송파방면,문정방면,송파방면,문정방면
평일,평일,주말,주말
05:37첫,05:26첫,05:37첫,05:26첫
가락시장암사,가락시장모란,가락시장암사,가락시장모란
5:48,5:44,5:49,5:44
모란암사,암사모란,모란암사,암사모란
5:58,5:54,5:59,5:54
모란암사,암사모란,모란암사,암사모란
6:08,6:04,6:09,6:04
모란암사,암사모란,모란암사,암사모란
6:18,6:14,6:18,6:14
모란암사,암사모란,모란암사,암사모란
6:28,6:24,6:27,6:24
모란암사,암사모란,모란암사,암사모란
6:37,6:34,6:36,6:34
모란암사,암사모란,모란암사,암사모란
6:46,6:44,6:45,6:44
모란암사,암사모란,모란암사,암사모란
6:53,6:54,6:54,6:53
모란암사,암사모란,모란암사,암사모란
7:00,7:03,7:03,7:02
모란암사,암사모란,모란암사,암사모란
7:06,7:12,7:12,7:11
모란암사,암사모란,모란암사,암사모란
7:12,7:21,7:21,7:20
모란암사,암사모란,모란암사,암사모란
7:18,7:28,7:30,7:29
모란암사,암사모란,모란암사,암사모란
7:23,7:35,7:39,7:38
모란암사,암사모란,모란암사,암사모란
7:28,7:41,7:48,7:47
모란암사,암사모란,모란암사,암사모란
7:33,7:47,7:57,7:56
모란암사,암사모란,모란암사,암사모란
7:38,7:53,8:06,8:05
모란암사,암사모란,모란암사,암사모란
7:43,7:59,8:15,8:14
모란암사,암사모란,모란암사,암사모란
7:48,-,8:24,8:23
모란암사,-,모란암사,암사모란
7:54,-,8:33,8:32
모란암사,-,모란암사,암사모란
7:59,-,8:42,8:41
모란암사,-,모란암사,암사모란
8:03,8:04,8:51,8:50
모란암사,암사모란,모란암사,암사모란
8:08,8:09,-,8:59
모란암사,암사모란,-,암사모란
8:12,8:14,9:00,9:08
모란암사,암사모란,모란암사,암사모란
8:17,8:19,9:09,9:17
모란암사,암사모란,모란암사,암사모란
8:21,8:24,9:18,9:26
모란암사,암사모란,모란암사,암사모란
8:26,8:29,9:27,9:35
모란암사,암사모란,모란암사,암사모란
8:31,8:34,9:36,9:44
모란암사,암사모란,모란암사,암사모란
8:37,8:38,9:45,9:53
모란암사,암사모란,모란암사,암사모란
8:43,8:43,9:54,-
모란암사,암사모란,모란암사,-
8:49,8:47,10:03,10:02
모란암사,암사모란,모란암사,암사모란
8:56,8:52,10:12,10:11
모란암사,암사모란,모란암사,암사모란
-,8:57,10:21,10:20
-,암사모란,모란암사,암사모란
9:04,9:02,10:30,10:29
모란암사,암사모란,모란암사,암사모란
9:11,9:08,10:39,10:38
모란암사,암사모란,모란암사,암사모란
9:19,9:14,10:48,10:47
모란암사,암사모란,모란암사,암사모란
9:27,9:20,10:57,10:56
모란암사,암사모란,모란암사,암사모란
9:35,9:26,11:06,11:05
모란암사,암사모란,모란암사,암사모란
9:43,9:32,11:15,11:14
모란암사,암사모란,모란암사,암사모란
9:51,9:39,11:24,11:23
모란암사,암사모란,모란암사,암사모란
9:59,9:46,11:33,11:32
모란암사,암사모란,모란암사,암사모란
-,9:54,11:42,11:41
-,암사모란,모란암사,암사모란
10:08,10:02,11:51,11:50
모란암사,암사모란,모란암사,암사모란
10:16,10:10,-,11:59
모란암사,암사모란,-,암사모란
10:25,10:18,12:00,12:08
모란암사,암사모란,모란암사,암사모란
10:33,10:26,12:09,12:17
모란암사,암사모란,모란암사,암사모란
10:42,10:35,12:18,12:26
모란암사,암사모란,모란암사,암사모란
10:50,10:43,12:27,12:35
모란암사,암사모란,모란암사,암사모란
10:59,10:52,12:36,12:44
모란암사,암사모란,모란암사,암사모란
11:07,11:00,12:45,12:53
모란암사,암사모란,모란암사,암사모란
11:16,11:09,12:54,-
모란암사,암사모란,모란암사,-
11:24,11:17,13:03,13:02
모란암사,암사모란,모란암사,암사모란
11:33,11:26,13:12,13:11
모란암사,암사모란,모란암사,암사모란
11:41,11:34,13:21,13:20
모란암사,암사모란,모란암사,암사모란
11:50,11:43,13:30,13:29
모란암사,암사모란,모란암사,암사모란
11:58,11:51,13:39,13:38
모란암사,암사모란,모란암사,암사모란
12:07,12:00,13:48,13:47
모란암사,암사모란,모란암사,암사모란
12:15,12:08,13:57,13:56
모란암사,암사모란,모란암사,암사모란
12:24,12:17,14:06,14:05
모란암사,암사모란,모란암사,암사모란
12:32,12:25,14:15,14:14
모란암사,암사모란,모란암사,암사모란
12:41,12:34,14:24,14:23
모란암사,암사모란,모란암사,암사모란
12:49,12:42,14:33,14:32
모란암사,암사모란,모란암사,암사모란
12:58,12:51,14:42,14:41
모란암사,암사모란,모란암사,암사모란
-,12:59,14:51,14:50
-,암사모란,모란암사,암사모란
13:06,13:08,-,14:59
모란암사,암사모란,-,암사모란
13:15,13:16,15:00,15:08
모란암사,암사모란,모란암사,암사모란
13:23,13:25,15:09,15:17
모란암사,암사모란,모란암사,암사모란
13:32,13:33,15:18,15:26
모란암사,암사모란,모란암사,암사모란
13:40,13:42,15:27,15:35
모란암사,암사모란,모란암사,암사모란
13:49,13:50,15:36,15:44
모란암사,암사모란,모란암사,암사모란
13:57,13:59,15:45,15:53
모란암사,암사모란,모란암사,암사모란
14:06,14:07,15:54,-
모란암사,암사모란,모란암사,-
14:14,14:16,16:03,16:02
모란암사,암사모란,모란암사,암사모란
14:23,14:24,16:12,16:11
모란암사,암사모란,모란암사,암사모란
14:31,14:33,16:21,16:20
모란암사,암사모란,모란암사,암사모란
14:40,14:41,16:30,16:29
모란암사,암사모란,모란암사,암사모란
14:48,14:50,16:39,16:38
모란암사,암사모란,모란암사,암사모란
14:57,14:58,16:48,16:47
모란암사,암사모란,모란암사,암사모란
15:05,15:07,16:57,16:56
모란암사,암사모란,모란암사,암사모란
15:14,15:15,17:06,17:05
모란암사,암사모란,모란암사,암사모란
15:22,15:24,17:15,17:14
모란암사,암사모란,모란암사,암사모란
15:31,15:32,17:24,17:23
모란암사,암사모란,모란암사,암사모란
15:39,15:41,17:33,17:32
모란암사,암사모란,모란암사,암사모란
15:48,15:49,17:42,17:41
모란암사,암사모란,모란암사,암사모란
15:56,15:58,17:51,17:50
모란암사,암사모란,모란암사,암사모란
16:05,16:06,-,17:59
모란암사,암사모란,-,암사모란
16:13,16:15,18:00,18:08
모란암사,암사모란,모란암사,암사모란
16:22,16:23,18:09,18:17
모란암사,암사모란,모란암사,암사모란
16:30,16:32,18:18,18:26
모란암사,암사모란,모란암사,암사모란
16:39,16:40,18:27,18:35
모란암사,암사모란,모란암사,암사모란
16:47,16:49,18:36,18:44
모란암사,암사모란,모란암사,암사모란
16:56,16:57,18:45,18:53
모란암사,암사모란,모란암사,암사모란
17:04,17:06,18:54,-
모란암사,암사모란,모란암사,-
17:12,17:14,19:03,19:02
모란암사,암사모란,모란암사,암사모란
17:21,17:23,19:12,19:11
모란암사,암사모란,모란암사,암사모란
17:29,17:31,19:21,19:20
모란암사,암사모란,모란암사,암사모란
17:36,17:40,19:30,19:29
모란암사,암사모란,모란암사,암사모란
17:43,17:48,19:39,19:38
모란암사,암사모란,모란암사,암사모란
17:49,17:57,19:48,19:47
모란암사,암사모란,모란암사,암사모란
17:54,-,19:57,19:56
모란암사,-,모란암사,암사모란
17:59,-,20:06,20:05
모란암사,-,모란암사,암사모란
18:04,18:04,20:15,20:14
모란암사,암사모란,모란암사,암사모란
18:09,18:11,20:24,20:23
모란암사,암사모란,모란암사,암사모란
18:15,18:18,20:33,20:32
모란암사,암사모란,모란암사,암사모란
18:21,18:24,20:42,20:41
모란암사,암사모란,모란암사,암사모란
18:27,18:29,20:51,20:50
모란암사,암사모란,모란암사,암사모란
18:33,18:34,-,20:59
모란암사,암사모란,-,암사모란
18:39,18:39,21:00,21:08
모란암사,암사모란,모란암사,암사모란
18:45,18:44,21:09,21:17
모란암사,암사모란,모란암사,암사모란
18:51,18:50,21:18,21:26
모란암사,암사모란,모란암사,암사모란
18:57,18:56,21:27,21:35
모란암사,암사모란,모란암사,암사모란
19:03,19:02,21:37,21:44
모란암사,암사모란,모란암사,암사모란
19:09,19:08,21:47,21:53
모란암사,암사모란,모란암사,암사모란
19:15,19:14,21:57,-
모란암사,암사모란,모란암사,-
19:22,19:20,22:07,22:02
모란암사,암사모란,모란암사,암사모란
19:29,19:26,22:17,22:12
모란암사,암사모란,모란암사,암사모란
19:36,19:32,22:28,22:22
모란암사,암사모란,모란암사,암사모란
19:43,19:38,22:39,22:32
모란암사,암사모란,모란암사,암사모란
19:50,19:44,22:50,22:42
모란암사,암사모란,모란암사,암사모란
19:57,19:50,-,22:52
모란암사,암사모란,-,암사모란
-,19:57,23:02,23:03
-,암사모란,모란암사,암사모란
20:04,20:04,23:14,23:14
모란암사,암사모란,모란암사,암사모란
20:11,20:11,23:26,23:25
모란암사,암사모란,모란암사,암사모란
20:18,20:18,23:38,23:37
모란암사,암사모란,모란암사,암사모란
20:26,20:25,23:51막,23:49막
모란암사,암사모란,모란암사,암사모란
20:34,20:32,00:02막,-
모란암사,암사모란,모란잠실,-
20:42,20:39,-,-
모란암사,암사모란,-,-
20:51,20:46,-,-
모란암사,암사모란,-,-
-,20:54,-,-
-,암사모란,-,-
21:00,21:02,-,-
모란암사,암사모란,-,-
21:09,21:10,-,-
모란암사,암사모란,-,-
21:18,21:19,-,-
모란암사,암사모란,-,-
21:27,21:28,-,-
모란암사,암사모란,-,-
21:36,21:37,-,-
모란암사,암사모란,-,-
21:45,21:46,-,-
모란암사,암사모란,-,-
21:54,21:55,-,-
모란암사,암사모란,-,-
22:03,22:04,-,-
모란암사,암사모란,-,-
22:13,22:14,-,-
모란암사,암사모란,-,-
22:23,22:24,-,-
모란암사,암사모란,-,-
22:33,22:34,-,-
모란암사,암사모란,-,-
22:43,22:44,-,-
모란암사,암사모란,-,-
22:55,22:54,-,-
모란암사,암사모란,-,-
23:11,23:04,-,-
모란암사,암사모란,-,-
23:26,23:14,-,-
모란암사,암사모란,-,-
23:41,23:24,-,-
모란암사,암사모란,-,-
23:56,23:39,-,-
모란암사,암사모란,-,-
-,23:54,-,-
-,암사모란,-,-
0:12,0:09,-,-
모란암사,암사모란,-,-
0:28,0:26,-,-
모란암사,암사모란,-,-
00:47막,00:44막,-,-
모란암사,암사모란,-,-
00:54막,-,-,-
모란잠실,-,-,-
