강동구청방면,잠실방면,강동구청방면,잠실방면
평일,평일,주말,주말
05:31첫,05:36첫,05:31첫,05:36첫
잠실암사,암사모란,잠실암사,암사모란
5:44,5:46,5:44,5:46
가락시장암사,암사모란,가락시장암사,암사모란
5:56,5:56,5:56,5:56
모란암사,암사모란,모란암사,암사모란
6:06,6:06,6:06,6:06
모란암사,암사모란,모란암사,암사모란
6:16,6:16,6:16,6:16
모란암사,암사모란,모란암사,암사모란
6:26,6:26,6:25,6:26
모란암사,암사모란,모란암사,암사모란
6:36,6:36,6:34,6:36
모란암사,암사모란,모란암사,암사모란
6:45,6:46,6:43,6:46
모란암사,암사모란,모란암사,암사모란
6:54,6:56,6:52,6:55
모란암사,암사모란,모란암사,암사모란
7:01,7:05,7:01,7:04
모란암사,암사모란,모란암사,암사모란
7:08,7:14,7:10,7:13
모란암사,암사모란,모란암사,암사모란
7:14,7:21,7:19,7:22
모란암사,암사모란,모란암사,암사모란
7:20,7:28,7:28,7:31
모란암사,암사모란,모란암사,암사모란
7:26,7:34,7:37,7:39
모란암사,암사모란,모란암사,암사모란
7:31,7:40,7:46,7:48
모란암사,암사모란,모란암사,암사모란
7:36,7:46,7:55,7:57
모란암사,암사모란,모란암사,암사모란
7:41,7:51,8:04,8:06
모란암사,암사모란,모란암사,암사모란
7:46,7:56,8:13,8:15
모란암사,암사모란,모란암사,암사모란
7:51,-,8:22,8:24
모란암사,-,모란암사,암사모란
7:56,-,8:31,8:33
모란암사,-,모란암사,암사모란
8:01,8:01,8:40,8:42
모란암사,암사모란,모란암사,암사모란
8:06,8:06,8:49,8:51
모란암사,암사모란,모란암사,암사모란
8:11,8:11,8:58,-
모란암사,암사모란,모란암사,-
8:15,8:16,9:07,9:00
모란암사,암사모란,모란암사,암사모란
8:20,8:21,9:16,9:09
모란암사,암사모란,모란암사,암사모란
8:24,8:26,9:25,9:18
모란암사,암사모란,모란암사,암사모란
8:29,8:30,9:34,9:27
모란암사,암사모란,모란암사,암사모란
8:34,8:35,9:43,9:36
모란암사,암사모란,모란암사,암사모란
8:39,8:39,9:52,9:45
모란암사,암사모란,모란암사,암사모란
8:45,8:44,-,9:54
모란암사,암사모란,-,암사모란
8:51,8:49,10:01,10:03
모란암사,암사모란,모란암사,암사모란
8:57,8:54,10:10,10:12
모란암사,암사모란,모란암사,암사모란
9:04,9:00,10:19,10:21
모란암사,암사모란,모란암사,암사모란
9:11,9:06,10:28,10:30
모란암사,암사모란,모란암사,암사모란
9:19,9:12,10:37,10:39
모란암사,암사모란,모란암사,암사모란
9:26,9:18,10:46,10:48
모란암사,암사모란,모란암사,암사모란
9:34,9:24,10:55,10:57
모란암사,암사모란,모란암사,암사모란
9:42,9:31,11:04,11:06
모란암사,암사모란,모란암사,암사모란
9:50,9:38,11:13,11:15
모란암사,암사모란,모란암사,암사모란
9:58,9:46,11:22,11:24
모란암사,암사모란,모란암사,암사모란
-,9:54,11:31,11:33
-,암사모란,모란암사,암사모란
10:07,10:02,11:40,11:42
모란암사,암사모란,모란암사,암사모란
10:15,10:10,11:49,11:51
모란암사,암사모란,모란암사,암사모란
10:24,10:19,11:58,-
모란암사,암사모란,모란암사,-
10:32,10:27,12:07,12:00
모란암사,암사모란,모란암사,암사모란
10:41,10:36,12:16,12:09
모란암사,암사모란,모란암사,암사모란
10:49,10:44,12:25,12:18
모란암사,암사모란,모란암사,암사모란
10:58,10:53,12:34,12:27
모란암사,암사모란,모란암사,암사모란
11:06,11:01,12:43,12:36
모란암사,암사모란,모란암사,암사모란
11:15,11:10,12:52,12:45
모란암사,암사모란,모란암사,암사모란
11:23,11:18,-,12:54
모란암사,암사모란,-,암사모란
11:32,11:27,13:01,13:03
모란암사,암사모란,모란암사,암사모란
11:40,11:35,13:10,13:12
모란암사,암사모란,모란암사,암사모란
11:49,11:44,13:19,13:21
모란암사,암사모란,모란암사,암사모란
11:57,11:52,13:28,13:30
모란암사,암사모란,모란암사,암사모란
12:06,12:01,13:37,13:39
모란암사,암사모란,모란암사,암사모란
12:14,12:09,13:46,13:48
모란암사,암사모란,모란암사,암사모란
12:23,12:18,13:55,13:57
모란암사,암사모란,모란암사,암사모란
12:31,12:26,14:04,14:06
모란암사,암사모란,모란암사,암사모란
12:40,12:35,14:13,14:15
모란암사,암사모란,모란암사,암사모란
12:48,12:43,14:22,14:24
모란암사,암사모란,모란암사,암사모란
12:57,12:52,14:31,14:33
모란암사,암사모란,모란암사,암사모란
13:05,13:00,14:40,14:42
모란암사,암사모란,모란암사,암사모란
13:14,13:09,14:49,14:51
모란암사,암사모란,모란암사,암사모란
13:22,13:17,14:58,-
모란암사,암사모란,모란암사,-
13:31,13:26,15:07,15:00
모란암사,암사모란,모란암사,암사모란
13:39,13:34,15:16,15:09
모란암사,암사모란,모란암사,암사모란
13:48,13:43,15:25,15:18
모란암사,암사모란,모란암사,암사모란
13:56,13:51,15:34,15:27
모란암사,암사모란,모란암사,암사모란
14:05,14:00,15:43,15:36
모란암사,암사모란,모란암사,암사모란
14:13,14:08,15:52,15:45
모란암사,암사모란,모란암사,암사모란
14:22,14:17,-,15:54
모란암사,암사모란,-,암사모란
14:30,14:25,16:01,16:03
모란암사,암사모란,모란암사,암사모란
14:39,14:34,16:10,16:12
모란암사,암사모란,모란암사,암사모란
14:47,14:42,16:19,16:21
모란암사,암사모란,모란암사,암사모란
14:56,14:51,16:28,16:30
모란암사,암사모란,모란암사,암사모란
-,14:59,16:37,16:39
-,암사모란,모란암사,암사모란
15:04,15:08,16:46,16:48
모란암사,암사모란,모란암사,암사모란
15:13,15:16,16:55,16:57
모란암사,암사모란,모란암사,암사모란
15:21,15:25,17:04,17:06
모란암사,암사모란,모란암사,암사모란
15:30,15:33,17:13,17:15
모란암사,암사모란,모란암사,암사모란
15:38,15:42,17:22,17:24
모란암사,암사모란,모란암사,암사모란
15:47,15:50,17:31,17:33
모란암사,암사모란,모란암사,암사모란
15:55,15:59,17:40,17:42
모란암사,암사모란,모란암사,암사모란
16:04,16:07,17:49,17:51
모란암사,암사모란,모란암사,암사모란
16:12,16:16,17:58,-
모란암사,암사모란,모란암사,-
16:21,16:24,18:07,18:00
모란암사,암사모란,모란암사,암사모란
16:29,16:33,18:16,18:09
모란암사,암사모란,모란암사,암사모란
16:38,16:41,18:25,18:18
모란암사,암사모란,모란암사,암사모란
16:46,16:50,18:34,18:27
모란암사,암사모란,모란암사,암사모란
16:55,16:58,18:43,18:36
모란암사,암사모란,모란암사,암사모란
17:03,17:07,18:52,18:45
모란암사,암사모란,모란암사,암사모란
17:12,17:15,-,18:54
모란암사,암사모란,-,암사모란
17:20,17:24,19:01,19:03
모란암사,암사모란,모란암사,암사모란
17:28,17:32,19:10,19:12
모란암사,암사모란,모란암사,암사모란
17:36,17:41,19:19,19:21
모란암사,암사모란,모란암사,암사모란
17:43,17:49,19:28,19:30
모란암사,암사모란,모란암사,암사모란
17:50,17:56,19:37,19:39
모란암사,암사모란,모란암사,암사모란
17:56,-,19:46,19:48
모란암사,-,모란암사,암사모란
18:01,18:03,19:55,19:57
모란암사,암사모란,모란암사,암사모란
18:06,18:10,20:04,20:06
모란암사,암사모란,모란암사,암사모란
18:11,18:16,20:13,20:15
모란암사,암사모란,모란암사,암사모란
18:16,18:21,20:22,20:24
모란암사,암사모란,모란암사,암사모란
18:22,18:26,20:31,20:33
모란암사,암사모란,모란암사,암사모란
18:28,18:31,20:40,20:42
모란암사,암사모란,모란암사,암사모란
18:34,18:36,20:49,20:51
모란암사,암사모란,모란암사,암사모란
18:40,18:42,20:58,-
모란암사,암사모란,모란암사,-
18:46,18:48,21:07,21:00
모란암사,암사모란,모란암사,암사모란
18:52,18:54,21:16,21:09
모란암사,암사모란,모란암사,암사모란
18:58,-,21:25,21:18
모란암사,-,모란암사,암사모란
19:04,19:00,21:34,21:27
모란암사,암사모란,모란암사,암사모란
19:10,19:06,21:44,21:36
모란암사,암사모란,모란암사,암사모란
19:16,19:12,21:54,21:45
모란암사,암사모란,모란암사,암사모란
19:22,19:18,-,21:54
모란암사,암사모란,-,암사모란
19:29,19:24,22:04,22:04
모란암사,암사모란,모란암사,암사모란
19:36,19:30,22:14,22:14
모란암사,암사모란,모란암사,암사모란
19:43,19:36,22:24,22:24
모란암사,암사모란,모란암사,암사모란
19:50,19:42,22:35,22:34
모란암사,암사모란,모란암사,암사모란
19:57,19:49,22:46,22:44
모란암사,암사모란,모란암사,암사모란
-,19:56,22:57,22:55
-,암사모란,모란암사,암사모란
20:04,20:03,23:09,23:06
모란암사,암사모란,모란암사,암사모란
20:11,20:10,23:21,23:17
모란암사,암사모란,모란암사,암사모란
20:18,20:17,23:33,23:29
모란암사,암사모란,모란암사,암사모란
20:26,20:24,23:46,23:41막
모란암사,암사모란,모란암사,암사모란
20:34,20:31,23:58막,23:56막
모란암사,암사모란,모란암사,암사가락시장
20:42,20:38,-,-
모란암사,암사모란,-,-
20:50,20:46,-,-
모란암사,암사모란,-,-
20:59,20:54,-,-
모란암사,암사모란,-,-
21:08,21:02,-,-
모란암사,암사모란,-,-
21:17,21:11,-,-
모란암사,암사모란,-,-
21:26,21:20,-,-
모란암사,암사모란,-,-
21:35,21:29,-,-
모란암사,암사모란,-,-
21:44,21:38,-,-
모란암사,암사모란,-,-
21:53,21:47,-,-
모란암사,암사모란,-,-
-,21:56,-,-
-,암사모란,-,-
22:02,22:06,-,-
모란암사,암사모란,-,-
22:11,22:16,-,-
모란암사,암사모란,-,-
22:21,22:26,-,-
모란암사,암사모란,-,-
22:31,22:36,-,-
모란암사,암사모란,-,-
22:41,22:46,-,-
모란암사,암사모란,-,-
22:51,22:56,-,-
모란암사,암사모란,-,-
23:03,23:06,-,-
모란암사,암사모란,-,-
23:18,23:16,-,-
모란암사,암사모란,-,-
23:33,23:31,-,-
모란암사,암사모란,-,-
23:48,23:46,-,-
모란암사,암사모란,-,-
0:03,0:01,-,-
모란암사,암사모란,-,-
0:19,0:19,-,-
모란암사,암사모란,-,-
0:35,00:36막,-,-
모란암사,암사모란,-,-
00:54막,00:54막,-,-
모란암사,암사가락시장,-,-
