석촌방면,가락시장방면,석촌방면,가락시장방면
평일,평일,주말,주말
05:38첫,05:42첫,05:38첫,05:42첫
가락시장암사,암사모란,가락시장암사,암사모란
5:50,5:52,5:50,5:52
모란암사,암사모란,모란암사,암사모란
6:00,6:02,6:00,6:02
모란암사,암사모란,모란암사,암사모란
6:10,6:12,6:10,6:12
모란암사,암사모란,모란암사,암사모란
6:20,6:22,6:19,6:22
모란암사,암사모란,모란암사,암사모란
6:30,6:32,6:28,6:32
모란암사,암사모란,모란암사,암사모란
6:39,6:42,6:37,6:42
모란암사,암사모란,모란암사,암사모란
6:48,6:52,6:46,6:51
모란암사,암사모란,모란암사,암사모란
6:55,-,6:55,-
모란암사,-,모란암사,-
7:02,7:02,7:04,7:00
모란암사,암사모란,모란암사,암사모란
7:08,7:11,7:13,7:09
모란암사,암사모란,모란암사,암사모란
7:14,7:20,7:22,7:18
모란암사,암사모란,모란암사,암사모란
7:20,7:27,7:31,7:27
모란암사,암사모란,모란암사,암사모란
7:25,7:34,7:40,7:36
모란암사,암사모란,모란암사,암사모란
7:30,7:40,7:49,7:45
모란암사,암사모란,모란암사,암사모란
7:35,7:46,7:58,7:54
모란암사,암사모란,모란암사,암사모란
7:40,7:52,8:07,8:03
모란암사,암사모란,모란암사,암사모란
7:45,7:57,8:16,8:12
모란암사,암사모란,모란암사,암사모란
7:50,-,8:25,8:21
모란암사,-,모란암사,암사모란
7:55,-,8:34,8:30
모란암사,-,모란암사,암사모란
8:00,8:02,8:43,8:39
모란암사,암사모란,모란암사,암사모란
8:05,8:07,8:52,8:48
모란암사,암사모란,모란암사,암사모란
8:09,8:12,-,8:57
모란암사,암사모란,-,암사모란
8:14,8:17,9:01,9:06
모란암사,암사모란,모란암사,암사모란
8:18,8:22,9:10,9:15
모란암사,암사모란,모란암사,암사모란
8:23,8:27,9:19,9:24
모란암사,암사모란,모란암사,암사모란
8:28,8:32,9:28,9:33
모란암사,암사모란,모란암사,암사모란
8:33,8:36,9:37,9:42
모란암사,암사모란,모란암사,암사모란
8:39,8:41,9:46,9:51
모란암사,암사모란,모란암사,암사모란
8:45,8:45,9:55,-
모란암사,암사모란,모란암사,-
8:51,8:50,10:04,10:00
모란암사,암사모란,모란암사,암사모란
8:58,8:55,10:13,10:09
모란암사,암사모란,모란암사,암사모란
9:05,9:00,10:22,10:18
모란암사,암사모란,모란암사,암사모란
9:13,9:06,10:31,10:27
모란암사,암사모란,모란암사,암사모란
9:20,9:12,10:40,10:36
모란암사,암사모란,모란암사,암사모란
9:28,9:18,10:49,10:45
모란암사,암사모란,모란암사,암사모란
9:36,9:24,10:58,10:54
모란암사,암사모란,모란암사,암사모란
9:44,9:30,11:07,11:03
모란암사,암사모란,모란암사,암사모란
9:52,9:37,11:16,11:12
모란암사,암사모란,모란암사,암사모란
-,9:44,11:25,11:21
-,암사모란,모란암사,암사모란
-,9:52,11:34,11:30
-,암사모란,모란암사,암사모란
10:01,10:00,11:43,11:39
모란암사,암사모란,모란암사,암사모란
10:09,10:08,11:52,11:48
모란암사,암사모란,모란암사,암사모란
10:18,10:16,-,11:57
모란암사,암사모란,-,암사모란
10:26,10:24,12:01,12:06
모란암사,암사모란,모란암사,암사모란
10:35,10:33,12:10,12:15
모란암사,암사모란,모란암사,암사모란
10:43,10:41,12:19,12:24
모란암사,암사모란,모란암사,암사모란
10:52,10:50,12:28,12:33
모란암사,암사모란,모란암사,암사모란
-,10:58,12:37,12:42
-,암사모란,모란암사,암사모란
11:00,11:07,12:46,12:51
모란암사,암사모란,모란암사,암사모란
11:09,11:15,12:55,-
모란암사,암사모란,모란암사,-
11:17,11:24,13:04,13:00
모란암사,암사모란,모란암사,암사모란
11:26,11:32,13:13,13:09
모란암사,암사모란,모란암사,암사모란
11:34,11:41,13:22,13:18
모란암사,암사모란,모란암사,암사모란
11:43,11:49,13:31,13:27
모란암사,암사모란,모란암사,암사모란
11:51,11:58,13:40,13:36
모란암사,암사모란,모란암사,암사모란
12:00,12:06,13:49,13:45
모란암사,암사모란,모란암사,암사모란
12:08,12:15,13:58,13:54
모란암사,암사모란,모란암사,암사모란
12:17,12:23,14:07,14:03
모란암사,암사모란,모란암사,암사모란
12:25,12:32,14:16,14:12
모란암사,암사모란,모란암사,암사모란
12:34,12:40,14:25,14:21
모란암사,암사모란,모란암사,암사모란
12:42,12:49,14:34,14:30
모란암사,암사모란,모란암사,암사모란
12:51,12:57,14:43,14:39
모란암사,암사모란,모란암사,암사모란
12:59,-,14:52,14:48
모란암사,-,모란암사,암사모란
13:08,13:06,-,14:57
모란암사,암사모란,-,암사모란
13:16,13:14,15:01,15:06
모란암사,암사모란,모란암사,암사모란
13:25,13:23,15:10,15:15
모란암사,암사모란,모란암사,암사모란
13:33,13:31,15:19,15:24
모란암사,암사모란,모란암사,암사모란
13:42,13:40,15:28,15:33
모란암사,암사모란,모란암사,암사모란
13:50,13:48,15:37,15:42
모란암사,암사모란,모란암사,암사모란
13:59,13:57,15:46,15:51
모란암사,암사모란,모란암사,암사모란
14:07,14:05,15:55,-
모란암사,암사모란,모란암사,-
14:16,14:14,16:04,16:00
모란암사,암사모란,모란암사,암사모란
14:24,14:22,16:13,16:09
모란암사,암사모란,모란암사,암사모란
14:33,14:31,16:22,16:18
모란암사,암사모란,모란암사,암사모란
14:41,14:39,16:31,16:27
모란암사,암사모란,모란암사,암사모란
14:50,14:48,16:40,16:36
모란암사,암사모란,모란암사,암사모란
14:58,14:56,16:49,16:45
모란암사,암사모란,모란암사,암사모란
15:07,15:05,16:58,16:54
모란암사,암사모란,모란암사,암사모란
15:15,15:13,17:07,17:03
모란암사,암사모란,모란암사,암사모란
15:24,15:22,17:16,17:12
모란암사,암사모란,모란암사,암사모란
15:32,15:30,17:25,17:21
모란암사,암사모란,모란암사,암사모란
15:41,15:39,17:34,17:30
모란암사,암사모란,모란암사,암사모란
15:49,15:47,17:43,17:39
모란암사,암사모란,모란암사,암사모란
15:58,15:56,17:52,17:48
모란암사,암사모란,모란암사,암사모란
16:06,16:04,-,17:57
모란암사,암사모란,-,암사모란
16:15,16:13,18:01,18:06
모란암사,암사모란,모란암사,암사모란
16:23,16:21,18:10,18:15
모란암사,암사모란,모란암사,암사모란
16:32,16:30,18:19,18:24
모란암사,암사모란,모란암사,암사모란
16:40,16:38,18:28,18:33
모란암사,암사모란,모란암사,암사모란
16:49,16:47,18:37,18:42
모란암사,암사모란,모란암사,암사모란
16:57,16:55,18:46,18:51
모란암사,암사모란,모란암사,암사모란
17:06,17:04,18:55,-
모란암사,암사모란,모란암사,-
17:14,17:12,19:04,19:00
모란암사,암사모란,모란암사,암사모란
17:22,17:21,19:13,19:09
모란암사,암사모란,모란암사,암사모란
17:30,17:29,19:22,19:18
모란암사,암사모란,모란암사,암사모란
17:37,17:38,19:31,19:27
모란암사,암사모란,모란암사,암사모란
17:44,17:46,19:40,19:36
모란암사,암사모란,모란암사,암사모란
17:50,17:55,19:49,19:45
모란암사,암사모란,모란암사,암사모란
17:55,-,19:58,19:54
모란암사,-,모란암사,암사모란
18:00,18:02,20:07,20:03
모란암사,암사모란,모란암사,암사모란
18:05,18:09,20:16,20:12
모란암사,암사모란,모란암사,암사모란
18:10,18:16,20:25,20:21
모란암사,암사모란,모란암사,암사모란
18:16,18:22,20:34,20:30
모란암사,암사모란,모란암사,암사모란
18:22,18:27,20:43,20:39
모란암사,암사모란,모란암사,암사모란
18:28,18:32,20:52,20:48
모란암사,암사모란,모란암사,암사모란
18:34,18:37,-,20:57
모란암사,암사모란,-,암사모란
18:40,18:42,21:01,21:06
모란암사,암사모란,모란암사,암사모란
18:46,18:48,21:10,21:15
모란암사,암사모란,모란암사,암사모란
18:52,18:54,21:19,21:24
모란암사,암사모란,모란암사,암사모란
18:58,-,21:28,21:33
모란암사,-,모란암사,암사모란
19:04,19:00,21:38,21:42
모란암사,암사모란,모란암사,암사모란
19:10,19:06,21:48,21:51
모란암사,암사모란,모란암사,암사모란
19:16,19:12,21:58,-
모란암사,암사모란,모란암사,-
19:23,19:18,22:08,22:00
모란암사,암사모란,모란암사,암사모란
19:30,19:24,22:18,22:10
모란암사,암사모란,모란암사,암사모란
19:37,19:30,22:29,22:20
모란암사,암사모란,모란암사,암사모란
19:44,19:36,22:40,22:30
모란암사,암사모란,모란암사,암사모란
19:51,19:42,22:51,22:40
모란암사,암사모란,모란암사,암사모란
19:58,19:48,-,22:50
모란암사,암사모란,-,암사모란
-,19:55,23:03,23:01
-,암사모란,모란암사,암사모란
20:05,20:02,23:15,23:12
모란암사,암사모란,모란암사,암사모란
20:12,20:09,23:27,23:23
모란암사,암사모란,모란암사,암사모란
20:20,20:16,23:40,23:35
모란암사,암사모란,모란암사,암사모란
20:28,20:23,23:52막,23:47막
모란암사,암사모란,모란암사,암사모란
20:36,20:30,00:03막,00:02막
모란암사,암사모란,모란잠실,암사가락시장
20:44,20:37,-,-
모란암사,암사모란,-,-
20:53,20:44,-,-
모란암사,암사모란,-,-
-,20:52,-,-
-,암사모란,-,-
21:02,21:00,-,-
모란암사,암사모란,-,-
21:11,21:08,-,-
모란암사,암사모란,-,-
21:20,21:17,-,-
모란암사,암사모란,-,-
21:29,21:26,-,-
모란암사,암사모란,-,-
21:38,21:35,-,-
모란암사,암사모란,-,-
21:47,21:44,-,-
모란암사,암사모란,-,-
21:56,21:53,-,-
모란암사,암사모란,-,-
22:05,22:02,-,-
모란암사,암사모란,-,-
22:15,22:12,-,-
모란암사,암사모란,-,-
22:25,22:22,-,-
모란암사,암사모란,-,-
22:35,22:32,-,-
모란암사,암사모란,-,-
22:45,22:42,-,-
모란암사,암사모란,-,-
22:57,22:52,-,-
모란암사,암사모란,-,-
23:12,23:02,-,-
모란암사,암사모란,-,-
23:27,23:12,-,-
모란암사,암사모란,-,-
23:42,23:22,-,-
모란암사,암사모란,-,-
23:57,23:37,-,-
모란암사,암사모란,-,-
-,23:52,-,-
-,암사모란,-,-
0:13,0:07,-,-
모란암사,암사모란,-,-
0:29,0:24,-,-
모란암사,암사모란,-,-
00:48막,00:42막,-,-
모란암사,암사모란,-,-
00:55막,-,-,-
모란잠실,-,-,-
-,01:00막,-,-
-,암사가락시장,-,-
