몽촌토성방면,석촌방면,몽촌토성방면,석촌방면
평일,평일,주말,주말
05:30첫,05:38첫,05:30첫,05:38첫
잠실암사,암사모란,잠실암사,암사모란
5:42,5:48,5:42,5:48
가락시장암사,암사모란,가락시장암사,암사모란
5:54,5:58,5:54,5:58
모란암사,암사모란,모란암사,암사모란
6:04,6:08,6:04,6:08
모란암사,암사모란,모란암사,암사모란
6:14,6:18,6:14,6:18
모란암사,암사모란,모란암사,암사모란
6:24,6:28,6:23,6:28
모란암사,암사모란,모란암사,암사모란
6:34,6:38,6:32,6:38
모란암사,암사모란,모란암사,암사모란
6:43,6:48,6:41,6:47
모란암사,암사모란,모란암사,암사모란
6:52,6:58,6:50,6:56
모란암사,암사모란,모란암사,암사모란
6:59,-,6:59,-
모란암사,-,모란암사,-
7:06,7:07,7:08,7:05
모란암사,암사모란,모란암사,암사모란
7:12,7:16,7:17,7:14
모란암사,암사모란,모란암사,암사모란
7:18,7:23,7:26,7:23
모란암사,암사모란,모란암사,암사모란
7:24,7:30,7:35,7:32
모란암사,암사모란,모란암사,암사모란
7:29,7:36,7:44,7:41
모란암사,암사모란,모란암사,암사모란
7:34,7:42,7:53,7:50
모란암사,암사모란,모란암사,암사모란
7:39,7:48,-,7:59
모란암사,암사모란,-,암사모란
7:44,7:53,8:02,8:08
모란암사,암사모란,모란암사,암사모란
7:49,7:58,8:11,8:17
모란암사,암사모란,모란암사,암사모란
7:54,-,8:20,8:26
모란암사,-,모란암사,암사모란
8:00,8:03,8:29,8:35
모란암사,암사모란,모란암사,암사모란
8:05,8:08,8:38,8:44
모란암사,암사모란,모란암사,암사모란
8:09,8:13,8:47,8:53
모란암사,암사모란,모란암사,암사모란
8:14,8:18,8:56,-
모란암사,암사모란,모란암사,-
8:18,8:23,9:05,9:02
모란암사,암사모란,모란암사,암사모란
8:23,8:28,9:14,9:11
모란암사,암사모란,모란암사,암사모란
8:27,8:32,9:23,9:20
모란암사,암사모란,모란암사,암사모란
8:32,8:37,9:32,9:29
모란암사,암사모란,모란암사,암사모란
8:37,8:41,9:41,9:38
모란암사,암사모란,모란암사,암사모란
8:43,8:46,9:50,9:47
모란암사,암사모란,모란암사,암사모란
8:49,8:51,9:59,9:56
모란암사,암사모란,모란암사,암사모란
8:55,8:56,10:08,10:05
모란암사,암사모란,모란암사,암사모란
9:02,9:02,10:17,10:14
모란암사,암사모란,모란암사,암사모란
9:10,9:08,10:26,10:23
모란암사,암사모란,모란암사,암사모란
9:17,9:14,10:35,10:32
모란암사,암사모란,모란암사,암사모란
9:25,9:20,10:44,10:41
모란암사,암사모란,모란암사,암사모란
9:32,9:26,10:53,10:50
모란암사,암사모란,모란암사,암사모란
9:40,9:33,-,10:59
모란암사,암사모란,-,암사모란
9:48,9:40,11:02,11:08
모란암사,암사모란,모란암사,암사모란
9:56,9:48,11:11,11:17
모란암사,암사모란,모란암사,암사모란
-,9:56,11:20,11:26
-,암사모란,모란암사,암사모란
10:05,10:04,11:29,11:35
모란암사,암사모란,모란암사,암사모란
10:13,10:12,11:38,11:44
모란암사,암사모란,모란암사,암사모란
10:22,10:20,11:47,11:53
모란암사,암사모란,모란암사,암사모란
10:30,10:29,11:56,-
모란암사,암사모란,모란암사,-
10:39,10:37,12:05,12:02
모란암사,암사모란,모란암사,암사모란
10:47,10:46,12:14,12:11
모란암사,암사모란,모란암사,암사모란
10:56,10:54,12:23,12:20
모란암사,암사모란,모란암사,암사모란
11:04,11:03,12:32,12:29
모란암사,암사모란,모란암사,암사모란
11:13,11:11,12:41,12:38
모란암사,암사모란,모란암사,암사모란
11:21,11:20,12:50,12:47
모란암사,암사모란,모란암사,암사모란
11:30,11:28,12:59,12:56
모란암사,암사모란,모란암사,암사모란
11:38,11:37,13:08,13:05
모란암사,암사모란,모란암사,암사모란
11:47,11:45,13:17,13:14
모란암사,암사모란,모란암사,암사모란
11:55,11:54,13:26,13:23
모란암사,암사모란,모란암사,암사모란
12:04,12:02,13:35,13:32
모란암사,암사모란,모란암사,암사모란
12:12,12:11,13:44,13:41
모란암사,암사모란,모란암사,암사모란
12:21,12:19,13:53,13:50
모란암사,암사모란,모란암사,암사모란
12:29,12:28,-,13:59
모란암사,암사모란,-,암사모란
12:38,12:36,14:02,14:08
모란암사,암사모란,모란암사,암사모란
12:46,12:45,14:11,14:17
모란암사,암사모란,모란암사,암사모란
12:55,12:53,14:20,14:26
모란암사,암사모란,모란암사,암사모란
13:03,13:02,14:29,14:35
모란암사,암사모란,모란암사,암사모란
13:12,13:10,14:38,14:44
모란암사,암사모란,모란암사,암사모란
13:20,13:19,14:47,14:53
모란암사,암사모란,모란암사,암사모란
13:29,13:27,14:56,-
모란암사,암사모란,모란암사,-
13:37,13:36,15:05,15:02
모란암사,암사모란,모란암사,암사모란
13:46,13:44,15:14,15:11
모란암사,암사모란,모란암사,암사모란
13:54,13:53,15:23,15:20
모란암사,암사모란,모란암사,암사모란
14:03,14:01,15:32,15:29
모란암사,암사모란,모란암사,암사모란
14:11,14:10,15:41,15:38
모란암사,암사모란,모란암사,암사모란
14:20,14:18,15:50,15:47
모란암사,암사모란,모란암사,암사모란
14:28,14:27,15:59,15:56
모란암사,암사모란,모란암사,암사모란
14:37,14:35,16:08,16:05
모란암사,암사모란,모란암사,암사모란
14:45,14:44,16:17,16:14
모란암사,암사모란,모란암사,암사모란
14:54,14:52,16:26,16:23
모란암사,암사모란,모란암사,암사모란
15:02,15:01,16:35,16:32
모란암사,암사모란,모란암사,암사모란
15:11,15:09,16:44,16:41
모란암사,암사모란,모란암사,암사모란
15:19,15:18,16:53,16:50
모란암사,암사모란,모란암사,암사모란
15:28,15:26,-,16:59
모란암사,암사모란,-,암사모란
15:36,15:35,17:02,17:08
모란암사,암사모란,모란암사,암사모란
15:45,15:43,17:11,17:17
모란암사,암사모란,모란암사,암사모란
15:53,15:52,17:20,17:26
모란암사,암사모란,모란암사,암사모란
16:02,16:00,17:29,17:35
모란암사,암사모란,모란암사,암사모란
16:10,16:09,17:38,17:44
모란암사,암사모란,모란암사,암사모란
16:19,16:17,17:47,17:53
모란암사,암사모란,모란암사,암사모란
16:27,16:26,17:56,-
모란암사,암사모란,모란암사,-
16:36,16:34,18:05,18:02
모란암사,암사모란,모란암사,암사모란
16:44,16:43,18:14,18:11
모란암사,암사모란,모란암사,암사모란
16:53,16:51,18:23,18:20
모란암사,암사모란,모란암사,암사모란
17:01,17:00,18:32,18:29
모란암사,암사모란,모란암사,암사모란
17:10,17:08,18:41,18:38
모란암사,암사모란,모란암사,암사모란
17:18,17:17,18:50,18:47
모란암사,암사모란,모란암사,암사모란
17:27,17:25,18:59,18:56
모란암사,암사모란,모란암사,암사모란
17:35,17:34,19:08,19:05
모란암사,암사모란,모란암사,암사모란
17:42,17:42,19:17,19:14
모란암사,암사모란,모란암사,암사모란
17:49,17:51,19:26,19:23
모란암사,암사모란,모란암사,암사모란
17:55,17:58,19:35,19:32
모란암사,암사모란,모란암사,암사모란
18:00,18:05,19:44,19:41
모란암사,암사모란,모란암사,암사모란
18:05,18:12,19:53,19:50
모란암사,암사모란,모란암사,암사모란
18:10,18:18,-,19:59
모란암사,암사모란,-,암사모란
18:15,18:23,20:02,20:08
모란암사,암사모란,모란암사,암사모란
18:21,18:28,20:11,20:17
모란암사,암사모란,모란암사,암사모란
18:27,18:33,20:20,20:26
모란암사,암사모란,모란암사,암사모란
18:33,18:38,20:29,20:35
모란암사,암사모란,모란암사,암사모란
18:39,18:44,20:38,20:44
모란암사,암사모란,모란암사,암사모란
18:45,18:50,20:47,20:53
모란암사,암사모란,모란암사,암사모란
18:51,18:56,20:56,-
모란암사,암사모란,모란암사,-
18:57,-,21:05,21:02
모란암사,-,모란암사,암사모란
19:03,19:02,21:14,21:11
모란암사,암사모란,모란암사,암사모란
19:09,19:08,21:23,21:20
모란암사,암사모란,모란암사,암사모란
19:15,19:14,21:32,21:29
모란암사,암사모란,모란암사,암사모란
19:21,19:20,21:42,21:38
모란암사,암사모란,모란암사,암사모란
19:28,19:26,21:52,21:47
모란암사,암사모란,모란암사,암사모란
19:35,19:32,-,21:56
모란암사,암사모란,-,암사모란
19:42,19:38,22:02,22:06
모란암사,암사모란,모란암사,암사모란
19:49,19:44,22:12,22:16
모란암사,암사모란,모란암사,암사모란
19:56,19:51,22:22,22:26
모란암사,암사모란,모란암사,암사모란
-,19:58,22:33,22:36
-,암사모란,모란암사,암사모란
20:03,20:05,22:44,22:46
모란암사,암사모란,모란암사,암사모란
20:10,20:12,22:55,22:57
모란암사,암사모란,모란암사,암사모란
20:17,20:19,23:07,23:08
모란암사,암사모란,모란암사,암사모란
20:24,20:26,23:19,23:19
모란암사,암사모란,모란암사,암사모란
20:32,20:33,23:31,23:31
모란암사,암사모란,모란암사,암사모란
20:40,20:40,23:44,23:43막
모란암사,암사모란,모란암사,암사모란
20:48,20:48,23:56막,23:58막
모란암사,암사모란,모란암사,암사가락시장
20:57,20:56,-,-
모란암사,암사모란,-,-
21:06,21:04,-,-
모란암사,암사모란,-,-
21:15,21:13,-,-
모란암사,암사모란,-,-
21:24,21:22,-,-
모란암사,암사모란,-,-
21:33,21:31,-,-
모란암사,암사모란,-,-
21:42,21:40,-,-
모란암사,암사모란,-,-
21:51,21:49,-,-
모란암사,암사모란,-,-
-,21:58,-,-
-,암사모란,-,-
22:00,22:08,-,-
모란암사,암사모란,-,-
22:09,22:18,-,-
모란암사,암사모란,-,-
22:19,22:28,-,-
모란암사,암사모란,-,-
22:29,22:38,-,-
모란암사,암사모란,-,-
22:39,22:48,-,-
모란암사,암사모란,-,-
22:49,22:58,-,-
모란암사,암사모란,-,-
23:01,23:08,-,-
모란암사,암사모란,-,-
23:16,23:18,-,-
모란암사,암사모란,-,-
23:31,23:33,-,-
모란암사,암사모란,-,-
23:46,23:48,-,-
모란암사,암사모란,-,-
0:01,0:03,-,-
모란암사,암사모란,-,-
0:17,0:20,-,-
모란암사,암사모란,-,-
0:33,00:38막,-,-
모란암사,암사모란,-,-
00:52막,00:56막,-,-
모란암사,암사가락시장,-,-
