암사방면,강동구청방면,암사방면,강동구청방면
평일,평일,주말,주말
05:36첫,05:32첫,05:36첫,05:32첫
잠실암사,암사모란,잠실암사,암사모란
5:49,5:42,5:49,5:42
가락시장암사,암사모란,가락시장암사,암사모란
-,5:52,-,5:52
-,암사모란,-,암사모란
6:01,6:02,6:01,6:02
모란암사,암사모란,모란암사,암사모란
6:11,6:12,6:11,6:12
모란암사,암사모란,모란암사,암사모란
6:21,6:22,6:21,6:22
모란암사,암사모란,모란암사,암사모란
6:31,6:32,6:30,6:32
모란암사,암사모란,모란암사,암사모란
6:41,6:42,6:39,6:41
모란암사,암사모란,모란암사,암사모란
6:50,6:51,6:48,6:50
모란암사,암사모란,모란암사,암사모란
6:59,-,6:57,6:59
모란암사,-,모란암사,암사모란
7:06,7:00,7:06,7:08
모란암사,암사모란,모란암사,암사모란
7:13,7:09,7:15,7:17
모란암사,암사모란,모란암사,암사모란
7:19,7:16,7:24,7:26
모란암사,암사모란,모란암사,암사모란
7:25,7:23,7:33,7:35
모란암사,암사모란,모란암사,암사모란
7:31,7:29,7:42,7:44
모란암사,암사모란,모란암사,암사모란
7:36,7:35,7:51,7:53
모란암사,암사모란,모란암사,암사모란
7:41,7:41,8:00,8:02
모란암사,암사모란,모란암사,암사모란
7:46,7:46,8:09,8:11
모란암사,암사모란,모란암사,암사모란
7:51,7:51,8:18,8:20
모란암사,암사모란,모란암사,암사모란
7:56,7:56,8:27,8:29
모란암사,암사모란,모란암사,암사모란
8:01,8:01,8:36,8:38
모란암사,암사모란,모란암사,암사모란
8:06,8:06,8:45,8:47
모란암사,암사모란,모란암사,암사모란
8:11,8:11,8:54,8:56
모란암사,암사모란,모란암사,암사모란
8:16,8:16,9:03,9:05
모란암사,암사모란,모란암사,암사모란
8:20,8:21,9:12,9:14
모란암사,암사모란,모란암사,암사모란
8:25,8:26,9:21,9:23
모란암사,암사모란,모란암사,암사모란
8:29,8:30,9:30,9:32
모란암사,암사모란,모란암사,암사모란
8:34,8:35,9:39,9:41
모란암사,암사모란,모란암사,암사모란
8:39,8:39,9:48,9:50
모란암사,암사모란,모란암사,암사모란
8:44,8:44,9:57,9:59
모란암사,암사모란,모란암사,암사모란
8:50,8:49,10:06,10:08
모란암사,암사모란,모란암사,암사모란
8:56,8:55,10:15,10:17
모란암사,암사모란,모란암사,암사모란
9:02,9:01,10:24,10:26
모란암사,암사모란,모란암사,암사모란
9:09,9:07,10:33,10:35
모란암사,암사모란,모란암사,암사모란
9:16,9:13,10:42,10:44
모란암사,암사모란,모란암사,암사모란
9:24,9:20,10:51,10:53
모란암사,암사모란,모란암사,암사모란
9:31,9:27,11:00,11:02
모란암사,암사모란,모란암사,암사모란
9:39,9:34,11:09,11:11
모란암사,암사모란,모란암사,암사모란
9:47,9:42,11:18,11:20
모란암사,암사모란,모란암사,암사모란
9:55,9:50,11:27,11:29
모란암사,암사모란,모란암사,암사모란
-,9:58,11:36,11:38
-,암사모란,모란암사,암사모란
10:03,10:06,11:45,11:47
모란암사,암사모란,모란암사,암사모란
10:11,10:14,11:54,11:56
모란암사,암사모란,모란암사,암사모란
10:20,10:23,12:03,12:05
모란암사,암사모란,모란암사,암사모란
10:28,10:31,12:12,12:14
모란암사,암사모란,모란암사,암사모란
10:37,10:40,12:21,12:23
모란암사,암사모란,모란암사,암사모란
10:45,10:48,12:30,12:32
모란암사,암사모란,모란암사,암사모란
10:54,10:57,12:39,12:41
모란암사,암사모란,모란암사,암사모란
11:02,11:05,12:48,12:50
모란암사,암사모란,모란암사,암사모란
11:11,11:14,12:57,12:59
모란암사,암사모란,모란암사,암사모란
11:19,11:22,13:06,13:08
모란암사,암사모란,모란암사,암사모란
11:28,11:31,13:15,13:17
모란암사,암사모란,모란암사,암사모란
11:36,11:39,13:24,13:26
모란암사,암사모란,모란암사,암사모란
11:45,11:48,13:33,13:35
모란암사,암사모란,모란암사,암사모란
11:53,11:56,13:42,13:44
모란암사,암사모란,모란암사,암사모란
12:02,12:05,13:51,13:53
모란암사,암사모란,모란암사,암사모란
12:10,12:13,14:00,14:02
모란암사,암사모란,모란암사,암사모란
12:19,12:22,14:09,14:11
모란암사,암사모란,모란암사,암사모란
12:27,12:30,14:18,14:20
모란암사,암사모란,모란암사,암사모란
12:36,12:39,14:27,14:29
모란암사,암사모란,모란암사,암사모란
12:44,12:47,14:36,14:38
모란암사,암사모란,모란암사,암사모란
12:53,12:56,14:45,14:47
모란암사,암사모란,모란암사,암사모란
13:01,13:04,14:54,14:56
모란암사,암사모란,모란암사,암사모란
13:10,13:13,15:03,15:05
모란암사,암사모란,모란암사,암사모란
13:18,13:21,15:12,15:14
모란암사,암사모란,모란암사,암사모란
13:27,13:30,15:21,15:23
모란암사,암사모란,모란암사,암사모란
13:35,13:38,15:30,15:32
모란암사,암사모란,모란암사,암사모란
13:44,13:47,15:39,15:41
모란암사,암사모란,모란암사,암사모란
13:52,13:55,15:48,15:50
모란암사,암사모란,모란암사,암사모란
14:01,14:04,15:57,15:59
모란암사,암사모란,모란암사,암사모란
14:09,14:12,16:06,16:08
모란암사,암사모란,모란암사,암사모란
14:18,14:21,16:15,16:17
모란암사,암사모란,모란암사,암사모란
14:26,14:29,16:24,16:26
모란암사,암사모란,모란암사,암사모란
14:35,14:38,16:33,16:35
모란암사,암사모란,모란암사,암사모란
14:43,14:46,16:42,16:44
모란암사,암사모란,모란암사,암사모란
14:52,14:55,16:51,16:53
모란암사,암사모란,모란암사,암사모란
15:00,15:03,17:00,17:02
모란암사,암사모란,모란암사,암사모란
15:09,15:12,17:09,17:11
모란암사,암사모란,모란암사,암사모란
15:17,15:20,17:18,17:20
모란암사,암사모란,모란암사,암사모란
15:26,15:29,17:27,17:29
모란암사,암사모란,모란암사,암사모란
15:34,15:37,17:36,17:38
모란암사,암사모란,모란암사,암사모란
15:43,15:46,17:45,17:47
모란암사,암사모란,모란암사,암사모란
15:51,15:54,17:54,17:56
모란암사,암사모란,모란암사,암사모란
16:00,16:03,18:03,18:05
모란암사,암사모란,모란암사,암사모란
16:08,16:11,18:12,18:14
모란암사,암사모란,모란암사,암사모란
16:17,16:20,18:21,18:23
모란암사,암사모란,모란암사,암사모란
16:25,16:28,18:30,18:32
모란암사,암사모란,모란암사,암사모란
16:34,16:37,18:39,18:41
모란암사,암사모란,모란암사,암사모란
16:42,16:45,18:48,18:50
모란암사,암사모란,모란암사,암사모란
16:51,16:54,18:57,18:59
모란암사,암사모란,모란암사,암사모란
16:59,-,19:06,19:08
모란암사,-,모란암사,암사모란
17:08,17:02,19:15,19:17
모란암사,암사모란,모란암사,암사모란
17:16,17:11,19:24,19:26
모란암사,암사모란,모란암사,암사모란
17:25,17:19,19:33,19:35
모란암사,암사모란,모란암사,암사모란
17:33,17:28,19:42,19:44
모란암사,암사모란,모란암사,암사모란
17:41,17:36,19:51,19:53
모란암사,암사모란,모란암사,암사모란
17:48,17:45,20:00,20:02
모란암사,암사모란,모란암사,암사모란
17:55,17:52,20:09,20:11
모란암사,암사모란,모란암사,암사모란
-,17:59,20:18,20:20
-,암사모란,모란암사,암사모란
18:01,18:06,20:27,20:29
모란암사,암사모란,모란암사,암사모란
18:06,18:12,20:36,20:38
모란암사,암사모란,모란암사,암사모란
18:11,18:17,20:45,20:47
모란암사,암사모란,모란암사,암사모란
18:16,18:22,20:54,20:56
모란암사,암사모란,모란암사,암사모란
18:21,18:27,21:03,21:05
모란암사,암사모란,모란암사,암사모란
18:27,18:32,21:12,21:14
모란암사,암사모란,모란암사,암사모란
18:33,18:38,21:21,21:23
모란암사,암사모란,모란암사,암사모란
18:39,18:44,21:30,21:32
모란암사,암사모란,모란암사,암사모란
18:45,18:50,21:39,21:41
모란암사,암사모란,모란암사,암사모란
18:51,18:56,21:49,21:50
모란암사,암사모란,모란암사,암사모란
18:57,-,21:59,-
모란암사,-,모란암사,-
19:03,19:02,22:09,22:00
모란암사,암사모란,모란암사,암사모란
19:09,19:08,22:19,22:10
모란암사,암사모란,모란암사,암사모란
19:15,19:14,22:29,22:20
모란암사,암사모란,모란암사,암사모란
19:21,19:20,22:40,22:30
모란암사,암사모란,모란암사,암사모란
19:27,19:26,22:51,22:40
모란암사,암사모란,모란암사,암사모란
19:34,19:32,-,22:51
모란암사,암사모란,-,암사모란
19:41,19:38,23:02,23:02
모란암사,암사모란,모란암사,암사모란
19:48,19:45,23:14,23:13
모란암사,암사모란,모란암사,암사모란
19:55,19:52,23:26,23:25
모란암사,암사모란,모란암사,암사모란
-,19:59,23:38,23:37막
-,암사모란,모란암사,암사모란
20:02,20:06,23:50,23:52막
모란암사,암사모란,모란암사,암사가락시장
20:09,20:13,00:03막,-
모란암사,암사모란,모란암사,-
20:16,20:20,-,-
모란암사,암사모란,-,-
20:23,20:27,-,-
모란암사,암사모란,-,-
20:31,20:34,-,-
모란암사,암사모란,-,-
20:39,20:42,-,-
모란암사,암사모란,-,-
20:47,20:50,-,-
모란암사,암사모란,-,-
20:55,20:58,-,-
모란암사,암사모란,-,-
21:04,21:07,-,-
모란암사,암사모란,-,-
21:13,21:16,-,-
모란암사,암사모란,-,-
21:22,21:25,-,-
모란암사,암사모란,-,-
21:31,21:34,-,-
모란암사,암사모란,-,-
21:40,21:43,-,-
모란암사,암사모란,-,-
21:49,21:52,-,-
모란암사,암사모란,-,-
21:58,-,-,-
모란암사,-,-,-
22:07,22:02,-,-
모란암사,암사모란,-,-
22:16,22:12,-,-
모란암사,암사모란,-,-
22:26,22:22,-,-
모란암사,암사모란,-,-
22:36,22:32,-,-
모란암사,암사모란,-,-
22:46,22:42,-,-
모란암사,암사모란,-,-
22:56,22:52,-,-
모란암사,암사모란,-,-
23:08,23:02,-,-
모란암사,암사모란,-,-
23:23,23:12,-,-
모란암사,암사모란,-,-
23:38,23:27,-,-
모란암사,암사모란,-,-
23:53,23:42,-,-
모란암사,암사모란,-,-
-,23:57,-,-
-,암사모란,-,-
0:08,0:14,-,-
모란암사,암사모란,-,-
0:24,00:32막,-,-
모란암사,암사모란,-,-
0:40,00:50막,-,-
모란암사,암사가락시장,-,-
00:59막,-,-,-
모란암사,-,-,-
