﻿수서방면,경찰병원방면,수서방면,경찰병원방면
평일,평일,주말,주말
05:34첫,-,05:31첫,-
오금대화,-,오금대화,-
5:41,-,5:44,-
오금대화,-,오금대화,-
5:52,-,5:56,-
오금대화,-,오금대화,-
6:04,06:00첫,6:08,06:00첫
오금대화,압구정오금,오금대화,압구정오금
6:13,6:18,6:21,6:18
오금대화,독립문오금,오금대화,독립문오금
6:28,6:31,6:33,6:31
오금대화,구파발오금,오금대화,구파발오금
6:38,6:39,6:39,6:39
오금대화,구파발오금,오금대화,구파발오금
6:48,6:49,6:45,6:47
오금대화,대화오금,오금구파발,구파발오금
6:56,6:57,6:51,6:54
오금대화,구파발오금,오금대화,구파발오금
7:04,7:04,6:57,-
오금대화,대화오금,오금구파발,-
7:09,7:10,7:03,7:03
오금구파발,구파발오금,오금대화,대화오금
7:13,7:17,7:09,7:09
오금대화,대화오금,오금구파발,구파발오금
7:21,7:23,7:15,7:18
오금대화,대화오금,오금대화,대화오금
7:26,7:29,7:21,7:24
오금대화,구파발오금,오금구파발,구파발오금
7:30,7:35,7:26,7:30
오금대화,대화오금,오금대화,대화오금
7:34,7:41,7:31,7:35
오금구파발,대화오금,오금대화,구파발오금
7:37,7:46,7:37,7:43
오금대화,구파발오금,오금대화,대화오금
7:45,7:52,7:43,7:48
오금대화,대화오금,오금구파발,구파발오금
7:49,7:58,7:49,7:54
오금구파발,구파발오금,오금대화,대화오금
7:52,-,7:55,7:59
오금대화,-,오금구파발,구파발오금
7:59,-,8:01,8:06
오금구파발,-,오금대화,대화오금
8:03,8:02,8:07,8:11
오금대화,대화오금,오금구파발,구파발오금
8:06,8:07,8:13,8:17
오금구파발,구파발오금,오금대화,대화오금
8:14,8:11,8:21,8:24
오금구파발,대화오금,오금구파발,구파발오금
8:18,8:15,8:27,8:30
오금대화,구파발오금,오금대화,대화오금
8:22,8:19,8:33,8:36
오금대화,대화오금,오금구파발,구파발오금
8:26,8:22,8:39,8:43
오금구파발,구파발오금,오금대화,대화오금
8:30,8:32,8:45,8:50
오금대화,구파발오금,오금구파발,대화오금
8:34,8:36,8:51,8:57
오금구파발,대화오금,오금대화,구파발오금
8:39,8:43,8:57,-
오금대화,구파발오금,오금구파발,-
8:46,8:47,9:09,9:04
오금구파발,대화오금,오금구파발,대화오금
8:51,8:51,9:15,9:10
오금대화,구파발오금,오금대화,구파발오금
8:56,8:59,9:21,9:17
오금대화,구파발오금,오금대화,대화오금
9:01,9:03,9:27,9:23
오금대화,대화오금,오금대화,구파발오금
9:06,9:06,9:33,9:29
오금구파발,구파발오금,오금구파발,대화오금
9:12,9:09,9:39,9:35
오금대화,대화오금,오금대화,대화오금
9:17,9:17,9:45,9:41
오금대화,대화오금,오금대화,구파발오금
9:20,9:25,9:51,9:47
오금구파발,대화오금,오금구파발,대화오금
9:24,9:29,9:57,9:53
오금대화,대화오금,오금대화,대화오금
9:31,9:32,-,9:59
오금대화,대화오금,-,대화오금
9:37,9:35,10:03,10:05
오금구파발,구파발오금,오금대화,대화오금
9:42,9:39,10:09,10:09
오금대화,대화오금,오금구파발,구파발오금
9:46,9:43,10:15,10:16
오금구파발,대화오금,오금대화,대화오금
9:51,9:47,10:21,10:22
오금구파발,구파발오금,오금구파발,구파발오금
9:56,9:51,10:27,10:29
오금대화,대화오금,오금대화,대화오금
-,9:59,10:33,10:34
-,대화오금,오금구파발,구파발오금
10:01,10:07,10:39,10:41
오금대화,대화오금,오금대화,대화오금
10:07,10:15,10:45,10:47
오금구파발,대화오금,오금대화,대화오금
10:13,10:19,10:51,10:52
오금대화,구파발오금,오금대화,구파발오금
10:19,10:25,10:57,10:59
오금구파발,대화오금,오금구파발,대화오금
10:25,10:35,11:03,11:05
오금대화,대화오금,오금대화,대화오금
10:31,10:40,11:09,11:10
오금대화,대화오금,오금구파발,구파발오금
10:38,10:46,11:15,11:17
오금대화,대화오금,오금대화,대화오금
10:45,10:51,11:21,11:22
오금구파발,대화오금,오금구파발,구파발오금
10:52,-,11:27,11:29
오금대화,-,오금대화,대화오금
10:59,-,11:33,11:35
오금구파발,-,오금구파발,대화오금
11:06,11:03,11:39,11:42
오금대화,대화오금,오금대화,대화오금
11:12,11:09,11:45,11:48
오금대화,대화오금,오금구파발,구파발오금
11:19,11:16,11:51,11:55
오금대화,대화오금,오금대화,대화오금
11:26,11:23,11:57,-
오금구파발,구파발오금,오금구파발,-
11:34,11:38,12:03,12:02
오금대화,대화오금,오금대화,구파발오금
11:41,11:47,12:09,12:09
오금대화,대화오금,오금구파발,대화오금
11:51,11:54,12:21,12:16
오금대화,대화오금,오금구파발,대화오금
12:01,12:00,12:27,12:23
오금대화,구파발오금,오금대화,대화오금
12:10,12:13,12:33,12:29
오금대화,대화오금,오금구파발,대화오금
12:19,12:18,12:39,12:35
오금대화,구파발오금,오금대화,구파발오금
12:27,12:25,12:45,12:41
오금대화,대화오금,오금구파발,대화오금
12:35,12:31,12:51,12:47
오금구파발,구파발오금,오금대화,구파발오금
12:43,12:38,12:57,12:53
오금대화,대화오금,오금구파발,대화오금
12:50,12:44,-,12:59
오금대화,대화오금,-,구파발오금
12:56,12:51,13:03,13:05
오금대화,대화오금,오금대화,대화오금
-,12:57,13:09,13:11
-,구파발오금,오금구파발,구파발오금
13:03,13:03,13:15,13:17
오금구파발,대화오금,오금대화,대화오금
13:09,13:10,13:21,13:23
오금대화,대화오금,오금구파발,구파발오금
13:16,13:17,13:27,13:29
오금대화,구파발오금,오금대화,대화오금
13:22,13:24,13:33,13:35
오금구파발,대화오금,오금구파발,구파발오금
13:29,13:31,13:39,13:41
오금대화,대화오금,오금대화,대화오금
13:35,13:38,13:45,13:46
오금구파발,구파발오금,오금구파발,구파발오금
13:42,13:45,13:51,13:52
오금대화,대화오금,오금대화,대화오금
13:48,13:52,13:57,13:57
오금대화,대화오금,오금구파발,구파발오금
13:56,-,14:02,14:02
오금대화,-,오금대화,대화오금
14:03,14:01,14:08,14:07
오금구파발,대화오금,오금구파발,대화오금
14:11,14:10,14:13,14:12
오금대화,대화오금,오금대화,구파발오금
14:20,14:20,14:18,14:18
오금대화,대화오금,오금대화,대화오금
14:29,14:29,14:23,14:23
오금대화,대화오금,오금구파발,구파발오금
14:38,14:37,14:28,14:29
오금대화,대화오금,오금대화,대화오금
14:47,14:45,14:34,14:35
오금대화,대화오금,오금구파발,구파발오금
14:55,14:53,14:39,14:41
오금대화,구파발오금,오금대화,대화오금
15:03,15:00,14:45,14:47
오금대화,대화오금,오금구파발,구파발오금
15:11,15:08,14:51,14:53
오금대화,대화오금,오금대화,대화오금
15:18,15:14,14:57,14:59
오금구파발,구파발오금,오금구파발,구파발오금
15:25,15:20,15:03,15:05
오금대화,대화오금,오금대화,대화오금
15:31,15:27,15:09,15:11
오금대화,대화오금,오금구파발,구파발오금
15:37,15:33,15:15,15:17
오금대화,구파발오금,오금대화,대화오금
15:43,15:39,15:21,15:23
오금구파발,대화오금,오금구파발,구파발오금
15:49,15:46,15:27,15:29
오금대화,대화오금,오금대화,대화오금
15:55,15:53,15:33,15:35
오금구파발,구파발오금,오금구파발,구파발오금
-,15:59,15:39,15:41
-,대화오금,오금대화,대화오금
16:01,16:13,15:45,15:47
오금대화,구파발오금,오금구파발,구파발오금
16:07,16:20,15:51,15:53
오금대화,대화오금,오금대화,대화오금
16:13,16:28,15:57,15:59
오금대화,대화오금,오금구파발,구파발오금
16:29,16:36,16:03,16:05
오금대화,대화오금,오금대화,대화오금
16:37,16:46,16:09,16:11
오금대화,대화오금,오금구파발,구파발오금
16:45,16:56,16:15,16:17
오금대화,대화오금,오금대화,대화오금
16:54,-,16:21,16:23
오금대화,-,오금구파발,구파발오금
17:01,17:05,16:27,16:29
오금구파발,대화오금,오금대화,대화오금
17:07,17:13,16:33,16:35
오금대화,대화오금,오금대화,구파발오금
17:13,17:21,16:39,16:41
오금구파발,대화오금,오금대화,대화오금
17:23,17:29,16:45,16:47
오금구파발,구파발오금,오금구파발,구파발오금
17:27,17:37,16:51,16:53
오금대화,대화오금,오금대화,대화오금
17:36,17:42,16:57,16:59
오금대화,구파발오금,오금구파발,구파발오금
17:46,17:48,17:03,17:05
오금대화,대화오금,오금대화,대화오금
17:51,17:53,17:09,17:11
오금대화,구파발오금,오금구파발,구파발오금
17:55,17:57,17:15,17:17
오금구파발,대화오금,오금대화,대화오금
18:00,18:02,17:21,17:23
오금대화,대화오금,오금대화,구파발오금
18:04,18:06,17:27,17:29
오금구파발,구파발오금,오금구파발,대화오금
18:09,18:10,17:34,17:35
오금대화,대화오금,오금대화,구파발오금
18:13,18:14,17:41,17:47
오금구파발,구파발오금,오금구파발,구파발오금
18:21,18:18,17:48,17:53
오금구파발,대화오금,오금대화,대화오금
18:25,18:22,17:55,17:59
오금대화,구파발오금,오금대화,구파발오금
18:29,18:26,18:02,18:05
오금구파발,대화오금,오금구파발,대화오금
18:34,18:30,18:09,18:11
오금대화,구파발오금,오금대화,구파발오금
18:39,18:36,18:15,18:17
오금구파발,대화오금,오금구파발,대화오금
18:44,18:43,18:21,18:23
오금대화,대화오금,오금대화,구파발오금
18:49,18:48,18:27,18:29
오금구파발,대화오금,오금구파발,대화오금
18:54,18:52,18:33,18:35
오금대화,구파발오금,오금대화,구파발오금
18:59,18:58,18:39,18:42
오금구파발,대화오금,오금구파발,대화오금
19:04,19:05,18:45,18:47
오금대화,대화오금,오금대화,구파발오금
19:09,19:10,18:51,18:54
오금대화,구파발오금,오금구파발,대화오금
19:15,19:14,18:57,-
오금대화,대화오금,오금대화,-
19:20,19:22,19:03,19:00
오금구파발,대화오금,오금대화,구파발오금
19:25,19:30,19:09,19:06
오금대화,대화오금,오금대화,대화오금
19:30,19:33,19:15,19:12
오금구파발,구파발오금,오금구파발,구파발오금
19:36,19:38,19:21,19:18
오금대화,대화오금,오금대화,대화오금
19:42,19:42,19:27,19:24
오금대화,구파발오금,오금구파발,대화오금
19:47,19:51,19:33,19:30
오금구파발,구파발오금,오금대화,대화오금
19:53,19:55,19:39,19:36
오금대화,대화오금,오금구파발,대화오금
19:58,-,19:46,19:41
오금구파발,-,오금대화,구파발오금
20:04,20:00,19:53,19:48
오금대화,대화오금,오금대화,대화오금
20:09,20:05,20:01,20:00
오금구파발,구파발오금,오금대화,대화오금
20:14,20:10,20:09,20:06
오금대화,대화오금,오금대화,구파발오금
20:19,20:15,20:17,20:12
오금구파발,구파발오금,오금대화,대화오금
20:24,20:25,20:24,20:17
오금대화,대화오금,오금대화,구파발오금
20:29,20:30,20:31,20:24
오금구파발,구파발오금,오금구파발,대화오금
20:35,20:35,20:37,20:29
오금대화,대화오금,오금대화,구파발오금
20:41,20:45,20:43,20:36
오금대화,대화오금,오금대화,대화오금
20:47,20:50,20:50,20:41
오금대화,구파발오금,오금대화,구파발오금
20:53,20:55,20:57,20:53
오금구파발,대화오금,오금구파발,구파발오금
20:58,-,21:04,21:05
오금대화,-,오금대화,구파발오금
21:04,21:00,21:11,21:12
오금대화,구파발오금,오금구파발,대화오금
21:09,21:04,21:18,21:18
오금구파발,대화오금,오금대화,대화오금
21:14,21:10,21:25,21:24
오금대화,대화오금,오금구파발,대화오금
21:20,21:15,21:32,21:29
오금구파발,구파발오금,오금대화,구파발오금
21:25,21:20,21:39,21:36
오금대화,대화오금,오금대화,대화오금
21:32,21:26,21:47,21:48
오금구파발,대화오금,오금구파발,대화오금
21:39,21:37,21:55,21:53
오금대화,대화오금,오금대화,구파발오금
21:46,21:42,22:03,22:00
오금대화,구파발오금,오금구파발,대화오금
21:52,21:54,22:10,22:05
오금구파발,대화오금,오금대화,대화오금
22:00,22:01,22:18,22:20
오금대화,구파발오금,오금구파발,대화오금
22:09,22:07,22:27막,22:28
오금대화,대화오금,오금대화,대화오금
22:18,22:13,22:36,22:36
오금구파발,구파발오금,오금구파발,대화오금
22:25,22:25,22:45,22:43
오금대화,대화오금,오금구파발,구파발오금
22:32,22:34,22:54,-
오금구파발,대화오금,오금구파발,-
22:41,22:44,23:03막,23:00
오금대화,대화오금,오금구파발,대화오금
22:49,22:51,23:15막,23:07
오금구파발,대화오금,오금독립문,구파발오금
-,22:58,23:30막,23:22
-,대화오금,오금압구정,구파발오금
23:00,23:06,-,23:37
오금구파발,대화오금,-,대화오금
23:08막,23:18,-,23:50
오금대화,대화오금,-,대화오금
23:17,23:35,-,23:58막
오금구파발,대화오금,-,대화오금
23:27,23:53,-,-
오금구파발,대화오금,-,-
23:39,-,-,-
오금구파발,-,-,-
23:56막,-,-,-
오금구파발,-,-,-
00:11막,0:02,-,-
오금독립문,대화오금,-,-
00:30막,0:13,-,-
오금압구정,대화오금,-,-
-,0:27,-,-
-,대화오금,-,-
-,00:45막,-,-
-,구파발오금,-,-
