﻿약수방면,옥수방면,약수방면,옥수방면
평일,평일,주말,주말
05:46첫,05:44첫,05:47첫,05:44첫
도곡대화,독립문오금,도곡대화,독립문오금
5:53,5:57,5:56,5:57
수서구파발,구파발오금,수서대화,구파발오금
6:01,6:05,6:05,6:05
수서대화,구파발오금,오금대화,구파발오금
6:08,6:15,6:11,6:13
오금대화,대화오금,수서구파발,구파발오금
6:15,6:23,6:18,6:20
오금대화,구파발오금,오금대화,구파발오금
6:20,6:30,6:23,6:29
수서구파발,대화오금,수서구파발,대화오금
6:26,6:36,6:30,6:35
오금대화,구파발오금,오금대화,구파발오금
6:34,6:43,6:36,6:44
수서구파발,대화오금,수서구파발,대화오금
6:38,6:49,6:42,6:50
오금대화,대화오금,오금대화,구파발오금
6:42,6:55,6:48,6:56
수서구파발,구파발오금,수서구파발,대화오금
6:47,-,6:55,-
오금대화,-,오금대화,-
6:52,-,7:00,7:01
수서구파발,-,수서구파발,구파발오금
6:57,-,7:07,7:09
수서대화,-,오금대화,대화오금
7:02,7:01,7:13,7:14
오금대화,대화오금,오금대화,구파발오금
7:07,7:07,7:19,7:20
수서구파발,대화오금,오금구파발,대화오금
7:12,7:12,7:25,7:25
오금대화,구파발오금,오금대화,구파발오금
7:17,7:18,7:31,7:32
수서대화,대화오금,오금구파발,대화오금
7:22,7:24,7:37,7:37
오금대화,구파발오금,오금대화,구파발오금
7:26,7:28,7:43,7:43
수서대화,대화오금,오금구파발,대화오금
7:30,7:33,7:49,7:50
오금대화,구파발오금,오금대화,구파발오금
7:34,7:37,7:55,7:56
수서구파발,대화오금,오금구파발,대화오금
7:38,7:41,8:00,8:02
오금대화,구파발오금,오금대화,구파발오금
7:43,7:45,8:05,8:09
오금구파발,대화오금,오금대화,대화오금
7:47,7:48,8:11,8:16
오금대화,구파발오금,오금대화,대화오금
7:51,7:54,8:17,8:23
수서구파발,대화수서,오금구파발,구파발오금
7:55,7:58,8:23,8:30
오금대화,구파발오금,오금대화,대화오금
8:00,8:02,8:29,8:36
오금대화,대화오금,오금구파발,구파발오금
8:04,8:05,8:35,8:43
오금대화,대화수서,오금대화,대화오금
8:08,8:09,8:41,8:49
오금구파발,구파발오금,오금구파발,구파발오금
8:11,8:13,8:47,8:55
오금대화,대화오금,오금대화,대화오금
8:15,8:17,8:55,-
수서구파발,구파발오금,오금구파발,-
8:19,8:20,9:01,9:01
오금대화,대화수서,오금대화,대화오금
8:23,8:25,9:07,9:07
오금구파발,구파발오금,오금구파발,구파발오금
8:26,8:29,9:13,9:13
오금대화,대화오금,오금대화,대화오금
8:30,8:32,9:19,9:19
수서구파발,구파발오금,오금구파발,대화오금
8:33,8:35,9:25,9:25
오금구파발,대화오금,오금대화,대화오금
8:37,8:39,9:31,9:31
오금대화,구파발수서,오금구파발,대화오금
8:40,8:43,9:37,9:35
오금구파발,대화오금,수서대화,구파발오금
8:44,8:47,9:43,9:42
수서대화,구파발수서,오금구파발,대화오금
8:48,8:51,9:49,9:48
오금구파발,대화오금,오금대화,구파발오금
8:52,8:55,9:55,9:55
오금대화,대화오금,오금대화,대화오금
8:56,8:58,10:01,10:00
오금대화,대화오금,오금대화,구파발오금
9:00,9:01,10:07,10:07
오금구파발,구파발오금,오금구파발,대화오금
9:04,9:05,10:13,10:13
오금대화,대화오금,오금대화,대화오금
9:08,9:09,10:19,10:18
오금구파발,대화오금,오금대화,구파발오금
9:13,9:13,10:25,10:25
오금대화,구파발오금,오금구파발,대화오금
9:20,9:17,10:31,10:31
오금구파발,대화오금,오금대화,대화오금
9:25,9:21,10:37,10:36
오금대화,구파발수서,오금대화,구파발오금
9:30,9:25,10:43,10:43
오금대화,대화오금,오금구파발,대화오금
9:35,9:29,10:49,10:48
오금대화,구파발수서,오금대화,구파발오금
9:40,9:33,10:55,10:55
오금구파발,대화오금,오금구파발,대화오금
9:46,9:36,11:01,11:01
오금대화,구파발수서,오금대화,대화오금
9:51,9:41,11:07,11:08
오금대화,대화오금,오금구파발,대화오금
9:54,9:45,11:13,11:14
오금구파발,구파발오금,오금대화,구파발오금
9:58,9:51,11:19,11:21
오금대화,대화오금,오금대화,대화오금
-,9:56,11:25,11:28
-,구파발수서,오금대화,구파발오금
10:05,10:01,11:31,11:35
오금대화,대화오금,오금구파발,대화오금
10:11,10:06,11:37,11:42
오금구파발,대화오금,오금대화,대화오금
10:16,10:12,11:43,11:49
오금대화,대화오금,오금구파발,대화오금
10:20,10:17,11:49,11:55
오금구파발,대화오금,오금대화,대화오금
10:25,10:23,11:55,-
오금구파발,구파발수서,오금구파발,-
10:30,10:29,12:01,12:01
오금대화,대화오금,오금대화,구파발오금
10:35,10:35,12:07,12:07
오금대화,대화오금,오금구파발,대화오금
10:41,10:42,12:13,12:13
오금구파발,대화오금,오금대화,구파발오금
10:47,10:49,12:19,12:19
오금대화,구파발오금,오금구파발,대화오금
10:53,10:56,12:25,12:25
오금구파발,대화수서,오금대화,구파발오금
10:59,-,12:31,12:31
오금대화,-,오금구파발,대화오금
11:05,11:04,12:37,12:37
오금대화,대화오금,오금대화,구파발오금
11:12,11:13,12:43,12:43
오금대화,대화오금,오금구파발,대화오금
11:19,11:20,12:49,12:49
오금구파발,대화오금,수서대화,구파발오금
11:26,11:26,12:55,12:55
오금대화,구파발오금,오금구파발,대화오금
11:33,11:32,13:01,13:01
오금구파발,대화수서,오금대화,구파발오금
11:40,11:39,13:07,13:07
오금대화,대화오금,오금구파발,대화오금
11:46,11:44,13:13,13:12
오금대화,구파발오금,오금대화,구파발오금
11:53,11:51,13:19,13:18
오금대화,대화오금,오금구파발,대화오금
-,11:57,13:25,13:23
-,구파발오금,오금대화,구파발오금
12:00,12:04,13:31,13:28
오금구파발,대화오금,오금구파발,대화오금
12:08,12:10,13:37,13:33
오금대화,대화오금,오금대화,대화오금
12:15,12:17,13:43,13:38
오금대화,대화오금,오금구파발,구파발오금
12:25,12:23,13:49,13:44
오금대화,구파발오금,오금대화,대화오금
12:35,12:29,13:55,13:49
오금대화,대화오금,오금구파발,구파발오금
12:44,12:36,-,13:55
오금대화,대화오금,-,대화오금
12:53,12:43,14:01,14:01
오금대화,구파발오금,오금대화,구파발오금
-,12:50,14:07,14:07
-,대화오금,오금구파발,대화오금
-,12:57,14:13,14:13
-,대화오금,오금대화,구파발오금
13:01,13:04,14:19,14:19
오금대화,구파발오금,오금구파발,대화오금
13:09,13:11,14:25,14:25
오금구파발,대화오금,오금대화,구파발오금
13:17,13:18,14:31,14:31
오금대화,대화오금,오금구파발,대화오금
13:24,13:27,14:36,14:37
오금대화,대화오금,오금대화,구파발오금
13:30,13:36,14:42,14:43
오금대화,대화오금,오금구파발,대화오금
13:37,13:46,14:47,14:49
오금구파발,대화오금,오금대화,구파발오금
13:43,13:55,14:52,14:55
오금대화,대화오금,오금대화,대화오금
13:50,-,14:57,-
오금대화,-,오금구파발,-
13:56,-,15:02,15:01
오금구파발,-,오금대화,구파발오금
14:03,14:03,15:08,15:07
오금대화,대화오금,오금구파발,대화오금
14:09,14:11,15:13,15:13
오금구파발,대화오금,오금대화,구파발오금
14:16,14:19,15:19,15:19
오금대화,구파발오금,오금구파발,대화오금
14:22,14:26,15:25,15:25
오금대화,대화오금,오금대화,구파발오금
14:30,14:34,15:31,15:31
오금대화,대화오금,오금구파발,대화오금
14:37,14:40,15:37,15:37
오금구파발,구파발오금,오금대화,구파발오금
14:45,14:46,15:43,15:43
오금대화,대화오금,오금구파발,대화오금
14:54,14:53,15:49,15:49
오금대화,대화오금,오금대화,구파발오금
-,14:59,15:55,15:55
-,구파발오금,오금구파발,대화오금
15:03,15:05,16:01,16:01
오금대화,대화오금,오금대화,구파발오금
15:12,15:12,16:07,16:07
오금대화,대화오금,오금구파발,대화오금
15:21,15:19,16:13,16:13
오금대화,구파발오금,오금대화,구파발오금
15:29,15:25,16:19,16:19
오금대화,대화오금,오금구파발,대화오금
15:37,15:33,16:25,16:25
오금대화,대화수서,오금대화,구파발오금
15:45,15:39,16:31,16:31
오금대화,구파발오금,오금구파발,대화오금
15:52,15:46,16:37,16:37
오금구파발,대화오금,오금대화,구파발오금
15:59,15:54,16:43,16:43
오금대화,대화오금,오금구파발,대화오금
16:05,16:02,16:49,16:49
오금대화,대화오금,오금대화,구파발오금
16:11,16:12,16:55,16:55
오금대화,대화오금,오금구파발,대화오금
16:17,16:22,17:01,17:01
오금구파발,대화오금,오금대화,구파발오금
16:23,16:31,17:07,17:07
오금대화,대화오금,오금대화,대화수서
16:29,16:39,17:13,17:13
오금구파발,대화오금,오금대화,구파발오금
16:35,16:47,17:19,17:19
오금대화,대화오금,오금구파발,대화오금
16:41,16:55,17:25,17:25
오금대화,구파발오금,오금대화,구파발오금
16:47,-,17:31,17:31
오금대화,-,오금구파발,대화오금
16:55,-,17:37,17:37
수서대화,-,오금대화,구파발오금
17:03,17:03,17:43,17:43
오금대화,대화오금,오금구파발,대화오금
17:11,17:08,17:49,17:49
오금대화,구파발오금,오금대화,구파발오금
17:19,17:14,17:55,17:55
오금대화,대화오금,오금대화,대화오금
17:23,17:19,18:01,18:01
수서구파발,구파발오금,오금구파발,구파발오금
17:28,17:23,18:08,18:08
오금대화,대화오금,오금대화,대화오금
17:35,17:28,18:15,18:13
오금구파발,대화오금,오금구파발,구파발오금
17:41,17:32,18:22,18:20
오금대화,구파발오금,오금대화,대화오금
17:47,17:36,18:29,18:26
오금구파발,대화오금,오금대화,구파발오금
17:52,17:40,18:36,18:32
수서대화,구파발오금,오금구파발,대화오금
17:57,17:44,18:43,18:38
오금구파발,대화오금,오금대화,구파발오금
-,17:48,18:49,18:44
-,구파발오금,오금구파발,대화오금
-,17:52,18:55,18:50
-,대화오금,오금대화,대화오금
-,17:56,-,18:56
-,구파발오금,-,대화오금
18:01,18:02,19:01,19:02
오금대화,대화오금,오금구파발,대화오금
18:06,18:09,19:07,19:07
수서구파발,대화오금,오금대화,구파발오금
18:10,18:14,19:13,19:14
오금대화,대화오금,오금구파발,대화오금
18:16,18:18,19:19,19:19
수서구파발,구파발오금,오금대화,구파발수서
18:20,18:24,19:25,19:26
오금대화,대화오금,오금구파발,대화오금
18:25,18:27,19:31,19:32
오금대화,구파발수서,오금대화,구파발오금
18:29,18:31,19:37,19:38
오금구파발,대화오금,오금대화,대화오금
18:34,18:36,19:43,19:43
오금대화,구파발오금,오금대화,구파발오금
18:38,18:40,19:49,19:50
오금구파발,대화오금,오금구파발,대화오금
18:43,18:44,19:55,19:55
오금대화,구파발수서,오금대화,구파발오금
18:47,18:48,20:01,20:02
오금구파발,대화오금,오금구파발,대화오금
18:51,18:52,20:07,20:07
수서대화,구파발수서,오금대화,구파발오금
18:55,18:56,20:13,20:14
오금구파발,대화오금,오금구파발,대화수서
18:59,18:59,20:20,20:19
오금대화,구파발오금,오금대화,구파발오금
19:03,19:04,20:27,20:26
오금구파발,대화오금,오금대화,대화수서
19:08,19:08,20:35,20:31
오금대화,구파발오금,오금대화,구파발오금
19:13,19:12,20:43,20:38
오금구파발,대화수서,오금대화,대화오금
19:18,19:17,20:51,20:44
오금대화,구파발오금,오금대화,대화오금
19:23,19:21,20:58,20:50
오금구파발,대화오금,오금대화,대화오금
19:28,19:26,-,20:55
오금대화,대화오금,-,구파발오금
19:33,19:31,21:05,21:02
오금구파발,구파발오금,오금구파발,대화오금
19:38,19:36,21:11,21:07
오금대화,대화오금,오금대화,구파발수서
19:43,19:41,21:17,21:14
오금대화,구파발오금,오금대화,대화오금
19:49,19:46,21:24,21:19
오금대화,대화수서,오금대화,구파발오금
19:54,19:51,21:31,21:26
오금구파발,대화오금,오금구파발,대화오금
19:59,19:56,21:38,21:31
오금대화,구파발오금,오금대화,대화오금
20:04,20:01,21:45,21:38
오금구파발,대화오금,오금구파발,대화수서
20:10,20:06,21:52,21:46
오금대화,구파발수서,오금대화,대화오금
20:16,20:11,21:59,21:54
오금대화,대화오금,오금구파발,대화오금
20:21,20:16,22:06,22:02
오금구파발,구파발오금,오금대화,대화오금
20:27,20:21,22:13,22:09
오금대화,대화오금,오금대화,구파발오금
20:32,20:26,22:21,22:18
오금구파발,구파발오금,오금구파발,대화수서
20:38,20:30,22:29,22:26
오금대화,대화오금,오금대화,대화오금
20:43,20:36,22:37,22:33
오금구파발,대화오금,오금구파발,구파발오금
20:48,20:41,22:44,22:41
오금대화,구파발오금,오금대화,대화수서
20:53,20:46,22:52,22:48
오금구파발,대화오금,오금구파발,구파발오금
20:58,20:52,-,22:56
오금대화,대화오금,-,대화수서
-,20:58,23:01막,23:03
-,구파발수서,오금대화,대화오금
21:03,21:03,23:10,23:10
오금구파발,대화오금,오금구파발,구파발수서
21:09,21:08,23:19,23:16
오금대화,구파발오금,오금구파발,대화오금
21:15,21:13,23:28,23:24막
오금대화,대화수서,오금구파발,대화오금
21:21,21:20,23:37막,23:33막
오금대화,대화오금,오금구파발,대화수서
21:27,21:27,23:49막,23:43막
오금구파발,구파발오금,오금독립문,대화도곡
21:32,21:33,-,-
오금대화,대화오금,-,-
21:38,21:39,-,-
오금대화,구파발오금,-,-
21:43,21:45,-,-
오금구파발,대화수서,-,-
21:48,21:51,-,-
오금대화,대화오금,-,-
21:54,-,-,-
오금구파발,-,-,-
21:59,-,-,-
오금대화,-,-,-
22:06,22:00,-,-
오금구파발,대화오금,-,-
22:13,22:10,-,-
오금대화,대화오금,-,-
22:20,22:17,-,-
오금대화,대화오금,-,-
22:26,22:24,-,-
오금구파발,대화오금,-,-
22:34,22:32,-,-
오금대화,대화오금,-,-
22:43,22:37,-,-
오금대화,구파발수서,-,-
22:52,22:44,-,-
오금구파발,대화오금,-,-
22:59,22:52,-,-
오금대화,대화수서,-,-
23:06,23:01,-,-
오금구파발,대화오금,-,-
23:15,23:09,-,-
오금대화,구파발수서,-,-
23:23,23:19,-,-
오금구파발,대화오금,-,-
23:34,23:28,-,-
오금구파발,대화오금,-,-
23:42막,23:39,-,-
오금대화,대화오금,-,-
23:51,23:53,-,-
오금구파발,대화오금,-,-
0:01,0:03,-,-
오금구파발,대화수서,-,-
0:13,00:11막,-,-
오금구파발,구파발오금,-,-
00:30막,0:21,-,-
오금구파발,대화수서,-,-
00:45막,00:29막,-,-
오금독립문,구파발수서,-,-
-,00:39막,-,-
-,대화도곡,-,-
