﻿금호방면,압구정방면,금호방면,압구정방면
평일,평일,주말,주말
05:44첫,05:46첫,05:45첫,05:46첫
도곡대화,독립문오금,도곡대화,독립문오금
5:52,5:59,5:55,5:59
수서구파발,구파발오금,수서대화,구파발오금
6:00,6:07,6:03,6:07
수서대화,구파발오금,오금대화,구파발오금
6:06,6:16,6:09,6:15
오금대화,대화오금,수서구파발,구파발오금
6:13,6:25,6:16,6:22
오금대화,구파발오금,오금대화,구파발오금
6:18,6:32,6:22,6:30
수서구파발,대화오금,수서구파발,대화오금
6:25,6:38,6:29,6:37
오금대화,구파발오금,오금대화,구파발오금
6:32,6:44,6:34,6:45
수서구파발,대화오금,수서구파발,대화오금
6:36,6:51,6:40,6:51
오금대화,대화오금,오금대화,구파발오금
6:41,6:57,6:46,6:57
수서구파발,구파발오금,수서구파발,대화오금
6:45,-,6:53,-
오금대화,-,오금대화,-
6:51,-,6:58,-
수서구파발,-,수서구파발,-
6:56,-,7:05,7:03
수서대화,-,오금대화,구파발오금
7:00,7:02,7:11,7:10
오금대화,대화오금,오금대화,대화오금
7:05,7:08,7:17,7:16
수서구파발,대화오금,오금구파발,구파발오금
7:10,7:14,7:23,7:21
오금대화,구파발오금,오금대화,대화오금
7:15,7:20,7:29,7:27
수서대화,대화오금,오금구파발,구파발오금
7:20,7:25,7:35,7:33
오금대화,구파발오금,오금대화,대화오금
7:24,7:30,7:41,7:39
수서대화,대화오금,오금구파발,구파발오금
7:28,7:34,7:47,7:44
오금대화,구파발오금,오금대화,대화오금
7:32,7:38,7:53,7:52
수서구파발,대화오금,오금구파발,구파발오금
7:36,7:42,7:58,7:57
오금대화,구파발오금,오금대화,대화오금
7:41,7:46,8:03,8:04
오금구파발,대화오금,오금대화,구파발오금
7:45,7:50,8:09,8:10
오금대화,구파발오금,오금대화,대화오금
7:49,7:56,8:15,8:17
수서구파발,대화수서,오금구파발,대화오금
7:53,-,8:21,8:25
오금대화,-,오금대화,구파발오금
7:58,-,8:27,8:31
오금대화,-,오금구파발,대화오금
8:02,8:00,8:33,8:38
오금대화,구파발오금,오금대화,구파발오금
8:06,8:03,8:39,8:44
오금구파발,대화오금,오금구파발,대화오금
8:10,8:07,8:45,8:51
오금대화,대화수서,오금대화,구파발오금
8:13,8:11,8:53,8:56
수서구파발,구파발오금,오금구파발,대화오금
8:17,8:15,8:59,-
오금대화,대화오금,오금대화,-
8:21,8:18,9:05,9:02
오금구파발,구파발오금,오금구파발,대화오금
8:25,8:22,9:11,9:09
오금대화,대화수서,오금대화,구파발오금
8:28,8:26,9:17,9:14
수서구파발,구파발오금,오금구파발,대화오금
8:32,8:30,9:23,9:20
오금구파발,대화오금,오금대화,대화오금
8:35,8:33,9:29,9:26
오금대화,구파발오금,오금구파발,대화오금
8:39,8:36,9:35,9:32
오금구파발,대화오금,수서대화,대화오금
8:42,8:40,9:41,9:37
수서대화,구파발수서,오금구파발,구파발오금
8:46,8:45,9:47,9:43
오금구파발,대화오금,오금대화,대화오금
8:50,8:48,9:53,9:50
오금대화,구파발수서,오금대화,구파발오금
8:54,8:53,9:59,9:56
오금대화,대화오금,오금대화,대화오금
8:58,8:56,10:05,10:02
오금구파발,대화오금,오금구파발,구파발오금
-,8:59,10:11,10:08
-,대화오금,오금대화,대화오금
9:02,9:02,10:17,10:14
오금대화,구파발오금,오금대화,대화오금
9:06,9:06,10:23,10:20
오금구파발,대화오금,오금구파발,구파발오금
9:12,9:10,10:29,10:26
오금대화,대화오금,오금대화,대화오금
9:18,9:14,10:35,10:32
오금구파발,구파발오금,오금대화,대화오금
9:23,9:18,10:41,10:38
오금대화,대화오금,오금구파발,구파발오금
9:28,9:22,10:47,10:44
오금대화,구파발수서,오금대화,대화오금
9:33,9:26,10:53,10:50
오금대화,대화오금,오금구파발,구파발오금
9:39,9:30,10:59,10:56
오금구파발,구파발수서,오금대화,대화오금
9:45,9:34,11:05,11:02
오금대화,대화오금,오금구파발,대화오금
9:49,9:38,11:11,11:09
오금대화,구파발수서,오금대화,대화오금
9:53,9:42,11:17,11:16
오금구파발,대화오금,오금대화,구파발오금
9:56,9:47,11:23,11:22
오금대화,구파발오금,오금대화,대화오금
-,9:52,11:29,11:30
-,대화오금,오금구파발,구파발오금
-,9:57,11:35,11:36
-,구파발수서,오금대화,대화오금
10:03,10:02,11:41,11:43
오금대화,대화오금,오금구파발,대화오금
10:09,10:07,11:47,11:50
오금구파발,대화오금,오금대화,대화오금
10:14,10:13,11:53,11:56
오금대화,대화오금,오금구파발,대화오금
10:18,10:19,11:59,-
오금구파발,대화오금,오금대화,-
10:23,10:25,12:05,12:03
오금구파발,구파발수서,오금구파발,구파발오금
10:28,10:30,12:11,12:08
오금대화,대화오금,오금대화,대화오금
10:34,10:36,12:17,12:15
오금대화,대화오금,오금구파발,구파발오금
10:39,10:43,12:23,12:20
오금구파발,대화오금,오금대화,대화오금
10:45,10:50,12:29,12:27
오금대화,구파발오금,오금구파발,구파발오금
10:51,10:57,12:35,12:32
오금구파발,대화수서,오금대화,대화오금
10:57,-,12:41,12:39
오금대화,-,오금구파발,구파발오금
11:04,11:05,12:47,12:44
오금대화,대화오금,수서대화,대화오금
11:10,11:14,12:53,12:51
오금대화,대화오금,오금구파발,구파발오금
11:17,11:21,12:59,12:56
오금구파발,대화오금,오금대화,대화오금
11:24,11:27,13:05,13:03
오금대화,구파발오금,오금구파발,구파발오금
11:31,11:33,13:11,13:08
오금구파발,대화수서,오금대화,대화오금
11:38,11:40,13:17,13:14
오금대화,대화오금,오금구파발,구파발오금
11:45,11:46,13:23,13:19
오금대화,구파발오금,오금대화,대화오금
11:51,11:52,13:29,13:25
오금대화,대화오금,오금구파발,구파발오금
11:59,11:59,13:35,13:29
오금구파발,구파발오금,오금대화,대화오금
12:06,12:05,13:41,13:34
오금대화,대화오금,오금구파발,대화오금
12:14,12:12,13:47,13:40
오금대화,대화오금,오금대화,구파발오금
12:23,12:19,13:53,13:45
오금대화,대화오금,오금구파발,대화오금
12:34,12:25,13:59,13:51
오금대화,구파발오금,오금대화,구파발오금
12:42,12:30,-,13:56
오금대화,대화오금,-,대화오금
12:52,12:37,14:05,14:03
오금대화,대화오금,오금구파발,구파발오금
12:59,12:44,14:11,14:08
오금대화,구파발오금,오금대화,대화오금
-,12:51,14:17,14:15
-,대화오금,오금구파발,구파발오금
-,12:58,14:23,14:20
-,대화오금,오금대화,대화오금
13:07,13:05,14:29,14:27
오금구파발,구파발오금,오금구파발,구파발오금
13:15,13:12,14:34,14:32
오금대화,대화오금,오금대화,대화오금
13:22,13:19,14:40,14:39
오금대화,대화오금,오금구파발,구파발오금
13:29,13:28,14:45,14:44
오금대화,대화오금,오금대화,대화오금
13:35,13:37,14:50,14:51
오금구파발,대화오금,오금대화,구파발오금
13:42,13:47,14:55,14:56
오금대화,대화오금,오금구파발,대화오금
13:48,13:56,15:00,15:03
오금대화,대화오금,오금대화,구파발오금
13:54,-,15:06,15:08
오금구파발,-,오금구파발,대화오금
14:01,14:04,15:11,15:15
오금대화,대화오금,오금대화,구파발오금
14:08,14:13,15:17,15:20
오금구파발,대화오금,오금구파발,대화오금
14:14,14:21,15:23,15:27
오금대화,구파발오금,오금대화,구파발오금
14:21,14:28,15:29,15:32
오금대화,대화오금,오금구파발,대화오금
14:28,14:35,15:35,15:39
오금대화,대화오금,오금대화,구파발오금
14:36,14:41,15:41,15:44
오금구파발,구파발오금,오금구파발,대화오금
14:43,14:47,15:47,15:51
오금대화,대화오금,오금대화,구파발오금
14:52,14:54,15:53,15:56
오금대화,대화오금,오금구파발,대화오금
15:01,15:00,15:59,-
오금대화,구파발오금,오금대화,-
15:10,15:07,16:05,16:03
오금대화,대화오금,오금구파발,구파발오금
15:19,15:14,16:11,16:08
오금대화,대화오금,오금대화,대화오금
15:28,15:21,16:17,16:15
오금대화,구파발오금,오금구파발,구파발오금
15:36,15:27,16:23,16:20
오금대화,대화오금,오금대화,대화오금
15:43,15:34,16:29,16:27
오금대화,대화수서,오금구파발,구파발오금
15:51,15:40,16:35,16:32
오금구파발,구파발오금,오금대화,대화오금
15:58,15:47,16:41,16:39
오금대화,대화오금,오금구파발,구파발오금
-,15:55,16:47,16:44
-,대화오금,오금대화,대화오금
16:03,16:04,16:53,16:51
오금대화,대화오금,오금구파발,구파발오금
16:09,16:14,16:59,16:56
오금대화,대화오금,오금대화,대화오금
16:15,16:23,17:05,17:03
오금구파발,대화오금,오금대화,구파발오금
16:21,16:32,17:11,17:08
오금대화,대화오금,오금대화,대화수서
16:27,16:41,17:17,17:15
오금구파발,대화오금,오금구파발,구파발오금
16:33,16:49,17:23,17:20
오금대화,대화오금,오금대화,대화오금
16:39,16:57,17:29,17:27
오금대화,구파발오금,오금구파발,구파발오금
16:45,-,17:35,17:32
오금대화,-,오금대화,대화오금
16:53,-,17:41,17:39
수서대화,-,오금구파발,구파발오금
17:01,17:04,17:47,17:44
오금대화,대화오금,오금대화,대화오금
17:09,17:10,17:53,17:51
오금대화,구파발오금,오금대화,구파발오금
17:17,17:15,17:59,17:56
오금대화,대화오금,오금구파발,대화오금
17:21,17:20,18:06,18:03
수서구파발,구파발오금,오금대화,구파발오금
17:26,17:25,18:13,18:09
오금대화,대화오금,오금구파발,대화오금
17:33,17:29,18:20,18:15
오금구파발,대화오금,오금대화,구파발오금
17:39,17:33,18:27,18:21
오금대화,구파발오금,오금대화,대화오금
17:45,17:37,18:34,18:28
오금구파발,대화오금,오금구파발,구파발오금
17:50,17:41,18:41,18:33
수서대화,구파발오금,오금대화,대화오금
17:55,17:45,18:47,18:40
오금구파발,대화오금,오금구파발,구파발오금
17:59,17:49,18:53,18:45
오금대화,구파발오금,오금대화,대화오금
-,17:54,18:59,18:52
-,대화오금,오금구파발,대화오금
-,17:57,-,18:57
-,구파발오금,-,대화오금
18:04,18:04,19:05,19:03
수서구파발,대화오금,오금대화,대화오금
18:09,18:10,19:11,19:09
오금대화,대화오금,오금구파발,구파발오금
18:14,18:15,19:17,19:15
수서구파발,대화오금,오금대화,대화오금
18:19,18:20,19:23,19:21
오금대화,구파발오금,오금구파발,구파발수서
18:23,18:25,19:29,19:27
오금대화,대화오금,오금대화,대화오금
18:28,18:29,19:36,19:33
오금구파발,구파발수서,오금대화,구파발오금
18:32,18:33,19:41,19:39
오금대화,대화오금,오금대화,대화오금
18:37,18:37,19:47,19:45
오금구파발,구파발오금,오금구파발,구파발오금
18:41,18:42,19:53,19:51
오금대화,대화오금,오금대화,대화오금
18:45,18:45,19:59,19:57
오금구파발,구파발수서,오금구파발,구파발오금
18:49,18:50,20:05,20:03
수서대화,대화오금,오금대화,대화오금
18:54,18:53,20:11,20:09
오금구파발,구파발수서,오금구파발,구파발오금
18:58,18:57,20:18,20:15
오금대화,대화오금,오금대화,대화수서
19:02,19:01,20:25,20:21
오금구파발,구파발오금,오금대화,구파발오금
19:06,19:05,20:33,20:27
오금대화,대화오금,오금대화,대화수서
19:11,19:09,20:41,20:33
오금구파발,구파발오금,오금대화,구파발오금
19:16,19:14,20:49,20:39
오금대화,대화수서,오금대화,대화오금
19:21,19:19,20:57,20:45
오금구파발,구파발오금,오금대화,대화오금
19:26,19:22,-,20:51
오금대화,대화오금,-,대화오금
19:31,19:27,-,20:57
오금구파발,대화오금,-,구파발오금
19:36,19:32,21:04,21:03
오금대화,구파발오금,오금구파발,대화오금
19:41,19:37,21:09,21:09
오금대화,대화오금,오금대화,구파발수서
19:47,19:42,21:15,21:15
오금대화,구파발오금,오금대화,대화오금
19:52,19:47,21:22,21:21
오금구파발,대화수서,오금대화,구파발오금
19:57,19:52,21:29,21:27
오금대화,대화오금,오금구파발,대화오금
-,19:57,21:36,21:33
-,구파발오금,오금대화,대화오금
20:02,20:03,21:43,21:39
오금구파발,대화오금,오금구파발,대화수서
20:08,20:07,21:50,21:47
오금대화,구파발수서,오금대화,대화오금
20:14,20:12,21:57,21:55
오금대화,대화오금,오금구파발,대화오금
20:19,20:17,22:04,22:03
오금구파발,구파발오금,오금대화,대화오금
20:25,20:22,22:12,22:11
오금대화,대화오금,오금대화,구파발오금
20:30,20:27,22:20,22:19
오금구파발,구파발오금,오금구파발,대화수서
20:36,20:32,22:27,22:27
오금대화,대화오금,오금대화,대화오금
20:41,20:38,22:35,22:35
오금구파발,대화오금,오금구파발,구파발오금
20:46,20:43,22:42,22:42
오금대화,구파발오금,오금대화,대화수서
20:51,20:48,22:51,22:50
오금구파발,대화오금,오금구파발,구파발오금
20:56,20:54,-,22:57
오금대화,대화오금,-,대화수서
-,20:59,23:00막,23:05
-,구파발수서,오금대화,대화오금
21:01,21:04,23:09,23:11
오금구파발,대화오금,오금구파발,구파발수서
21:07,21:09,23:18,23:18
오금대화,구파발오금,오금구파발,대화오금
21:13,21:14,23:27,23:25막
오금대화,대화수서,오금구파발,대화오금
21:19,21:21,23:36막,23:34막
오금대화,대화오금,오금구파발,대화수서
21:25,21:29,23:48막,23:44막
오금구파발,구파발오금,오금독립문,대화도곡
21:30,21:34,-,-
오금대화,대화오금,-,-
21:36,21:41,-,-
오금대화,구파발오금,-,-
21:41,21:46,-,-
오금구파발,대화수서,-,-
21:46,21:52,-,-
오금대화,대화오금,-,-
21:52,-,-,-
오금구파발,-,-,-
21:57,-,-,-
오금대화,-,-,-
22:04,22:01,-,-
오금구파발,대화오금,-,-
22:11,22:11,-,-
오금대화,대화오금,-,-
22:18,22:18,-,-
오금대화,대화오금,-,-
22:24,22:25,-,-
오금구파발,대화오금,-,-
22:32,22:33,-,-
오금대화,대화오금,-,-
22:41,22:39,-,-
오금대화,구파발수서,-,-
22:50,22:45,-,-
오금구파발,대화오금,-,-
22:57,22:54,-,-
오금대화,대화수서,-,-
23:04,23:03,-,-
오금구파발,대화오금,-,-
23:13,23:11,-,-
오금대화,구파발수서,-,-
23:21,23:20,-,-
오금구파발,대화오금,-,-
23:32,23:30,-,-
오금구파발,대화오금,-,-
23:40막,23:40,-,-
오금대화,대화오금,-,-
23:49,23:54,-,-
오금구파발,대화오금,-,-
23:59,-,-,-
오금구파발,-,-,-
0:11,0:04,-,-
오금구파발,대화수서,-,-
00:28막,00:13막,-,-
오금구파발,구파발오금,-,-
00:44막,0:22,-,-
오금독립문,대화수서,-,-
-,00:31막,-,-
-,구파발수서,-,-
-,00:40막,-,-
-,대화도곡,-,-
