﻿종로3가방면,충무로방면,종로3가방면,충무로방면
평일,평일,주말,주말
05:35첫,05:38첫,05:35첫,05:38첫
약수대화,독립문오금,약수대화,독립문오금
5:52,5:51,5:53,5:51
도곡대화,구파발오금,도곡대화,구파발오금
-,5:59,-,5:59
-,구파발오금,-,구파발오금
6:00,6:08,6:03,6:07
수서구파발,대화오금,수서대화,구파발오금
6:08,6:17,6:11,6:14
수서대화,구파발오금,오금대화,구파발오금
6:14,6:24,6:17,6:22
오금대화,대화오금,수서구파발,대화오금
6:21,6:30,6:24,6:29
오금대화,구파발오금,오금대화,구파발오금
6:26,6:36,6:30,6:37
수서구파발,대화오금,수서구파발,대화오금
6:33,6:43,6:37,6:43
오금대화,대화오금,오금대화,구파발오금
6:40,6:49,6:42,6:49
수서구파발,구파발오금,수서구파발,대화오금
6:44,6:54,6:48,6:55
오금대화,대화오금,오금대화,구파발오금
6:49,-,6:54,-
수서구파발,-,수서구파발,-
6:53,-,7:01,7:02
오금대화,-,오금대화,대화오금
6:59,-,7:06,7:08
수서구파발,-,수서구파발,구파발오금
7:04,7:00,7:13,7:13
수서대화,대화오금,오금대화,대화오금
7:08,7:06,7:19,7:19
오금대화,구파발오금,오금대화,구파발오금
7:13,7:12,7:25,7:25
수서구파발,대화오금,오금구파발,대화오금
7:18,7:17,7:31,7:31
오금대화,구파발오금,오금대화,구파발오금
7:23,7:22,7:37,7:36
수서대화,대화오금,오금구파발,대화오금
7:28,7:26,7:43,7:44
오금대화,구파발오금,오금대화,구파발오금
7:32,7:30,7:49,7:49
수서대화,대화오금,오금구파발,대화오금
7:36,7:34,7:55,7:56
오금대화,구파발오금,오금대화,구파발오금
7:40,7:38,8:01,8:02
수서구파발,대화오금,오금구파발,대화오금
7:44,7:42,8:06,8:09
오금대화,구파발오금,오금대화,대화오금
7:49,7:48,8:11,8:17
오금구파발,대화수서,오금대화,구파발오금
7:53,7:52,8:17,8:23
오금대화,구파발오금,오금대화,대화오금
7:57,7:55,8:23,8:30
수서구파발,대화오금,오금구파발,구파발오금
-,7:59,8:29,8:36
-,대화수서,오금대화,대화오금
8:01,8:03,8:35,8:43
오금대화,구파발오금,오금구파발,구파발오금
8:06,8:07,8:41,8:48
오금대화,대화오금,오금대화,대화오금
8:10,8:10,8:47,8:54
오금대화,구파발오금,오금구파발,대화오금
8:14,8:14,8:53,-
오금구파발,대화수서,오금대화,-
8:18,8:18,9:01,9:01
오금대화,구파발오금,오금구파발,구파발오금
8:21,8:22,9:07,9:06
수서구파발,대화오금,오금대화,대화오금
8:25,8:25,9:13,9:12
오금대화,구파발오금,오금구파발,대화오금
8:29,8:28,9:19,9:18
오금구파발,대화오금,오금대화,대화오금
8:33,8:32,9:25,9:24
오금대화,구파발수서,오금구파발,대화오금
8:36,8:37,9:31,9:29
수서구파발,대화오금,오금대화,구파발오금
8:40,8:40,9:37,9:35
오금구파발,구파발수서,오금구파발,대화오금
8:43,8:45,9:43,9:42
오금대화,대화오금,수서대화,구파발오금
8:47,8:48,9:49,9:48
오금구파발,대화오금,오금구파발,대화오금
8:50,8:51,9:55,9:54
수서대화,대화오금,오금대화,구파발오금
8:54,8:54,10:01,10:00
오금구파발,구파발오금,오금대화,대화오금
8:58,8:58,10:07,10:06
오금대화,대화오금,오금대화,대화오금
9:02,9:02,10:13,10:12
오금대화,대화오금,오금구파발,구파발오금
9:06,9:06,10:19,10:18
오금구파발,구파발오금,오금대화,대화오금
9:10,9:10,10:25,10:24
오금대화,대화오금,오금대화,대화오금
9:14,9:14,10:31,10:30
오금구파발,구파발수서,오금구파발,구파발오금
9:20,9:18,10:37,10:36
오금대화,대화오금,오금대화,대화오금
9:26,9:22,10:43,10:42
오금구파발,구파발수서,오금대화,구파발오금
9:31,9:26,10:49,10:48
오금대화,대화오금,오금구파발,대화오금
9:36,9:30,10:55,10:54
오금대화,구파발수서,오금대화,대화오금
9:41,9:34,11:01,11:01
오금대화,대화오금,오금구파발,대화오금
9:47,9:39,11:07,11:08
오금구파발,구파발오금,오금대화,구파발오금
9:53,9:44,11:13,11:14
오금대화,대화오금,오금구파발,대화오금
9:57,9:49,11:19,11:22
오금대화,구파발수서,오금대화,구파발오금
-,9:54,11:25,11:28
-,대화오금,오금대화,대화오금
-,9:59,11:31,11:35
-,대화오금,오금대화,대화오금
10:01,10:05,11:37,11:42
오금구파발,대화오금,오금구파발,대화오금
10:04,10:11,11:43,11:48
오금대화,대화오금,오금대화,대화오금
10:11,10:17,11:49,11:55
오금대화,구파발수서,오금구파발,구파발오금
10:17,10:22,11:55,-
오금구파발,대화오금,오금대화,-
10:22,10:28,12:01,12:00
오금대화,대화오금,오금구파발,대화오금
10:26,10:35,12:07,12:07
오금구파발,대화오금,오금대화,구파발오금
10:31,10:42,12:13,12:12
오금구파발,구파발오금,오금구파발,대화오금
10:36,10:49,12:19,12:19
오금대화,대화수서,오금대화,구파발오금
10:42,10:57,12:25,12:24
오금대화,대화오금,오금구파발,대화오금
10:47,-,12:31,12:31
오금구파발,-,오금대화,구파발오금
10:53,-,12:37,12:36
오금대화,-,오금구파발,대화오금
10:59,-,12:43,12:43
오금구파발,-,오금대화,구파발오금
11:05,11:06,12:49,12:48
오금대화,대화오금,오금구파발,대화오금
11:12,11:13,12:55,12:55
오금대화,대화오금,수서대화,구파발오금
11:18,11:19,13:01,13:00
오금대화,구파발오금,오금구파발,대화오금
11:25,11:25,13:07,13:06
오금구파발,대화수서,오금대화,구파발오금
11:32,11:32,13:13,13:11
오금대화,대화오금,오금구파발,대화오금
11:39,11:38,13:19,13:17
오금구파발,구파발오금,오금대화,구파발오금
11:46,11:44,13:25,13:21
오금대화,대화오금,오금구파발,대화오금
11:53,11:51,13:31,13:26
오금대화,구파발오금,오금대화,대화오금
11:59,11:57,13:37,13:32
오금대화,대화오금,오금구파발,구파발오금
12:07,12:04,13:43,13:37
오금구파발,대화오금,오금대화,대화오금
12:14,12:11,13:49,13:43
오금대화,대화오금,오금구파발,구파발오금
12:22,12:17,13:55,13:48
오금대화,구파발오금,오금대화,대화오금
12:31,12:22,-,13:55
오금대화,대화오금,-,구파발오금
12:42,12:29,14:01,14:00
오금대화,대화오금,오금구파발,대화오금
12:50,12:36,14:07,14:07
오금대화,구파발오금,오금대화,구파발오금
-,12:43,14:13,14:12
-,대화오금,오금구파발,대화오금
-,12:50,14:19,14:19
-,대화오금,오금대화,구파발오금
-,12:57,14:25,14:24
-,구파발오금,오금구파발,대화오금
13:00,13:04,14:31,14:31
오금대화,대화오금,오금대화,구파발오금
13:07,13:11,14:37,14:36
오금대화,대화오금,오금구파발,대화오금
13:15,13:20,14:42,14:43
오금구파발,대화오금,오금대화,구파발오금
13:23,13:29,14:48,14:48
오금대화,대화오금,오금구파발,대화오금
13:30,13:39,14:53,14:55
오금대화,대화오금,오금대화,구파발오금
13:37,13:48,14:58,-
오금대화,대화오금,오금대화,-
13:43,13:56,15:03,15:00
오금구파발,대화오금,오금구파발,대화오금
13:50,-,15:08,15:07
오금대화,-,오금대화,구파발오금
13:56,-,15:14,15:12
오금대화,-,오금구파발,대화오금
14:02,14:05,15:19,15:19
오금구파발,대화오금,오금대화,구파발오금
14:09,14:13,15:25,15:24
오금대화,구파발오금,오금구파발,대화오금
14:16,14:20,15:31,15:31
오금구파발,대화오금,오금대화,구파발오금
14:22,14:27,15:37,15:36
오금대화,대화오금,오금구파발,대화오금
14:29,14:33,15:43,15:43
오금대화,구파발오금,오금대화,구파발오금
14:36,14:39,15:49,15:48
오금대화,대화오금,오금구파발,대화오금
14:44,14:46,15:55,15:55
오금구파발,대화오금,오금대화,구파발오금
14:51,14:52,16:01,16:00
오금대화,구파발오금,오금구파발,대화오금
-,14:59,16:07,16:07
-,대화오금,오금대화,구파발오금
15:00,15:06,16:13,16:12
오금대화,대화오금,오금구파발,대화오금
15:09,15:13,16:19,16:19
오금대화,구파발오금,오금대화,구파발오금
15:18,15:19,16:25,16:24
오금대화,대화오금,오금구파발,대화오금
15:27,15:26,16:31,16:31
오금대화,대화수서,오금대화,구파발오금
15:36,15:32,16:37,16:36
오금대화,구파발오금,오금구파발,대화오금
15:44,15:39,16:43,16:43
오금대화,대화오금,오금대화,구파발오금
15:51,15:47,16:49,16:48
오금대화,대화오금,오금구파발,대화오금
15:59,15:56,16:55,16:55
오금구파발,대화오금,오금대화,구파발오금
16:06,16:06,17:01,17:00
오금대화,대화오금,오금구파발,대화수서
16:11,16:15,17:07,17:07
오금대화,대화오금,오금대화,구파발오금
16:17,16:24,17:13,17:12
오금대화,대화오금,오금대화,대화오금
16:23,16:33,17:19,17:19
오금구파발,대화오금,오금대화,구파발오금
16:29,16:41,17:25,17:24
오금대화,대화오금,오금구파발,대화오금
16:35,16:49,17:31,17:31
오금구파발,구파발오금,오금대화,구파발오금
16:41,16:56,17:37,17:36
오금대화,대화오금,오금구파발,대화오금
16:47,-,17:43,17:43
오금대화,-,오금대화,구파발오금
16:53,-,17:49,17:48
오금대화,-,오금구파발,대화오금
17:01,17:02,17:55,17:55
수서대화,구파발오금,오금대화,구파발오금
17:09,17:07,18:01,18:01
오금대화,대화오금,오금대화,대화오금
17:17,17:12,18:07,18:07
오금대화,구파발오금,오금구파발,구파발오금
17:25,17:17,18:14,18:13
오금대화,대화오금,오금대화,대화오금
17:29,17:21,18:21,18:20
수서구파발,대화오금,오금구파발,구파발오금
17:34,17:25,18:28,18:25
오금대화,구파발오금,오금대화,대화오금
17:41,17:29,18:35,18:32
오금구파발,대화오금,오금대화,구파발오금
17:47,17:33,18:42,18:37
오금대화,구파발오금,오금구파발,대화오금
17:53,17:37,18:49,18:44
오금구파발,대화오금,오금대화,대화오금
17:58,17:41,18:55,18:49
수서대화,구파발오금,오금구파발,대화오금
-,17:46,-,18:55
-,대화오금,-,대화오금
-,17:49,19:01,19:01
-,구파발오금,오금대화,구파발오금
-,17:56,19:07,19:07
-,대화오금,오금구파발,대화오금
18:03,18:02,19:13,19:13
오금구파발,대화오금,오금대화,구파발수서
18:07,18:07,19:19,19:19
오금대화,대화오금,오금구파발,대화오금
18:12,18:12,19:25,19:25
수서구파발,구파발오금,오금대화,구파발오금
18:17,18:17,19:31,19:31
오금대화,대화오금,오금구파발,대화오금
18:22,18:21,19:37,19:37
수서구파발,구파발수서,오금대화,구파발오금
18:27,18:25,19:44,19:43
오금대화,대화오금,오금대화,대화오금
18:31,18:29,19:49,19:49
오금대화,구파발오금,오금대화,구파발오금
18:36,18:34,19:55,19:55
오금구파발,대화오금,오금구파발,대화오금
18:40,18:37,20:01,20:01
오금대화,구파발수서,오금대화,구파발오금
18:45,18:42,20:07,20:07
오금구파발,대화오금,오금구파발,대화수서
18:49,18:45,20:13,20:13
오금대화,구파발수서,오금대화,구파발오금
18:53,18:49,20:19,20:19
오금구파발,대화오금,오금구파발,대화수서
18:57,18:53,20:26,20:25
수서대화,구파발오금,오금대화,구파발오금
-,18:57,20:33,20:31
-,대화오금,오금대화,대화오금
19:02,19:01,20:41,20:37
오금구파발,구파발오금,오금대화,대화오금
19:06,19:06,20:49,20:43
오금대화,대화수서,오금대화,대화오금
19:10,19:11,20:57,20:49
오금구파발,구파발오금,오금대화,구파발오금
19:14,19:14,-,20:55
오금대화,대화오금,-,대화오금
19:19,19:19,21:05,21:01
오금구파발,대화오금,오금대화,구파발수서
19:24,19:24,21:12,21:07
오금대화,구파발오금,오금구파발,대화오금
19:29,19:29,21:17,21:13
오금구파발,대화오금,오금대화,구파발오금
19:34,19:34,21:23,21:19
오금대화,구파발오금,오금대화,대화오금
19:39,19:39,21:30,21:25
오금구파발,대화수서,오금대화,대화오금
19:44,19:44,21:37,21:31
오금대화,대화오금,오금구파발,대화수서
19:49,19:49,21:44,21:39
오금대화,구파발오금,오금대화,대화오금
19:55,19:55,21:51,21:47
오금대화,대화오금,오금구파발,대화오금
-,19:59,21:58,21:55
-,구파발수서,오금대화,대화오금
20:00,20:04,22:05,22:03
오금구파발,대화오금,오금구파발,구파발오금
20:05,20:09,22:12,22:11
오금대화,구파발오금,오금대화,대화수서
20:10,20:14,22:20,22:19
오금구파발,대화오금,오금대화,대화오금
20:16,20:19,22:28,22:27
오금대화,구파발오금,오금구파발,구파발오금
20:22,20:24,22:35,22:34
오금대화,대화오금,오금대화,대화수서
20:27,20:30,22:43,22:42
오금구파발,대화오금,오금구파발,구파발오금
20:33,20:35,22:50,22:49
오금대화,구파발오금,오금대화,대화수서
20:38,20:40,22:59,22:57
오금구파발,대화오금,오금구파발,대화오금
20:44,20:46,23:08막,23:03
오금대화,대화오금,오금대화,구파발수서
20:49,20:51,23:17,23:10
오금구파발,구파발수서,오금구파발,대화오금
20:54,20:56,23:26,23:17막
오금대화,대화오금,오금구파발,대화오금
20:59,-,23:35,23:26막
오금구파발,-,오금구파발,대화수서
21:04,21:01,23:44막,23:36막
오금대화,구파발오금,오금구파발,대화도곡
21:09,21:06,23:56막,23:55막
오금구파발,대화수서,오금독립문,대화약수
21:15,21:13,-,-
오금대화,대화오금,-,-
21:21,21:21,-,-
오금대화,구파발오금,-,-
21:27,21:26,-,-
오금대화,대화오금,-,-
21:33,21:33,-,-
오금구파발,구파발오금,-,-
21:38,21:38,-,-
오금대화,대화수서,-,-
21:44,21:44,-,-
오금대화,대화오금,-,-
21:49,21:53,-,-
오금구파발,대화오금,-,-
21:54,-,-,-
오금대화,-,-,-
22:00,22:03,-,-
오금구파발,대화오금,-,-
22:05,22:10,-,-
오금대화,대화오금,-,-
22:12,22:17,-,-
오금구파발,대화오금,-,-
22:19,22:25,-,-
오금대화,대화오금,-,-
22:26,22:31,-,-
오금대화,구파발수서,-,-
22:32,22:37,-,-
오금구파발,대화오금,-,-
22:40,22:46,-,-
오금대화,대화수서,-,-
22:49,22:55,-,-
오금대화,대화오금,-,-
22:58,-,-,-
오금구파발,-,-,-
23:05,23:03,-,-
오금대화,구파발수서,-,-
23:12,23:12,-,-
오금구파발,대화오금,-,-
23:21,23:22,-,-
오금대화,대화오금,-,-
23:29,23:32,-,-
오금구파발,대화오금,-,-
23:40,23:46,-,-
오금구파발,대화오금,-,-
23:48막,23:56,-,-
오금대화,대화수서,-,-
23:57,-,-,-
오금구파발,-,-,-
0:07,00:05막,-,-
오금구파발,구파발오금,-,-
0:19,0:14,-,-
오금구파발,대화수서,-,-
00:36막,00:23막,-,-
오금구파발,구파발수서,-,-
00:52막,00:32막,-,-
오금독립문,대화도곡,-,-
-,00:55막,-,-
-,대화약수,-,-
