﻿신사방면,고속터미널방면,신사방면,고속터미널방면
평일,평일,주말,주말
05:37첫,05:34첫,05:38첫,05:34첫
도곡대화,압구정오금,도곡대화,압구정오금
5:45,5:53,5:48,5:53
수서구파발,독립문오금,수서대화,독립문오금
5:53,-,5:56,-
수서대화,-,오금대화,-
5:59,-,6:02,6:06
오금대화,-,수서구파발,구파발오금
6:06,6:06,6:09,6:14
오금대화,구파발오금,오금대화,구파발오금
6:11,6:14,6:15,6:22
수서구파발,구파발오금,수서구파발,구파발오금
6:18,6:23,6:22,6:29
오금대화,대화오금,오금대화,구파발오금
6:25,6:32,6:27,6:37
수서구파발,구파발오금,수서구파발,대화오금
6:29,6:39,6:33,6:44
오금대화,대화오금,오금대화,구파발오금
6:34,6:45,6:39,6:52
수서구파발,구파발오금,수서구파발,대화오금
6:38,6:51,6:46,6:58
오금대화,대화오금,오금대화,구파발오금
6:44,6:58,6:51,-
수서구파발,대화오금,수서구파발,-
6:49,-,6:58,-
수서대화,-,오금대화,-
6:53,-,7:04,7:04
오금대화,-,오금대화,대화오금
6:58,-,7:10,7:10
수서구파발,-,오금구파발,구파발오금
7:03,7:04,7:16,7:17
오금대화,구파발오금,오금대화,대화오금
7:08,7:09,7:22,7:23
수서대화,대화오금,오금구파발,구파발오금
7:13,7:15,7:28,7:28
오금대화,대화오금,오금대화,대화오금
7:17,7:21,7:34,7:34
수서대화,구파발오금,오금구파발,구파발오금
7:21,7:27,7:40,7:40
오금대화,대화오금,오금대화,대화오금
7:25,7:32,7:46,7:46
수서구파발,구파발오금,오금구파발,구파발오금
7:29,7:37,7:51,7:51
오금대화,대화오금,오금대화,대화오금
7:34,7:41,7:56,7:59
오금구파발,구파발오금,오금대화,구파발오금
7:38,7:45,8:02,8:04
오금대화,대화오금,오금대화,대화오금
7:42,7:49,8:08,8:11
수서구파발,구파발오금,오금구파발,구파발오금
7:46,7:53,8:14,8:17
오금대화,대화오금,오금대화,대화오금
7:51,7:57,8:20,8:24
오금대화,구파발오금,오금구파발,대화오금
7:55,-,8:26,8:32
오금대화,-,오금대화,구파발오금
7:59,-,8:32,8:38
오금구파발,-,오금구파발,대화오금
8:03,8:03,8:38,8:45
오금대화,대화수서,오금대화,구파발오금
8:06,8:07,8:46,8:51
수서구파발,구파발오금,오금구파발,대화오금
8:10,8:10,8:52,8:58
오금대화,대화오금,오금대화,구파발오금
8:14,8:14,8:58,-
오금구파발,대화수서,오금구파발,-
8:18,8:18,9:04,9:03
오금대화,구파발오금,오금대화,대화오금
8:21,8:22,9:10,9:09
수서구파발,대화오금,오금구파발,대화오금
8:25,8:25,9:16,9:16
오금구파발,구파발오금,오금대화,구파발오금
8:28,8:29,9:22,9:21
오금대화,대화수서,오금구파발,대화오금
8:32,8:33,9:28,9:27
오금구파발,구파발오금,수서대화,대화오금
8:35,8:37,9:34,9:33
수서대화,대화오금,오금구파발,대화오금
8:39,8:40,9:40,9:39
오금구파발,구파발오금,오금대화,대화오금
8:43,8:43,9:46,9:44
오금대화,대화오금,오금대화,구파발오금
8:47,8:47,9:52,9:50
오금대화,구파발수서,오금대화,대화오금
8:51,8:52,9:58,9:57
오금구파발,대화오금,오금구파발,구파발오금
8:55,8:55,10:04,10:03
오금대화,구파발수서,오금대화,대화오금
8:59,-,10:10,10:09
오금구파발,-,오금대화,구파발오금
9:05,9:00,10:16,10:15
오금대화,대화오금,오금구파발,대화오금
9:11,9:03,10:22,10:21
오금구파발,대화오금,오금대화,대화오금
9:16,9:06,10:28,10:27
오금대화,대화오금,오금대화,구파발오금
9:21,9:09,10:34,10:33
오금대화,구파발오금,오금구파발,대화오금
9:26,9:13,10:40,10:39
오금대화,대화오금,오금대화,대화오금
9:32,9:17,10:46,10:45
오금구파발,대화오금,오금구파발,구파발오금
9:38,9:21,10:52,10:51
오금대화,구파발오금,오금대화,대화오금
9:42,9:25,10:58,10:57
오금대화,대화오금,오금구파발,구파발오금
9:46,9:29,11:04,11:03
오금구파발,구파발수서,오금대화,대화오금
9:49,9:33,11:10,11:09
오금대화,대화오금,오금대화,대화오금
9:56,9:37,11:16,11:16
오금대화,구파발수서,오금대화,대화오금
-,9:41,11:22,11:23
-,대화오금,오금구파발,구파발오금
-,9:45,11:28,11:29
-,구파발수서,오금대화,대화오금
-,9:49,11:34,11:37
-,대화오금,오금구파발,구파발오금
-,9:54,11:40,11:43
-,구파발오금,오금대화,대화오금
-,9:59,11:46,11:50
-,대화오금,오금구파발,대화오금
10:02,10:04,11:52,11:57
오금구파발,구파발수서,오금대화,대화오금
10:07,10:09,11:58,-
오금대화,대화오금,오금구파발,-
10:11,10:14,12:04,12:03
오금구파발,대화오금,오금대화,대화오금
10:16,10:20,12:10,12:10
오금구파발,대화오금,오금구파발,구파발오금
10:21,10:26,12:16,12:15
오금대화,대화오금,오금대화,대화오금
10:27,10:32,12:22,12:22
오금대화,구파발수서,오금구파발,구파발오금
10:32,10:37,12:28,12:27
오금구파발,대화오금,오금대화,대화오금
10:38,10:43,12:34,12:34
오금대화,대화오금,오금구파발,구파발오금
10:44,10:50,12:40,12:39
오금구파발,대화오금,수서대화,대화오금
10:50,10:57,12:46,12:46
오금대화,구파발오금,오금구파발,구파발오금
10:57,-,12:52,12:51
오금대화,-,오금대화,대화오금
11:03,11:04,12:58,12:58
오금대화,대화수서,오금구파발,구파발오금
11:10,11:12,13:04,13:03
오금구파발,대화오금,오금대화,대화오금
11:17,11:21,13:10,13:10
오금대화,대화오금,오금구파발,구파발오금
11:24,11:28,13:16,13:15
오금구파발,대화오금,오금대화,대화오금
11:31,11:34,13:22,13:21
오금대화,구파발오금,오금구파발,구파발오금
11:38,11:40,13:28,13:26
오금대화,대화수서,오금대화,대화오금
11:44,11:47,13:34,13:32
오금대화,대화오금,오금구파발,구파발오금
11:52,11:53,13:40,13:36
오금구파발,구파발오금,오금대화,대화오금
11:59,11:59,13:46,13:41
오금대화,대화오금,오금구파발,대화오금
12:07,12:06,13:52,13:47
오금대화,구파발오금,오금대화,구파발오금
12:16,12:12,13:58,13:52
오금대화,대화오금,오금구파발,대화오금
12:27,12:19,-,13:58
오금대화,대화오금,-,구파발오금
12:35,12:26,14:04,14:03
오금대화,대화오금,오금대화,대화오금
12:45,12:32,14:10,14:10
오금대화,구파발오금,오금구파발,구파발오금
12:52,12:37,14:16,14:15
오금대화,대화오금,오금대화,대화오금
-,12:44,14:22,14:22
-,대화오금,오금구파발,구파발오금
-,12:51,14:27,14:27
-,구파발오금,오금대화,대화오금
-,12:58,14:33,14:34
-,대화오금,오금구파발,구파발오금
13:00,13:05,14:38,14:39
오금구파발,대화오금,오금대화,대화오금
13:08,13:12,14:43,14:46
오금대화,구파발오금,오금대화,구파발오금
13:15,13:19,14:48,14:51
오금대화,대화오금,오금구파발,대화오금
13:22,13:26,14:53,14:58
오금대화,대화오금,오금대화,구파발오금
13:28,13:35,14:59,-
오금구파발,대화오금,오금구파발,-
13:35,13:44,15:04,15:03
오금대화,대화오금,오금대화,대화오금
13:41,13:54,15:10,15:10
오금대화,대화오금,오금구파발,구파발오금
13:47,-,15:16,15:15
오금구파발,-,오금대화,대화오금
13:54,-,15:22,15:22
오금대화,-,오금구파발,구파발오금
14:01,14:03,15:28,15:27
오금구파발,대화오금,오금대화,대화오금
14:07,14:11,15:34,15:34
오금대화,대화오금,오금구파발,구파발오금
14:14,14:20,15:40,15:39
오금대화,대화오금,오금대화,대화오금
14:21,14:28,15:46,15:46
오금대화,구파발오금,오금구파발,구파발오금
14:29,14:35,15:52,15:51
오금구파발,대화오금,오금대화,대화오금
14:36,14:42,15:58,15:58
오금대화,대화오금,오금구파발,구파발오금
14:45,14:48,16:04,16:03
오금대화,구파발오금,오금대화,대화오금
14:54,14:54,16:10,16:10
오금대화,대화오금,오금구파발,구파발오금
15:03,15:01,16:16,16:15
오금대화,대화오금,오금대화,대화오금
15:12,15:07,16:22,16:22
오금대화,구파발오금,오금구파발,구파발오금
15:21,15:14,16:28,16:27
오금대화,대화오금,오금대화,대화오금
15:29,15:21,16:34,16:34
오금대화,대화오금,오금구파발,구파발오금
15:36,15:28,16:40,16:39
오금대화,구파발오금,오금대화,대화오금
15:44,15:34,16:46,16:46
오금구파발,대화오금,오금구파발,구파발오금
15:51,15:41,16:52,16:51
오금대화,대화수서,오금대화,대화오금
15:56,15:47,16:58,16:58
오금대화,구파발오금,오금대화,구파발오금
-,15:54,17:04,17:03
-,대화오금,오금대화,대화오금
16:02,16:02,17:10,17:10
오금대화,대화오금,오금구파발,구파발오금
16:08,16:11,17:16,17:15
오금구파발,대화오금,오금대화,대화수서
16:14,16:21,17:22,17:22
오금대화,대화오금,오금구파발,구파발오금
16:20,16:30,17:28,17:27
오금구파발,대화오금,오금대화,대화오금
16:26,16:39,17:34,17:34
오금대화,대화오금,오금구파발,구파발오금
16:32,16:48,17:40,17:39
오금대화,대화오금,오금대화,대화오금
16:38,16:56,17:46,17:46
오금대화,대화오금,오금대화,구파발오금
16:46,-,17:52,17:51
수서대화,-,오금구파발,대화오금
16:54,-,17:59,17:58
오금대화,-,오금대화,구파발오금
17:02,17:04,18:06,18:03
오금대화,구파발오금,오금구파발,대화오금
17:10,17:11,18:13,18:10
오금대화,대화오금,오금대화,구파발오금
17:14,17:17,18:20,18:16
수서구파발,구파발오금,오금대화,대화오금
17:19,17:22,18:27,18:22
오금대화,대화오금,오금구파발,구파발오금
17:26,17:27,18:34,18:28
오금구파발,구파발오금,오금대화,대화오금
17:32,17:32,18:40,18:35
오금대화,대화오금,오금구파발,구파발오금
17:38,17:36,18:46,18:40
오금구파발,대화오금,오금대화,대화오금
17:43,17:40,18:52,18:47
수서대화,구파발오금,오금구파발,구파발오금
17:48,17:44,18:58,18:52
오금구파발,대화오금,오금대화,대화오금
17:52,17:48,-,18:59
오금대화,구파발오금,-,대화오금
17:57,17:52,19:04,19:04
수서구파발,대화오금,오금구파발,대화오금
-,17:56,19:10,19:10
-,구파발오금,오금대화,대화오금
18:02,18:01,19:16,19:16
오금대화,대화오금,오금구파발,구파발오금
18:07,18:04,19:22,19:22
수서구파발,구파발오금,오금대화,대화오금
18:12,18:11,19:29,19:28
오금대화,대화오금,오금대화,구파발수서
18:16,18:17,19:34,19:34
오금대화,대화오금,오금대화,대화오금
18:21,18:22,19:40,19:40
오금구파발,대화오금,오금구파발,구파발오금
18:25,18:27,19:46,19:46
오금대화,구파발오금,오금대화,대화오금
18:30,18:32,19:52,19:52
오금구파발,대화오금,오금구파발,구파발오금
18:34,18:36,19:58,19:58
오금대화,구파발수서,오금대화,대화오금
18:38,18:40,20:04,20:04
오금구파발,대화오금,오금구파발,구파발오금
18:42,18:44,20:11,20:10
수서대화,구파발오금,오금대화,대화오금
18:47,18:49,20:18,20:16
오금구파발,대화오금,오금대화,구파발오금
18:51,18:52,20:26,20:22
오금대화,구파발수서,오금대화,대화수서
18:55,18:57,20:34,20:28
오금구파발,대화오금,오금대화,구파발오금
18:59,-,20:42,20:34
오금대화,-,오금대화,대화수서
19:04,19:00,20:50,20:40
오금구파발,구파발수서,오금대화,구파발오금
19:09,19:04,20:57,20:46
오금대화,대화오금,오금구파발,대화오금
19:14,19:08,-,20:52
오금구파발,구파발오금,-,대화오금
19:19,19:12,-,20:58
오금대화,대화오금,-,대화오금
19:24,19:16,21:02,21:04
오금구파발,구파발오금,오금대화,구파발오금
19:29,19:21,21:08,21:10
오금대화,대화수서,오금대화,대화오금
19:34,19:26,21:15,21:16
오금대화,구파발오금,오금대화,구파발수서
19:40,19:29,21:22,21:22
오금대화,대화오금,오금구파발,대화오금
19:45,19:34,21:29,21:28
오금구파발,대화오금,오금대화,구파발오금
19:50,19:39,21:36,21:34
오금대화,구파발오금,오금구파발,대화오금
19:55,19:44,21:43,21:40
오금구파발,대화오금,오금대화,대화오금
-,19:49,21:50,21:46
-,구파발오금,오금구파발,대화수서
-,19:54,21:57,21:54
-,대화수서,오금대화,대화오금
-,19:59,22:05,22:02
-,대화오금,오금대화,대화오금
20:01,20:04,22:13,22:10
오금대화,구파발오금,오금구파발,대화오금
20:07,20:10,22:20,22:18
오금대화,대화오금,오금대화,구파발오금
20:12,20:14,22:28,22:26
오금구파발,구파발수서,오금구파발,대화수서
20:18,20:19,22:35,22:34
오금대화,대화오금,오금대화,대화오금
20:23,20:24,22:44,22:42
오금구파발,구파발오금,오금구파발,구파발오금
20:29,20:29,22:53막,22:49
오금대화,대화오금,오금대화,대화수서
20:34,20:34,-,22:57
오금구파발,구파발오금,-,구파발오금
20:39,20:39,23:02,23:04
오금대화,대화오금,오금구파발,대화수서
20:44,20:45,23:11,23:12
오금구파발,대화오금,오금구파발,대화오금
20:49,20:50,23:20,23:18
오금대화,구파발오금,오금구파발,구파발수서
20:54,20:55,23:29막,23:25
오금구파발,대화오금,오금구파발,대화오금
21:00,21:01,23:41막,23:32막
오금대화,대화오금,오금독립문,대화오금
21:06,21:06,23:56막,23:41막
오금대화,구파발수서,오금압구정,대화수서
21:12,21:11,-,23:51막
오금대화,대화오금,-,대화도곡
21:18,21:16,-,-
오금구파발,구파발오금,-,-
21:23,21:21,-,-
오금대화,대화수서,-,-
21:29,21:28,-,-
오금대화,대화오금,-,-
21:34,21:36,-,-
오금구파발,구파발오금,-,-
21:39,21:41,-,-
오금대화,대화오금,-,-
21:45,21:48,-,-
오금구파발,구파발오금,-,-
21:50,21:53,-,-
오금대화,대화수서,-,-
21:57,21:59,-,-
오금구파발,대화오금,-,-
22:04,22:08,-,-
오금대화,대화오금,-,-
22:11,22:18,-,-
오금대화,대화오금,-,-
22:17,22:25,-,-
오금구파발,대화오금,-,-
22:25,22:32,-,-
오금대화,대화오금,-,-
22:34,22:40,-,-
오금대화,대화오금,-,-
22:43,22:46,-,-
오금구파발,구파발수서,-,-
22:50,22:52,-,-
오금대화,대화오금,-,-
22:57,-,-,-
오금구파발,-,-,-
23:06,23:01,-,-
오금대화,대화수서,-,-
23:14,23:10,-,-
오금구파발,대화오금,-,-
23:25,23:18,-,-
오금구파발,구파발수서,-,-
23:33막,23:27,-,-
오금대화,대화오금,-,-
23:42,23:37,-,-
오금구파발,대화오금,-,-
23:52,23:47,-,-
오금구파발,대화오금,-,-
0:04,0:01,-,-
오금구파발,대화오금,-,-
00:21막,0:11,-,-
오금구파발,대화수서,-,-
00:37막,00:20막,-,-
오금독립문,구파발오금,-,-
00:55막,0:29,-,-
오금압구정,대화수서,-,-
-,00:38막,-,-
-,구파발수서,-,-
-,00:47막,-,-
-,대화도곡,-,-
