﻿대치방면,대청방면,대치방면,대청방면
평일,평일,주말,주말
05:28첫,05:51첫,05:31첫,05:51첫
수서구파발,압구정오금,수서대화,압구정오금
05:36첫,-,5:40,-
수서대화,-,오금대화,-
5:43,-,5:46,-
오금대화,-,수서구파발,-
5:50,-,5:53,-
오금대화,-,오금대화,-
5:55,-,5:59,-
수서구파발,-,수서구파발,-
6:01,6:09,6:05,6:09
오금대화,독립문오금,오금대화,독립문오금
6:09,6:22,6:11,6:22
수서구파발,구파발오금,수서구파발,구파발오금
6:13,6:30,6:17,6:30
오금대화,구파발오금,오금대화,구파발오금
6:17,6:40,6:23,6:38
수서구파발,대화오금,수서구파발,구파발오금
6:22,6:48,6:30,6:45
오금대화,구파발오금,오금대화,구파발오금
6:27,6:55,6:35,6:54
수서구파발,대화오금,수서구파발,대화오금
6:32,-,6:42,-
수서대화,-,오금대화,-
6:37,-,6:48,-
오금대화,-,오금대화,-
6:42,-,6:54,-
수서구파발,-,오금구파발,-
6:47,-,7:00,7:00
오금대화,-,오금대화,구파발오금
6:52,-,7:06,7:09
수서대화,-,오금구파발,대화오금
6:57,-,7:12,7:15
오금대화,-,오금대화,구파발오금
7:01,7:01,7:18,7:21
수서대화,구파발오금,오금구파발,대화오금
7:05,7:08,7:24,7:26
오금대화,대화오금,오금대화,구파발오금
7:09,7:14,7:30,7:34
수서구파발,대화오금,오금구파발,대화오금
7:13,7:20,7:35,7:39
오금대화,구파발오금,오금대화,구파발오금
7:18,7:26,7:40,7:45
오금구파발,대화오금,오금대화,대화오금
7:22,7:32,7:46,7:50
오금대화,대화오금,오금대화,구파발오금
7:26,7:37,7:52,7:57
수서구파발,구파발오금,오금구파발,대화오금
7:30,7:43,7:58,-
오금대화,대화오금,오금대화,-
7:35,7:49,8:04,8:02
오금대화,구파발오금,오금구파발,구파발오금
7:39,7:53,8:10,8:08
오금대화,대화오금,오금대화,대화오금
7:43,7:58,8:16,8:15
오금구파발,구파발오금,오금구파발,구파발오금
7:46,-,8:22,8:21
오금대화,-,오금대화,대화오금
7:50,-,8:30,8:27
수서구파발,-,오금구파발,구파발오금
7:54,-,8:36,8:34
오금대화,-,오금대화,대화오금
7:58,-,8:42,8:41
오금구파발,-,오금구파발,대화오금
8:01,8:02,8:48,8:48
오금대화,대화오금,오금대화,구파발오금
8:05,8:06,8:54,8:55
수서구파발,구파발오금,오금구파발,대화오금
8:08,8:10,9:00,9:01
오금구파발,대화오금,오금대화,구파발오금
8:12,8:13,9:06,9:08
오금대화,구파발오금,오금구파발,대화오금
8:15,8:19,9:12,9:14
오금구파발,대화수서,수서대화,구파발오금
8:19,8:23,9:18,9:20
수서대화,구파발오금,오금구파발,대화오금
8:23,8:27,9:24,9:26
오금구파발,대화오금,오금대화,대화오금
8:27,8:30,9:30,9:32
오금대화,대화수서,오금대화,구파발오금
8:31,8:34,9:36,9:38
오금대화,구파발오금,오금대화,대화오금
8:35,8:38,9:42,9:44
오금구파발,대화오금,오금구파발,대화오금
8:39,8:42,9:48,9:50
오금대화,구파발오금,오금대화,대화오금
8:43,8:45,9:54,9:56
오금구파발,대화수서,오금대화,대화오금
8:48,8:50,10:00,10:00
오금대화,구파발오금,오금구파발,구파발오금
8:55,8:54,10:06,10:07
오금구파발,대화오금,오금대화,대화오금
-,8:57,10:12,10:13
-,구파발오금,오금대화,구파발오금
9:00,9:00,10:18,10:20
오금대화,대화오금,오금구파발,대화오금
9:05,9:04,10:24,10:25
오금대화,구파발수서,오금대화,구파발오금
9:10,9:08,10:30,10:32
오금대화,대화오금,오금구파발,대화오금
9:15,9:12,10:36,10:38
오금구파발,구파발수서,오금대화,대화오금
9:21,9:16,10:42,10:43
오금대화,대화오금,오금구파발,구파발오금
9:26,9:20,10:48,10:50
오금대화,대화오금,오금대화,대화오금
9:29,9:23,10:54,10:56
오금구파발,대화오금,오금대화,대화오금
9:33,9:26,11:00,11:01
오금대화,구파발오금,오금대화,구파발오금
9:40,9:30,11:06,11:08
오금대화,대화오금,오금구파발,대화오금
9:46,9:34,11:12,11:13
오금구파발,대화오금,오금대화,구파발오금
9:51,9:38,11:18,11:20
오금대화,구파발오금,오금구파발,대화오금
9:55,9:42,11:24,11:26
오금구파발,대화오금,오금대화,대화오금
-,9:46,11:30,11:33
-,구파발수서,오금구파발,대화오금
-,9:50,11:36,11:39
-,대화오금,오금대화,구파발오금
-,9:54,11:42,11:46
-,구파발수서,오금구파발,대화오금
-,9:58,11:48,11:53
-,대화오금,오금대화,구파발오금
10:00,10:01,11:54,-
오금구파발,구파발수서,오금구파발,-
10:05,10:06,12:00,12:00
오금대화,대화오금,오금대화,대화오금
10:10,10:10,12:06,12:07
오금대화,구파발오금,오금구파발,대화오금
10:16,10:16,12:12,12:14
오금구파발,대화오금,오금대화,대화오금
10:22,10:21,12:18,12:20
오금대화,구파발수서,오금구파발,대화오금
10:28,10:26,12:24,12:26
오금구파발,대화오금,수서대화,구파발오금
10:34,10:31,12:30,12:32
오금대화,대화오금,오금구파발,대화오금
10:40,10:37,12:36,12:38
오금대화,대화오금,오금대화,구파발오금
10:47,10:42,12:42,12:44
오금대화,대화오금,오금구파발,대화오금
10:54,10:48,12:48,12:50
오금구파발,구파발수서,오금대화,구파발오금
-,10:54,12:54,12:56
-,대화오금,오금구파발,대화오금
11:01,11:00,13:00,13:02
오금대화,대화오금,오금대화,구파발오금
11:08,11:07,13:06,13:08
오금구파발,대화오금,오금구파발,대화오금
11:15,11:14,13:12,13:14
오금대화,구파발오금,오금대화,구파발오금
11:21,11:21,13:18,13:20
오금대화,대화수서,오금구파발,대화오금
11:28,11:29,13:24,13:26
오금대화,대화오금,오금대화,구파발오금
11:35,11:38,13:30,13:32
오금구파발,대화오금,오금구파발,대화오금
11:43,11:45,13:36,13:37
오금대화,대화오금,오금대화,구파발오금
11:50,11:51,13:42,13:43
오금대화,구파발오금,오금구파발,대화오금
-,11:57,13:48,13:48
-,대화수서,오금대화,구파발오금
12:00,12:04,13:54,13:53
오금대화,대화오금,오금구파발,대화오금
12:10,12:09,-,13:58
오금대화,구파발오금,-,대화오금
12:19,12:16,14:00,14:03
오금대화,대화오금,오금대화,구파발오금
12:28,12:22,14:06,14:09
오금대화,구파발오금,오금구파발,대화오금
12:36,12:29,14:11,14:14
오금대화,대화오금,오금대화,구파발오금
12:44,12:35,14:17,14:20
오금구파발,대화오금,오금구파발,대화오금
12:52,12:42,14:22,14:26
오금대화,대화오금,오금대화,구파발오금
12:59,12:48,14:27,14:32
오금대화,구파발오금,오금대화,대화오금
-,12:54,14:32,14:38
-,대화오금,오금구파발,구파발오금
13:05,13:01,14:37,14:44
오금대화,대화오금,오금대화,대화오금
13:12,13:08,14:43,14:50
오금구파발,구파발오금,오금구파발,구파발오금
13:18,13:15,14:48,14:56
오금대화,대화오금,오금대화,대화오금
13:25,13:22,14:54,-
오금대화,대화오금,오금구파발,-
13:31,13:29,15:00,15:02
오금구파발,구파발오금,오금대화,구파발오금
13:38,13:36,15:06,15:08
오금대화,대화오금,오금구파발,대화오금
13:44,13:43,15:12,15:14
오금구파발,대화오금,오금대화,구파발오금
13:51,13:52,15:18,15:20
오금대화,대화오금,오금구파발,대화오금
13:57,-,15:24,15:26
오금대화,-,오금대화,구파발오금
14:05,14:01,15:30,15:32
오금대화,대화오금,오금구파발,대화오금
14:12,14:11,15:36,15:38
오금구파발,대화오금,오금대화,구파발오금
14:20,14:20,15:42,15:44
오금대화,대화오금,오금구파발,대화오금
14:29,14:28,15:48,15:50
오금대화,대화오금,오금대화,구파발오금
14:38,14:36,15:54,15:56
오금대화,대화오금,오금구파발,대화오금
14:47,14:44,16:00,16:02
오금대화,구파발오금,오금대화,구파발오금
14:56,14:51,16:06,16:08
오금대화,대화오금,오금구파발,대화오금
-,14:59,16:12,16:14
-,대화오금,오금대화,구파발오금
15:04,15:05,16:18,16:20
오금대화,구파발오금,오금구파발,대화오금
15:12,15:11,16:24,16:26
오금대화,대화오금,오금대화,구파발오금
15:20,15:18,16:30,16:32
오금대화,대화오금,오금구파발,대화오금
15:27,15:24,16:36,16:38
오금구파발,구파발오금,오금대화,구파발오금
15:34,15:30,16:42,16:44
오금대화,대화오금,오금대화,대화오금
15:40,15:37,16:48,16:50
오금대화,대화오금,오금대화,구파발오금
15:46,15:44,16:54,16:56
오금대화,구파발오금,오금구파발,대화오금
15:52,15:50,17:00,17:02
오금구파발,대화오금,오금대화,구파발오금
15:58,15:58,17:06,17:08
오금대화,대화수서,오금구파발,대화오금
16:04,16:04,17:12,17:14
오금구파발,구파발오금,오금대화,구파발오금
16:10,16:11,17:18,17:20
오금대화,대화오금,오금구파발,대화오금
16:16,16:19,17:24,17:26
오금대화,대화오금,오금대화,구파발오금
16:22,16:27,17:30,17:32
오금대화,대화오금,오금대화,대화수서
16:30,16:37,17:36,17:38
수서대화,대화오금,오금구파발,구파발오금
16:38,16:47,17:43,17:44
오금대화,대화오금,오금대화,대화오금
16:46,16:56,17:50,17:50
오금대화,대화오금,오금구파발,구파발오금
16:54,-,17:57,17:56
오금대화,-,오금대화,대화오금
16:58,-,18:04,18:02
수서구파발,-,오금대화,구파발오금
17:03,17:04,18:11,18:08
오금대화,대화오금,오금구파발,대화오금
17:10,17:12,18:18,18:14
오금구파발,대화오금,오금대화,구파발오금
17:16,17:20,18:24,18:20
오금대화,구파발오금,오금구파발,대화오금
17:22,17:28,18:30,18:26
오금구파발,대화오금,오금대화,구파발오금
17:27,17:33,18:36,18:33
수서대화,구파발오금,오금구파발,대화오금
17:32,17:39,18:42,18:38
오금구파발,대화오금,오금대화,구파발오금
17:36,17:44,18:48,18:45
오금대화,구파발오금,오금구파발,대화오금
17:41,17:48,18:54,18:51
수서구파발,대화오금,오금대화,구파발오금
17:45,17:53,-,18:57
오금대화,대화오금,-,대화오금
17:51,17:57,19:00,19:03
수서구파발,구파발오금,오금구파발,구파발오금
17:55,-,19:06,19:09
오금대화,-,오금대화,대화오금
18:00,18:01,19:12,19:15
오금대화,대화오금,오금대화,대화오금
18:04,18:05,19:18,19:21
오금구파발,구파발오금,오금대화,대화오금
18:09,18:09,19:24,19:27
오금대화,대화오금,오금구파발,대화오금
18:13,18:13,19:30,19:32
오금구파발,구파발오금,오금대화,구파발오금
18:18,18:17,19:36,19:39
오금대화,대화오금,오금구파발,대화오금
18:22,18:21,19:42,19:44
오금구파발,구파발오금,오금대화,구파발수서
18:26,18:27,19:48,19:51
수서대화,대화오금,오금구파발,대화오금
18:30,18:34,19:55,19:57
오금구파발,대화오금,오금대화,구파발오금
18:34,18:39,20:02,20:03
오금대화,대화오금,오금대화,대화오금
18:38,18:43,20:10,20:08
오금구파발,구파발오금,오금대화,구파발오금
18:43,18:49,20:18,20:15
오금대화,대화오금,오금대화,대화오금
18:48,18:52,20:26,20:20
오금구파발,구파발수서,오금대화,구파발오금
18:53,18:56,20:33,20:27
오금대화,대화오금,오금대화,대화오금
18:58,-,20:40,20:32
오금구파발,-,오금구파발,구파발오금
19:03,19:01,20:46,20:39
오금대화,구파발오금,오금대화,대화수서
19:08,19:05,20:52,20:44
오금구파발,대화오금,오금대화,구파발오금
19:13,19:09,20:59,20:51
오금대화,구파발수서,오금대화,대화수서
19:18,19:13,-,20:56
오금대화,대화오금,-,구파발오금
19:24,19:17,21:06,21:03
오금대화,구파발수서,오금구파발,대화오금
19:29,19:21,21:13,21:09
오금구파발,대화오금,오금대화,대화오금
19:34,19:24,21:20,21:15
오금대화,구파발오금,오금구파발,대화오금
19:39,19:29,21:27,21:20
오금구파발,대화오금,오금대화,구파발오금
19:45,19:33,21:34,21:27
오금대화,구파발오금,오금구파발,대화오금
19:51,19:37,21:41,21:32
오금대화,대화수서,오금대화,구파발수서
19:56,19:42,21:48,21:39
오금구파발,구파발오금,오금대화,대화오금
-,19:46,21:56,21:44
-,대화오금,오금구파발,구파발오금
-,19:51,-,21:51
-,대화오금,-,대화오금
-,19:56,-,21:56
-,구파발오금,-,대화오금
20:02,20:01,22:04,22:03
오금대화,대화오금,오금대화,대화수서
20:07,20:06,22:12,22:11
오금구파발,구파발오금,오금구파발,대화오금
20:13,20:11,22:19,22:19
오금대화,대화수서,오금대화,대화오금
20:18,20:16,22:27,22:27
오금구파발,대화오금,오금구파발,대화오금
20:23,20:21,22:36막,22:34
오금대화,구파발오금,오금대화,구파발오금
20:28,20:26,22:45,22:43
오금구파발,대화오금,오금구파발,대화수서
20:33,20:31,22:54,22:51
오금대화,구파발수서,오금구파발,대화오금
20:38,20:36,-,22:58
오금구파발,대화오금,-,구파발오금
20:44,20:41,23:03,23:06
오금대화,구파발오금,오금구파발,대화수서
20:50,20:46,23:12막,23:13
오금대화,대화오금,오금구파발,구파발오금
20:56,20:51,23:24막,23:21
오금대화,구파발오금,오금독립문,대화수서
-,20:55,23:39막,23:28
-,대화오금,오금압구정,대화오금
21:02,21:01,-,23:35
오금구파발,대화오금,-,구파발수서
21:07,21:06,-,23:41
오금대화,구파발오금,-,대화오금
21:13,21:11,-,23:49막
오금대화,대화오금,-,대화오금
21:18,21:17,-,23:58막
오금구파발,대화오금,-,대화수서
21:23,21:23,-,-
오금대화,구파발수서,-,-
21:29,21:28,-,-
오금구파발,대화오금,-,-
21:34,21:33,-,-
오금대화,구파발오금,-,-
21:41,21:38,-,-
오금구파발,대화수서,-,-
21:48,21:45,-,-
오금대화,대화오금,-,-
21:55,21:52,-,-
오금대화,구파발오금,-,-
-,21:58,-,-
-,대화오금,-,-
22:01,22:04,-,-
오금구파발,구파발오금,-,-
22:09,22:10,-,-
오금대화,대화수서,-,-
22:18,22:16,-,-
오금대화,대화오금,-,-
22:27,22:25,-,-
오금구파발,대화오금,-,-
22:34,22:35,-,-
오금대화,대화오금,-,-
22:41,22:42,-,-
오금구파발,대화오금,-,-
22:50,22:49,-,-
오금대화,대화오금,-,-
22:58,22:57,-,-
오금구파발,대화오금,-,-
23:09,23:02,-,-
오금구파발,구파발수서,-,-
23:17막,23:09,-,-
오금대화,대화오금,-,-
23:26,23:17,-,-
오금구파발,대화수서,-,-
23:36,23:26,-,-
오금구파발,대화오금,-,-
23:48,23:34,-,-
오금구파발,구파발수서,-,-
-,23:44,-,-
-,대화오금,-,-
-,23:53,-,-
-,대화오금,-,-
00:05막,0:04,-,-
오금구파발,대화오금,-,-
00:20막,0:18,-,-
오금독립문,대화오금,-,-
00:39막,0:28,-,-
오금압구정,대화수서,-,-
-,00:36막,-,-
-,구파발오금,-,-
-,0:46,-,-
-,대화수서,-,-
-,00:54막,-,-
-,구파발수서,-,-
