﻿돌곶이방면,태릉입구방면,돌곶이방면,태릉입구방면
평일,평일,주말,주말
05:35첫,05:39첫,05:35첫,05:39첫
봉화산응암순환,안암신내,봉화산응암순환,안암신내
5:42,5:52,5:44,5:52
봉화산응암순환,한강진신내,봉화산응암순환,한강진신내
5:49,-,5:53,-
신내응암순환,-,신내응암순환,-
5:56,-,6:02,6:06
봉화산응암순환,-,봉화산응암순환,공덕신내
6:03,6:06,6:11,6:20
봉화산응암순환,공덕신내,신내응암순환,새절신내
6:10,6:20,6:20,6:31
신내응암순환,새절신내,신내응암순환,독바위봉화산
6:16,6:31,6:29,6:42
봉화산응암순환,독바위봉화산,봉화산응암순환,응암신내
6:22,6:42,6:38,6:53
신내응암순환,응암신내,신내응암순환,응암봉화산
6:28,6:53,6:47,-
봉화산응암순환,응암봉화산,봉화산응암순환,-
6:34,-,6:56,-
봉화산응암순환,-,신내응암순환,-
6:39,-,7:05,7:02
신내응암순환,-,봉화산응암순환,응암신내
6:44,-,7:14,7:10
봉화산응암순환,-,신내응암순환,응암봉화산
6:49,-,7:23,7:18
봉화산응암순환,-,봉화산응암순환,응암신내
6:53,-,7:32,7:25
봉화산응암순환,-,신내응암순환,응암봉화산
6:58,-,7:41,7:32
신내응암순환,-,봉화산응암순환,응암봉화산
7:02,7:03,7:50,7:41
봉화산응암순환,응암신내,신내응암순환,응암신내
7:06,7:10,7:59,7:50
봉화산응암순환,응암봉화산,봉화산응암순환,응암봉화산
7:10,7:18,-,7:58
봉화산응암순환,응암신내,-,응암봉화산
7:14,7:25,8:08,8:07
신내응암순환,응암봉화산,봉화산응암순환,응암신내
7:18,7:32,8:17,8:16
봉화산응암순환,응암신내,신내응암순환,응암봉화산
7:22,7:39,8:26,8:25
봉화산응암순환,응암봉화산,봉화산응암순환,응암봉화산
7:26,7:46,8:35,8:34
봉화산응암순환,응암신내,봉화산응암순환,응암신내
7:30,7:53,8:44,8:43
신내응암순환,응암봉화산,신내응암순환,응암봉화산
7:34,-,8:53,8:52
봉화산응암순환,-,봉화산응암순환,응암봉화산
7:38,-,9:02,9:01
봉화산응암순환,-,봉화산응암순환,응암신내
7:42,-,9:11,9:10
봉화산응암순환,-,신내응암순환,응암봉화산
7:46,-,9:20,9:19
신내응암순환,-,봉화산응암순환,응암봉화산
7:50,-,9:29,9:28
봉화산응암순환,-,봉화산응암순환,응암신내
7:54,-,9:38,9:37
봉화산응암순환,-,신내응암순환,응암봉화산
7:58,-,9:47,9:46
봉화산응암순환,-,봉화산응암순환,응암봉화산
8:02,8:00,9:56,9:55
신내응암순환,응암신내,봉화산응암순환,응암신내
8:06,8:07,10:05,10:04
봉화산응암순환,응암봉화산,신내응암순환,응암봉화산
8:10,8:13,10:14,10:13
봉화산응암순환,응암봉화산,봉화산응암순환,응암봉화산
8:14,8:19,10:23,10:22
봉화산응암순환,응암신내,봉화산응암순환,응암신내
8:19,8:25,10:32,10:31
신내응암순환,응암봉화산,신내응암순환,응암봉화산
8:23,8:29,10:41,10:40
봉화산응암순환,새절봉화산,봉화산응암순환,응암봉화산
8:28,8:32,10:50,10:49
봉화산응암순환,응암봉화산,봉화산응암순환,응암신내
8:32,8:36,10:59,10:58
봉화산새절,응암신내,신내응암순환,응암봉화산
8:37,8:41,11:08,11:07
신내응암순환,응암봉화산,봉화산응암순환,응암봉화산
8:43,8:46,11:17,11:16
봉화산응암순환,응암봉화산,봉화산응암순환,응암신내
8:48,8:50,11:26,11:25
봉화산응암순환,응암봉화산,신내응암순환,응암봉화산
8:54,8:55,11:35,11:34
신내응암순환,응암봉화산,봉화산응암순환,응암봉화산
-,8:59,11:44,11:43
-,응암신내,봉화산응암순환,응암신내
9:01,9:03,11:53,11:52
봉화산응암순환,응암봉화산,신내응암순환,응암봉화산
9:08,9:07,12:02,12:01
봉화산응암순환,응암봉화산,봉화산응암순환,응암봉화산
9:16,9:11,12:11,12:10
신내응암순환,응암봉화산,봉화산응암순환,응암신내
9:24,9:15,12:20,12:19
봉화산응암순환,응암봉화산,신내응암순환,응암봉화산
9:32,9:19,12:29,12:28
봉화산응암순환,응암봉화산,봉화산응암순환,응암봉화산
9:40,9:23,12:38,12:37
신내응암순환,응암신내,봉화산응암순환,응암신내
9:48,9:27,12:47,12:46
봉화산응암순환,응암봉화산,신내응암순환,응암봉화산
9:56,9:31,12:56,12:55
봉화산응암순환,응암봉화산,봉화산응암순환,응암봉화산
-,9:35,13:05,13:04
-,응암봉화산,봉화산응암순환,응암신내
-,9:39,13:14,13:13
-,응암봉화산,신내응암순환,응암봉화산
-,9:43,13:23,13:22
-,응암봉화산,봉화산응암순환,응암봉화산
-,9:47,13:32,13:31
-,응암신내,봉화산응암순환,응암신내
-,9:51,13:41,13:40
-,응암봉화산,신내응암순환,응암봉화산
-,9:55,13:50,13:49
-,응암봉화산,봉화산응암순환,응암봉화산
-,9:59,13:59,13:58
-,응암봉화산,봉화산응암순환,응암신내
10:04,10:03,14:08,14:07
신내응암순환,응암봉화산,신내응암순환,응암봉화산
10:12,10:07,14:17,14:16
봉화산응암순환,응암봉화산,봉화산응암순환,응암봉화산
10:20,10:11,14:26,14:25
봉화산응암순환,응암신내,봉화산응암순환,응암신내
10:28,10:16,14:35,14:34
신내응암순환,응암봉화산,신내응암순환,응암봉화산
10:36,10:20,14:44,14:43
봉화산응암순환,응암봉화산,봉화산응암순환,응암봉화산
10:44,10:26,14:53,14:52
봉화산응암순환,응암봉화산,봉화산응암순환,응암신내
10:52,10:34,15:02,15:01
신내응암순환,응암신내,신내응암순환,응암봉화산
-,10:40,15:11,15:10
-,응암봉화산,봉화산응암순환,응암봉화산
-,10:45,15:20,15:19
-,응암봉화산,봉화산응암순환,응암신내
-,10:51,15:29,15:28
-,응암봉화산,신내응암순환,응암봉화산
-,10:58,15:38,15:37
-,응암신내,봉화산응암순환,응암봉화산
11:00,11:05,15:47,15:46
봉화산응암순환,응암봉화산,봉화산응암순환,응암신내
11:08,11:13,15:56,15:55
봉화산응암순환,응암봉화산,신내응암순환,응암봉화산
11:16,11:21,16:05,16:04
신내응암순환,응암신내,봉화산응암순환,응암봉화산
11:24,11:29,16:14,16:13
봉화산응암순환,응암봉화산,봉화산응암순환,응암신내
11:32,11:37,16:23,16:22
봉화산응암순환,응암봉화산,신내응암순환,응암봉화산
11:40,11:45,16:32,16:31
신내응암순환,응암신내,봉화산응암순환,응암봉화산
11:47,11:53,16:41,16:40
봉화산응암순환,응암봉화산,봉화산응암순환,응암신내
11:55,-,16:50,16:49
봉화산응암순환,-,신내응암순환,응암봉화산
12:03,12:01,16:59,16:58
신내응암순환,응암봉화산,봉화산응암순환,응암봉화산
12:11,12:09,17:08,17:07
봉화산응암순환,응암신내,봉화산응암순환,응암신내
12:19,12:17,17:17,17:16
봉화산응암순환,응암봉화산,신내응암순환,응암봉화산
12:27,12:25,17:26,17:25
신내응암순환,응암봉화산,봉화산응암순환,응암봉화산
12:35,12:33,17:35,17:34
봉화산응암순환,응암신내,봉화산응암순환,응암신내
12:43,12:41,17:44,17:43
봉화산응암순환,응암봉화산,신내응암순환,응암봉화산
12:51,12:49,17:53,17:52
신내응암순환,응암봉화산,봉화산응암순환,응암봉화산
12:59,12:57,18:02,18:01
봉화산응암순환,응암신내,봉화산응암순환,응암신내
13:07,13:05,18:11,18:10
봉화산응암순환,응암봉화산,신내응암순환,응암봉화산
13:15,13:13,18:20,18:19
신내응암순환,응암봉화산,봉화산응암순환,응암봉화산
13:23,13:21,18:29,18:28
봉화산응암순환,응암신내,봉화산응암순환,응암신내
13:31,13:29,18:38,18:37
봉화산응암순환,응암봉화산,신내응암순환,응암봉화산
13:39,13:37,18:47,18:46
신내응암순환,응암봉화산,봉화산응암순환,응암봉화산
13:47,13:44,18:56,18:55
봉화산응암순환,응암신내,봉화산응암순환,응암신내
13:55,13:52,19:05,19:04
봉화산응암순환,응암봉화산,신내응암순환,응암봉화산
14:03,14:00,19:14,19:13
신내응암순환,응암봉화산,봉화산응암순환,응암봉화산
14:10,14:08,19:23,19:22
봉화산응암순환,응암신내,봉화산응암순환,응암신내
14:18,14:16,19:32,19:31
봉화산응암순환,응암봉화산,신내응암순환,응암봉화산
14:26,14:24,19:41,19:40
신내응암순환,응암봉화산,봉화산응암순환,응암봉화산
14:34,14:32,19:50,19:49
봉화산응암순환,응암신내,봉화산응암순환,응암신내
14:42,14:40,19:59,19:58
봉화산응암순환,응암봉화산,신내응암순환,응암봉화산
14:50,14:48,20:08,20:07
신내응암순환,응암봉화산,봉화산응암순환,응암봉화산
14:58,14:56,20:17,20:16
봉화산응암순환,응암신내,봉화산응암순환,응암신내
15:06,15:04,20:26,20:25
봉화산응암순환,응암봉화산,신내응암순환,응암봉화산
15:14,15:12,20:35,20:34
신내응암순환,응암봉화산,봉화산응암순환,응암봉화산
15:22,15:20,20:45,20:43
봉화산응암순환,응암신내,봉화산응암순환,응암신내
15:30,15:28,20:55,20:52
봉화산응암순환,응암봉화산,신내응암순환,응암봉화산
15:38,15:36,21:05,21:01
신내응암순환,응암봉화산,봉화산응암순환,응암봉화산
15:46,15:44,21:15,21:10
봉화산응암순환,응암신내,봉화산응암순환,응암신내
15:54,15:52,21:25,21:19
봉화산응암순환,응암봉화산,신내응암순환,응암봉화산
16:02,16:00,21:35,21:28
신내응암순환,응암봉화산,봉화산응암순환,응암봉화산
16:10,16:07,21:45,21:37
봉화산응암순환,응암신내,봉화산응암순환,응암신내
16:17,16:15,21:55,21:46
봉화산응암순환,응암봉화산,신내응암순환,응암봉화산
16:24,16:23,-,21:55
신내응암순환,응암봉화산,-,응암봉화산
16:29,16:31,22:05,22:04
봉화산응암순환,응암신내,봉화산응암순환,응암신내
16:35,16:39,22:15,22:13
봉화산응암순환,응암봉화산,신내응암순환,응암봉화산
16:41,16:47,22:27,22:22
봉화산응암순환,응암봉화산,봉화산응암순환,응암신내
16:47,16:55,22:37,22:31
신내응암순환,응암신내,신내응암순환,응암봉화산
16:53,-,22:49막,22:41
봉화산응암순환,-,봉화산응암순환,응암봉화산
16:59,-,-,22:51
봉화산응암순환,-,-,응암신내
17:05,17:03,23:01막,23:01
봉화산응암순환,응암봉화산,신내독바위,응암봉화산
17:11,17:11,23:12막,23:11
신내응암순환,응암봉화산,봉화산응암,응암봉화산
17:17,17:19,23:23막,23:21
봉화산응암순환,응암신내,신내대흥,응암신내
17:23,17:27,23:34막,23:31
봉화산응암순환,응암봉화산,봉화산공덕,응암봉화산
17:29,17:35,23:45막,23:41막
봉화산응암순환,응암봉화산,봉화산한강진,응암신내
17:35,17:43,23:56막,23:51
신내응암순환,응암신내,신내안암,응암봉화산
17:41,17:51,-,00:01막
봉화산응암순환,응암봉화산,-,응암봉화산
17:47,17:59,-,-
봉화산응암순환,응암신내,-,-
17:53,-,-,-
봉화산응암순환,-,-,-
17:59,-,-,-
신내응암순환,-,-,-
18:04,18:08,-,-
봉화산응암순환,응암봉화산,-,-
18:09,18:15,-,-
봉화산응암순환,응암신내,-,-
18:14,18:21,-,-
신내응암순환,응암봉화산,-,-
18:19,18:26,-,-
봉화산응암순환,응암봉화산,-,-
18:24,18:33,-,-
봉화산응암순환,응암신내,-,-
18:30,18:38,-,-
신내응암순환,응암봉화산,-,-
18:36,18:44,-,-
봉화산응암순환,응암봉화산,-,-
18:42,18:50,-,-
봉화산응암순환,응암신내,-,-
18:48,18:56,-,-
신내응암순환,응암봉화산,-,-
18:55,-,-,-
봉화산응암순환,-,-,-
19:01,19:02,-,-
봉화산응암순환,응암봉화산,-,-
19:08,19:08,-,-
신내응암순환,응암봉화산,-,-
19:15,19:14,-,-
봉화산응암순환,응암신내,-,-
19:22,19:20,-,-
봉화산응암순환,응암봉화산,-,-
19:29,19:26,-,-
신내응암순환,응암봉화산,-,-
19:36,19:32,-,-
봉화산응암순환,응암신내,-,-
19:43,19:38,-,-
봉화산응암순환,응암봉화산,-,-
19:50,19:44,-,-
신내응암순환,응암봉화산,-,-
19:57,19:50,-,-
봉화산응암순환,응암봉화산,-,-
-,19:56,-,-
-,응암신내,-,-
20:04,20:01,-,-
봉화산응암순환,응암봉화산,-,-
20:12,20:06,-,-
신내응암순환,응암봉화산,-,-
20:20,20:11,-,-
봉화산응암순환,응암신내,-,-
20:28,20:16,-,-
신내응암순환,응암봉화산,-,-
20:36,20:21,-,-
봉화산응암순환,응암봉화산,-,-
20:44,20:27,-,-
봉화산응암순환,응암봉화산,-,-
20:52,20:33,-,-
신내응암순환,응암봉화산,-,-
-,20:39,-,-
-,응암신내,-,-
-,20:45,-,-
-,응암봉화산,-,-
-,20:52,-,-
-,응암신내,-,-
-,20:58,-,-
-,응암봉화산,-,-
21:01,21:05,-,-
봉화산응암순환,응암봉화산,-,-
21:09,21:12,-,-
신내응암순환,응암신내,-,-
21:17,21:19,-,-
봉화산응암순환,응암봉화산,-,-
21:26,21:26,-,-
신내응암순환,응암봉화산,-,-
21:35,21:33,-,-
봉화산응암순환,응암신내,-,-
21:43,21:40,-,-
봉화산응암순환,응암봉화산,-,-
21:51,21:47,-,-
신내응암순환,응암봉화산,-,-
-,21:54,-,-
-,응암신내,-,-
22:00,22:01,-,-
봉화산응암순환,응암봉화산,-,-
22:09,22:09,-,-
신내응암순환,응암봉화산,-,-
22:18,22:17,-,-
봉화산응암순환,응암봉화산,-,-
22:28,22:25,-,-
봉화산응암순환,응암신내,-,-
22:38,22:33,-,-
신내응암순환,응암봉화산,-,-
22:49,22:41,-,-
봉화산응암순환,응암신내,-,-
22:57,22:49,-,-
신내응암순환,응암봉화산,-,-
-,22:58,-,-
-,응암신내,-,-
23:05,23:06,-,-
봉화산응암순환,응암봉화산,-,-
23:15,23:15,-,-
신내응암순환,응암신내,-,-
23:24,23:23,-,-
봉화산독바위,응암봉화산,-,-
23:33,23:32,-,-
신내응암순환,응암신내,-,-
23:48막,23:40,-,-
신내응암순환,응암봉화산,-,-
-,23:48,-,-
-,응암신내,-,-
-,23:57,-,-
-,응암봉화산,-,-
00:04막,0:06,-,-
신내새절,응암봉화산,-,-
00:23막,0:15,-,-
신내공덕,응암신내,-,-
00:37막,0:25,-,-
봉화산한강진,응암봉화산,-,-
00:52막,00:34막,-,-
신내안암,응암신내,-,-
-,0:46,-,-
-,응암봉화산,-,-
-,00:54막,-,-
-,응암봉화산,-,-
