﻿보문방면,고려대방면,보문방면,고려대방면
평일,평일,주말,주말
05:30첫,05:30첫,05:30첫,05:30첫
안암응암순환,안암신내,안암응암순환,안암신내
5:37,5:43,5:37,5:43
상월곡응암순환,한강진신내,상월곡응암순환,한강진신내
5:44,5:57,5:44,5:57
봉화산응암순환,공덕신내,봉화산응암순환,공덕신내
5:51,-,5:53,-
봉화산응암순환,-,봉화산응암순환,-
5:58,-,6:02,6:11
신내응암순환,-,신내응암순환,새절신내
6:05,6:11,6:11,6:22
봉화산응암순환,새절신내,봉화산응암순환,독바위봉화산
6:12,6:22,6:20,6:33
봉화산응암순환,독바위봉화산,신내응암순환,응암신내
6:19,6:33,6:29,6:44
신내응암순환,응암신내,신내응암순환,응암봉화산
6:25,6:44,6:38,6:52
봉화산응암순환,응암봉화산,봉화산응암순환,응암신내
6:31,6:53,6:47,-
신내응암순환,응암신내,신내응암순환,-
6:37,-,6:56,-
봉화산응암순환,-,봉화산응암순환,-
6:42,-,7:05,7:01
봉화산응암순환,-,신내응암순환,응암봉화산
6:48,-,7:14,7:09
신내응암순환,-,봉화산응암순환,응암신내
6:53,-,7:23,7:16
봉화산응암순환,-,신내응암순환,응암봉화산
6:57,-,7:32,7:23
봉화산응암순환,-,봉화산응암순환,응암봉화산
7:02,7:01,7:41,7:32
봉화산응암순환,응암봉화산,신내응암순환,응암신내
7:07,7:09,7:50,7:41
신내응암순환,응암신내,봉화산응암순환,응암봉화산
7:11,7:16,7:59,7:49
봉화산응암순환,응암봉화산,신내응암순환,응암봉화산
7:15,7:23,-,7:58
봉화산응암순환,응암신내,-,응암신내
7:19,7:30,8:08,8:07
봉화산응암순환,응암봉화산,봉화산응암순환,응암봉화산
7:23,7:37,8:17,8:16
신내응암순환,응암신내,봉화산응암순환,응암봉화산
7:27,7:44,8:26,8:25
봉화산응암순환,응암봉화산,신내응암순환,응암신내
7:31,7:51,8:35,8:34
봉화산응암순환,응암신내,봉화산응암순환,응암봉화산
7:35,7:58,8:44,8:43
봉화산응암순환,응암봉화산,봉화산응암순환,응암봉화산
7:39,-,8:53,8:52
신내응암순환,-,신내응암순환,응암신내
7:43,-,9:02,9:01
봉화산응암순환,-,봉화산응암순환,응암봉화산
7:47,-,9:11,9:10
봉화산응암순환,-,봉화산응암순환,응암봉화산
7:51,-,9:20,9:19
봉화산응암순환,-,신내응암순환,응암신내
7:55,-,9:29,9:28
신내응암순환,-,봉화산응암순환,응암봉화산
7:59,-,9:38,9:37
봉화산응암순환,-,봉화산응암순환,응암봉화산
8:03,8:04,9:47,9:46
봉화산응암순환,응암봉화산,신내응암순환,응암신내
8:07,8:10,9:56,9:55
봉화산응암순환,응암신내,봉화산응암순환,응암봉화산
8:11,8:16,10:05,10:04
신내응암순환,응암봉화산,봉화산응암순환,응암봉화산
8:15,8:19,10:14,10:13
봉화산응암순환,새절봉화산,신내응암순환,응암신내
8:19,8:23,10:23,10:22
봉화산응암순환,응암봉화산,봉화산응암순환,응암봉화산
8:23,8:27,10:32,10:31
봉화산응암순환,응암신내,봉화산응암순환,응암봉화산
8:27,8:32,10:41,10:40
신내응암순환,응암봉화산,신내응암순환,응암신내
8:32,8:37,10:50,10:49
봉화산응암순환,응암봉화산,봉화산응암순환,응암봉화산
8:36,8:41,10:59,10:58
봉화산응암순환,응암봉화산,봉화산응암순환,응암봉화산
8:41,8:46,11:08,11:07
봉화산새절,응암봉화산,신내응암순환,응암신내
8:46,8:50,11:17,11:16
신내응암순환,응암신내,봉화산응암순환,응암봉화산
8:51,8:54,11:26,11:25
봉화산응암순환,응암봉화산,봉화산응암순환,응암봉화산
8:57,8:58,11:35,11:34
봉화산응암순환,응암봉화산,신내응암순환,응암신내
9:03,9:02,11:44,11:43
신내응암순환,응암봉화산,봉화산응암순환,응암봉화산
9:10,9:06,11:53,11:52
봉화산응암순환,응암봉화산,봉화산응암순환,응암봉화산
9:17,9:10,12:02,12:01
봉화산응암순환,응암봉화산,신내응암순환,응암신내
9:25,9:14,12:11,12:10
신내응암순환,응암신내,봉화산응암순환,응암봉화산
9:33,9:18,12:20,12:19
봉화산응암순환,응암봉화산,봉화산응암순환,응암봉화산
9:41,9:22,12:29,12:28
봉화산응암순환,응암봉화산,신내응암순환,응암신내
9:49,9:26,12:38,12:37
신내응암순환,응암봉화산,봉화산응암순환,응암봉화산
9:57,9:30,12:47,12:46
봉화산응암순환,응암봉화산,봉화산응암순환,응암봉화산
-,9:34,12:56,12:55
-,응암봉화산,신내응암순환,응암신내
-,9:38,13:05,13:04
-,응암신내,봉화산응암순환,응암봉화산
-,9:42,13:14,13:13
-,응암봉화산,봉화산응암순환,응암봉화산
-,9:46,13:23,13:22
-,응암봉화산,신내응암순환,응암신내
-,9:50,13:32,13:31
-,응암봉화산,봉화산응암순환,응암봉화산
-,9:54,13:41,13:40
-,응암봉화산,봉화산응암순환,응암봉화산
-,9:58,13:50,13:49
-,응암봉화산,신내응암순환,응암신내
10:05,10:02,13:59,13:58
봉화산응암순환,응암신내,봉화산응암순환,응암봉화산
10:13,10:07,14:08,14:07
신내응암순환,응암봉화산,봉화산응암순환,응암봉화산
10:21,10:11,14:17,14:16
봉화산응암순환,응암봉화산,신내응암순환,응암신내
10:29,10:17,14:26,14:25
봉화산응암순환,응암봉화산,봉화산응암순환,응암봉화산
10:37,10:25,14:35,14:34
신내응암순환,응암신내,봉화산응암순환,응암봉화산
10:45,10:31,14:44,14:43
봉화산응암순환,응암봉화산,신내응암순환,응암신내
10:53,10:36,14:53,14:52
봉화산응암순환,응암봉화산,봉화산응암순환,응암봉화산
-,10:42,15:02,15:01
-,응암봉화산,봉화산응암순환,응암봉화산
-,10:49,15:11,15:10
-,응암신내,신내응암순환,응암신내
-,10:56,15:20,15:19
-,응암봉화산,봉화산응암순환,응암봉화산
11:01,11:04,15:29,15:28
신내응암순환,응암봉화산,봉화산응암순환,응암봉화산
11:09,11:12,15:38,15:37
봉화산응암순환,응암신내,신내응암순환,응암신내
11:17,11:20,15:47,15:46
봉화산응암순환,응암봉화산,봉화산응암순환,응암봉화산
11:25,11:28,15:56,15:55
신내응암순환,응암봉화산,봉화산응암순환,응암봉화산
11:33,11:36,16:05,16:04
봉화산응암순환,응암신내,신내응암순환,응암신내
11:41,11:44,16:14,16:13
봉화산응암순환,응암봉화산,봉화산응암순환,응암봉화산
11:48,11:52,16:23,16:22
신내응암순환,응암봉화산,봉화산응암순환,응암봉화산
11:56,-,16:32,16:31
봉화산응암순환,-,신내응암순환,응암신내
12:04,12:00,16:41,16:40
봉화산응암순환,응암신내,봉화산응암순환,응암봉화산
12:12,12:08,16:50,16:49
신내응암순환,응암봉화산,봉화산응암순환,응암봉화산
12:20,12:16,16:59,16:58
봉화산응암순환,응암봉화산,신내응암순환,응암신내
12:28,12:24,17:08,17:07
봉화산응암순환,응암신내,봉화산응암순환,응암봉화산
12:36,12:32,17:17,17:16
신내응암순환,응암봉화산,봉화산응암순환,응암봉화산
12:44,12:40,17:26,17:25
봉화산응암순환,응암봉화산,신내응암순환,응암신내
12:52,12:48,17:35,17:34
봉화산응암순환,응암신내,봉화산응암순환,응암봉화산
-,12:56,17:44,17:43
-,응암봉화산,봉화산응암순환,응암봉화산
13:00,13:04,17:53,17:52
신내응암순환,응암봉화산,신내응암순환,응암신내
13:08,13:12,18:02,18:01
봉화산응암순환,응암신내,봉화산응암순환,응암봉화산
13:16,13:20,18:11,18:10
봉화산응암순환,응암봉화산,봉화산응암순환,응암봉화산
13:24,13:28,18:20,18:19
신내응암순환,응암봉화산,신내응암순환,응암신내
13:32,13:35,18:29,18:28
봉화산응암순환,응암신내,봉화산응암순환,응암봉화산
13:40,13:43,18:38,18:37
봉화산응암순환,응암봉화산,봉화산응암순환,응암봉화산
13:48,13:51,18:47,18:46
신내응암순환,응암봉화산,신내응암순환,응암신내
13:56,13:59,18:56,18:55
봉화산응암순환,응암신내,봉화산응암순환,응암봉화산
14:04,14:07,19:05,19:04
봉화산응암순환,응암봉화산,봉화산응암순환,응암봉화산
14:11,14:15,19:14,19:13
신내응암순환,응암봉화산,신내응암순환,응암신내
14:19,14:23,19:23,19:22
봉화산응암순환,응암신내,봉화산응암순환,응암봉화산
14:27,14:31,19:32,19:31
봉화산응암순환,응암봉화산,봉화산응암순환,응암봉화산
14:35,14:39,19:41,19:40
신내응암순환,응암봉화산,신내응암순환,응암신내
14:43,14:47,19:50,19:49
봉화산응암순환,응암신내,봉화산응암순환,응암봉화산
14:51,14:55,19:59,19:58
봉화산응암순환,응암봉화산,봉화산응암순환,응암봉화산
14:59,-,20:08,20:07
신내응암순환,-,신내응암순환,응암신내
15:07,15:03,20:17,20:16
봉화산응암순환,응암봉화산,봉화산응암순환,응암봉화산
15:15,15:11,20:26,20:25
봉화산응암순환,응암신내,봉화산응암순환,응암봉화산
15:23,15:19,20:35,20:34
신내응암순환,응암봉화산,신내응암순환,응암신내
15:31,15:27,20:44,20:43
봉화산응암순환,응암봉화산,봉화산응암순환,응암봉화산
15:39,15:35,20:54,20:52
봉화산응암순환,응암신내,봉화산응암순환,응암봉화산
15:47,15:43,21:04,21:01
신내응암순환,응암봉화산,신내응암순환,응암신내
15:55,15:51,21:14,21:10
봉화산응암순환,응암봉화산,봉화산응암순환,응암봉화산
-,15:58,21:24,21:19
-,응암신내,봉화산응암순환,응암봉화산
16:03,16:06,21:34,21:28
봉화산응암순환,응암봉화산,신내응암순환,응암신내
16:11,16:14,21:44,21:37
신내응암순환,응암봉화산,봉화산응암순환,응암봉화산
16:19,16:22,21:54,21:46
봉화산응암순환,응암신내,봉화산응암순환,응암봉화산
16:26,16:30,-,21:55
봉화산응암순환,응암봉화산,-,응암신내
16:33,16:38,22:04,22:04
신내응암순환,응암봉화산,신내응암순환,응암봉화산
16:38,16:46,22:14,22:13
봉화산응암순환,응암신내,봉화산응암순환,응암신내
16:44,16:54,22:24,22:22
봉화산응암순환,응암봉화산,신내응암순환,응암봉화산
16:50,-,22:36,22:32
봉화산응암순환,-,봉화산응암순환,응암봉화산
16:56,-,22:46,22:42
신내응암순환,-,신내응암순환,응암신내
17:02,17:02,22:58막,22:52
봉화산응암순환,응암봉화산,봉화산응암순환,응암봉화산
17:08,17:10,23:10막,23:02
봉화산응암순환,응암신내,신내독바위,응암봉화산
17:14,17:18,23:21막,23:12
봉화산응암순환,응암봉화산,봉화산응암,응암신내
17:20,17:26,23:32막,23:22
신내응암순환,응암봉화산,신내대흥,응암봉화산
17:26,17:34,23:43막,23:32막
봉화산응암순환,응암신내,봉화산공덕,응암신내
17:32,17:42,23:54막,23:42
봉화산응암순환,응암봉화산,봉화산한강진,응암봉화산
17:38,17:50,-,23:52막
봉화산응암순환,응암신내,-,응암봉화산
17:44,17:59,-,-
신내응암순환,응암봉화산,-,-
17:50,-,-,-
봉화산응암순환,-,-,-
17:56,-,-,-
봉화산응암순환,-,-,-
18:02,18:06,-,-
봉화산응암순환,응암신내,-,-
18:07,18:12,-,-
신내응암순환,응암봉화산,-,-
18:13,18:17,-,-
봉화산응암순환,응암봉화산,-,-
18:18,18:24,-,-
봉화산응암순환,응암신내,-,-
18:23,18:29,-,-
신내응암순환,응암봉화산,-,-
18:28,18:35,-,-
봉화산응암순환,응암봉화산,-,-
18:33,18:41,-,-
봉화산응암순환,응암신내,-,-
18:39,18:47,-,-
신내응암순환,응암봉화산,-,-
18:45,18:53,-,-
봉화산응암순환,응암봉화산,-,-
18:51,18:59,-,-
봉화산응암순환,응암봉화산,-,-
18:57,-,-,-
신내응암순환,-,-,-
19:03,19:05,-,-
봉화산응암순환,응암신내,-,-
19:10,19:11,-,-
봉화산응암순환,응암봉화산,-,-
19:17,19:17,-,-
신내응암순환,응암봉화산,-,-
19:24,19:23,-,-
봉화산응암순환,응암신내,-,-
19:31,19:29,-,-
봉화산응암순환,응암봉화산,-,-
19:38,19:35,-,-
신내응암순환,응암봉화산,-,-
19:45,19:41,-,-
봉화산응암순환,응암봉화산,-,-
19:52,19:47,-,-
봉화산응암순환,응암신내,-,-
19:59,19:52,-,-
신내응암순환,응암봉화산,-,-
-,19:57,-,-
-,응암봉화산,-,-
20:06,20:02,-,-
봉화산응암순환,응암신내,-,-
20:13,20:07,-,-
봉화산응암순환,응암봉화산,-,-
20:21,20:12,-,-
신내응암순환,응암봉화산,-,-
20:29,20:18,-,-
봉화산응암순환,응암봉화산,-,-
20:37,20:24,-,-
신내응암순환,응암봉화산,-,-
20:45,20:30,-,-
봉화산응암순환,응암신내,-,-
20:53,20:36,-,-
봉화산응암순환,응암봉화산,-,-
-,20:43,-,-
-,응암신내,-,-
-,20:49,-,-
-,응암봉화산,-,-
-,20:56,-,-
-,응암봉화산,-,-
21:00,21:03,-,-
신내응암순환,응암신내,-,-
21:10,21:10,-,-
봉화산응암순환,응암봉화산,-,-
21:17,21:17,-,-
신내응암순환,응암봉화산,-,-
21:26,21:24,-,-
봉화산응암순환,응암신내,-,-
21:35,21:31,-,-
신내응암순환,응암봉화산,-,-
21:44,21:38,-,-
봉화산응암순환,응암봉화산,-,-
21:52,21:45,-,-
봉화산응암순환,응암신내,-,-
-,21:52,-,-
-,응암봉화산,-,-
22:00,22:00,-,-
신내응암순환,응암봉화산,-,-
22:09,22:08,-,-
봉화산응암순환,응암봉화산,-,-
22:18,22:16,-,-
신내응암순환,응암신내,-,-
22:27,22:24,-,-
봉화산응암순환,응암봉화산,-,-
22:37,22:32,-,-
봉화산응암순환,응암신내,-,-
22:47,22:40,-,-
신내응암순환,응암봉화산,-,-
22:58,22:49,-,-
봉화산응암순환,응암신내,-,-
-,22:57,-,-
-,응암봉화산,-,-
23:06,23:06,-,-
신내응암순환,응암신내,-,-
23:14,23:14,-,-
봉화산응암순환,응암봉화산,-,-
23:24,23:23,-,-
신내응암순환,응암신내,-,-
23:33,23:31,-,-
봉화산독바위,응암봉화산,-,-
23:42,23:39,-,-
신내응암순환,응암신내,-,-
23:57막,23:48,-,-
신내응암순환,응암봉화산,-,-
-,23:57,-,-
-,응암봉화산,-,-
00:13막,0:06,-,-
신내새절,응암신내,-,-
00:32막,0:16,-,-
신내공덕,응암봉화산,-,-
00:46막,00:25막,-,-
봉화산한강진,응암신내,-,-
-,0:37,-,-
-,응암봉화산,-,-
-,00:45막,-,-
-,응암봉화산,-,-
