﻿약수방면,신당방면,약수방면,신당방면
평일,평일,주말,주말
05:38첫,05:35첫,05:38첫,05:35첫
안암응암순환,한강진신내,안암응암순환,한강진신내
5:45,5:48,5:45,5:48
상월곡응암순환,공덕신내,상월곡응암순환,공덕신내
5:52,-,5:52,-
봉화산응암순환,-,봉화산응암순환,-
5:59,-,6:01,6:03
봉화산응암순환,-,봉화산응암순환,새절신내
6:06,6:03,6:10,6:14
신내응암순환,새절신내,신내응암순환,독바위봉화산
6:13,6:14,6:19,6:24
봉화산응암순환,독바위봉화산,봉화산응암순환,응암신내
6:20,6:24,6:28,6:35
봉화산응암순환,응암신내,신내응암순환,응암봉화산
6:27,6:35,6:37,6:44
신내응암순환,응암봉화산,신내응암순환,응암신내
6:33,6:45,6:46,6:53
봉화산응암순환,응암신내,봉화산응암순환,응암봉화산
6:39,6:53,6:55,-
신내응암순환,응암봉화산,신내응암순환,-
6:45,-,7:04,7:00
봉화산응암순환,-,봉화산응암순환,응암신내
6:51,-,7:13,7:08
봉화산응암순환,-,신내응암순환,응암봉화산
6:56,-,7:22,7:15
신내응암순환,-,봉화산응암순환,응암봉화산
7:01,7:00,7:31,7:24
봉화산응암순환,응암신내,신내응암순환,응암신내
7:06,7:08,7:40,7:33
봉화산응암순환,응암봉화산,봉화산응암순환,응암봉화산
7:10,7:15,7:49,7:41
봉화산응암순환,응암신내,신내응암순환,응암봉화산
7:15,7:22,7:58,7:50
신내응암순환,응암봉화산,봉화산응암순환,응암신내
7:19,7:29,-,7:59
봉화산응암순환,응암신내,-,응암봉화산
7:23,7:36,8:07,8:08
봉화산응암순환,응암봉화산,신내응암순환,응암봉화산
7:27,7:43,8:16,8:17
봉화산응암순환,응암신내,봉화산응암순환,응암신내
7:31,7:50,8:25,8:26
신내응암순환,응암봉화산,봉화산응암순환,응암봉화산
7:35,7:56,8:34,8:35
봉화산응암순환,응암봉화산,신내응암순환,응암봉화산
7:39,-,8:43,8:44
봉화산응암순환,-,봉화산응암순환,응암신내
7:43,-,8:52,8:53
봉화산응암순환,-,봉화산응암순환,응암봉화산
7:47,-,9:01,9:02
신내응암순환,-,신내응암순환,응암봉화산
7:51,-,9:10,9:11
봉화산응암순환,-,봉화산응암순환,응암신내
7:55,-,9:19,9:20
봉화산응암순환,-,봉화산응암순환,응암봉화산
7:59,-,9:28,9:29
봉화산응암순환,-,신내응암순환,응암봉화산
8:03,8:02,9:37,9:38
신내응암순환,응암신내,봉화산응암순환,응암신내
8:07,8:08,9:46,9:47
봉화산응암순환,응암봉화산,봉화산응암순환,응암봉화산
8:11,8:11,9:55,9:56
봉화산응암순환,새절봉화산,신내응암순환,응암봉화산
8:15,8:15,10:04,10:05
봉화산응암순환,응암봉화산,봉화산응암순환,응암신내
8:19,8:19,10:13,10:14
신내응암순환,응암신내,봉화산응암순환,응암봉화산
8:23,8:24,10:22,10:23
봉화산응암순환,응암봉화산,신내응암순환,응암봉화산
8:27,8:28,10:31,10:32
봉화산응암순환,응암봉화산,봉화산응암순환,응암신내
8:31,8:33,10:40,10:41
봉화산응암순환,응암봉화산,봉화산응암순환,응암봉화산
8:36,8:37,10:49,10:50
신내응암순환,응암봉화산,신내응암순환,응암봉화산
8:40,8:42,10:58,10:59
봉화산응암순환,응암신내,봉화산응암순환,응암신내
8:45,8:46,11:07,11:08
봉화산응암순환,응암봉화산,봉화산응암순환,응암봉화산
8:49,8:50,11:16,11:17
봉화산새절,응암봉화산,신내응암순환,응암봉화산
8:54,8:54,11:25,11:26
신내응암순환,응암봉화산,봉화산응암순환,응암신내
-,8:58,11:34,11:35
-,응암봉화산,봉화산응암순환,응암봉화산
9:00,9:02,11:43,11:44
봉화산응암순환,응암봉화산,신내응암순환,응암봉화산
9:05,9:06,11:52,11:53
봉화산응암순환,응암신내,봉화산응암순환,응암신내
9:11,9:10,12:01,12:02
신내응암순환,응암봉화산,봉화산응암순환,응암봉화산
9:18,9:14,12:10,12:11
봉화산응암순환,응암봉화산,신내응암순환,응암봉화산
9:25,9:18,12:19,12:20
봉화산응암순환,응암봉화산,봉화산응암순환,응암신내
9:33,9:22,12:28,12:29
신내응암순환,응암봉화산,봉화산응암순환,응암봉화산
9:41,9:26,12:37,12:38
봉화산응암순환,응암봉화산,신내응암순환,응암봉화산
9:49,9:30,12:46,12:47
봉화산응암순환,응암신내,봉화산응암순환,응암신내
9:57,9:34,12:55,12:56
신내응암순환,응암봉화산,봉화산응암순환,응암봉화산
-,9:38,13:04,13:05
-,응암봉화산,신내응암순환,응암봉화산
-,9:42,13:13,13:14
-,응암봉화산,봉화산응암순환,응암신내
-,9:46,13:22,13:23
-,응암봉화산,봉화산응암순환,응암봉화산
-,9:50,13:31,13:32
-,응암봉화산,신내응암순환,응암봉화산
-,9:54,13:40,13:41
-,응암신내,봉화산응암순환,응암신내
-,9:58,13:49,13:50
-,응암봉화산,봉화산응암순환,응암봉화산
10:05,10:03,13:58,13:59
봉화산응암순환,응암봉화산,신내응암순환,응암봉화산
10:13,10:09,14:07,14:08
봉화산응암순환,응암봉화산,봉화산응암순환,응암신내
10:21,10:17,14:16,14:17
신내응암순환,응암신내,봉화산응암순환,응암봉화산
10:29,10:22,14:25,14:26
봉화산응암순환,응암봉화산,신내응암순환,응암봉화산
10:37,10:28,14:34,14:35
봉화산응암순환,응암봉화산,봉화산응암순환,응암신내
10:45,10:34,14:43,14:44
신내응암순환,응암봉화산,봉화산응암순환,응암봉화산
10:53,10:41,14:52,14:53
봉화산응암순환,응암신내,신내응암순환,응암봉화산
-,10:48,15:01,15:02
-,응암봉화산,봉화산응암순환,응암신내
-,10:56,15:10,15:11
-,응암봉화산,봉화산응암순환,응암봉화산
11:01,11:04,15:19,15:20
봉화산응암순환,응암신내,신내응암순환,응암봉화산
11:09,11:12,15:28,15:29
신내응암순환,응암봉화산,봉화산응암순환,응암신내
11:17,11:20,15:37,15:38
봉화산응암순환,응암봉화산,봉화산응암순환,응암봉화산
11:25,11:28,15:46,15:47
봉화산응암순환,응암신내,신내응암순환,응암봉화산
11:33,11:36,15:55,15:56
신내응암순환,응암봉화산,봉화산응암순환,응암신내
11:41,11:44,16:04,16:05
봉화산응암순환,응암봉화산,봉화산응암순환,응암봉화산
11:49,11:52,16:13,16:14
봉화산응암순환,응암신내,신내응암순환,응암봉화산
11:57,-,16:22,16:23
신내응암순환,-,봉화산응암순환,응암신내
12:04,12:00,16:31,16:32
봉화산응암순환,응암봉화산,봉화산응암순환,응암봉화산
12:12,12:08,16:40,16:41
봉화산응암순환,응암봉화산,신내응암순환,응암봉화산
12:20,12:16,16:49,16:50
신내응암순환,응암신내,봉화산응암순환,응암신내
12:28,12:24,16:58,16:59
봉화산응암순환,응암봉화산,봉화산응암순환,응암봉화산
12:36,12:32,17:07,17:08
봉화산응암순환,응암봉화산,신내응암순환,응암봉화산
12:44,12:40,17:16,17:17
신내응암순환,응암신내,봉화산응암순환,응암신내
12:52,12:48,17:25,17:26
봉화산응암순환,응암봉화산,봉화산응암순환,응암봉화산
-,12:56,17:34,17:35
-,응암봉화산,신내응암순환,응암봉화산
13:00,13:04,17:43,17:44
봉화산응암순환,응암신내,봉화산응암순환,응암신내
13:08,13:12,17:52,17:53
신내응암순환,응암봉화산,봉화산응암순환,응암봉화산
13:16,13:19,18:01,18:02
봉화산응암순환,응암봉화산,신내응암순환,응암봉화산
13:24,13:27,18:10,18:11
봉화산응암순환,응암신내,봉화산응암순환,응암신내
13:32,13:35,18:19,18:20
신내응암순환,응암봉화산,봉화산응암순환,응암봉화산
13:40,13:43,18:28,18:29
봉화산응암순환,응암봉화산,신내응암순환,응암봉화산
13:48,13:51,18:37,18:38
봉화산응암순환,응암신내,봉화산응암순환,응암신내
13:56,13:59,18:46,18:47
신내응암순환,응암봉화산,봉화산응암순환,응암봉화산
14:04,14:07,18:55,18:56
봉화산응암순환,응암봉화산,신내응암순환,응암봉화산
14:12,14:15,19:04,19:05
봉화산응암순환,응암신내,봉화산응암순환,응암신내
14:20,14:23,19:13,19:14
신내응암순환,응암봉화산,봉화산응암순환,응암봉화산
14:27,14:31,19:22,19:23
봉화산응암순환,응암봉화산,신내응암순환,응암봉화산
14:35,14:39,19:31,19:32
봉화산응암순환,응암신내,봉화산응암순환,응암신내
14:43,14:47,19:40,19:41
신내응암순환,응암봉화산,봉화산응암순환,응암봉화산
14:51,14:55,19:49,19:50
봉화산응암순환,응암봉화산,신내응암순환,응암봉화산
14:59,-,19:58,19:59
봉화산응암순환,-,봉화산응암순환,응암신내
15:07,15:03,20:07,20:08
신내응암순환,응암신내,봉화산응암순환,응암봉화산
15:15,15:11,20:16,20:17
봉화산응암순환,응암봉화산,신내응암순환,응암봉화산
15:23,15:19,20:25,20:26
봉화산응암순환,응암봉화산,봉화산응암순환,응암신내
15:31,15:27,20:34,20:35
신내응암순환,응암신내,봉화산응암순환,응암봉화산
15:39,15:35,20:43,20:44
봉화산응암순환,응암봉화산,신내응암순환,응암봉화산
15:47,15:42,20:52,20:53
봉화산응암순환,응암봉화산,봉화산응암순환,응암신내
15:55,15:50,21:02,21:02
신내응암순환,응암신내,봉화산응암순환,응암봉화산
-,15:58,21:12,21:11
-,응암봉화산,신내응암순환,응암봉화산
16:03,16:06,21:22,21:20
봉화산응암순환,응암봉화산,봉화산응암순환,응암신내
16:11,16:14,21:32,21:29
봉화산응암순환,응암신내,봉화산응암순환,응암봉화산
16:19,16:22,21:42,21:38
신내응암순환,응암봉화산,신내응암순환,응암봉화산
16:28,16:30,21:52,21:47
봉화산응암순환,응암봉화산,봉화산응암순환,응암신내
16:35,16:38,-,21:56
봉화산응암순환,응암신내,-,응암봉화산
16:41,16:46,22:02,22:05
신내응암순환,응암봉화산,봉화산응암순환,응암신내
16:46,16:54,22:12,22:14
봉화산응암순환,응암봉화산,신내응암순환,응암봉화산
16:53,-,22:22,22:24
봉화산응암순환,-,봉화산응암순환,응암봉화산
16:58,-,22:32,22:34
봉화산응암순환,-,신내응암순환,응암신내
17:04,17:02,22:44,22:44
신내응암순환,응암신내,봉화산응암순환,응암봉화산
17:10,17:10,22:54,22:54
봉화산응암순환,응암봉화산,신내응암순환,응암봉화산
17:16,17:18,23:06막,23:04
봉화산응암순환,응암봉화산,봉화산응암순환,응암신내
17:22,17:26,23:18막,23:14
봉화산응암순환,응암신내,신내독바위,응암봉화산
17:28,17:34,23:29막,23:24막
신내응암순환,응암봉화산,봉화산응암,응암신내
17:34,17:42,23:40막,23:34
봉화산응암순환,응암신내,신내대흥,응암봉화산
17:40,17:50,23:51막,23:44막
봉화산응암순환,응암봉화산,봉화산공덕,응암봉화산
17:46,17:57,-,23:55막
봉화산응암순환,응암신내,-,응암안암
17:52,-,00:02막,-
신내응암순환,-,봉화산한강진,-
17:58,-,-,-
봉화산응암순환,-,-,-
18:04,18:03,-,-
봉화산응암순환,응암봉화산,-,-
18:10,18:09,-,-
봉화산응암순환,응암봉화산,-,-
18:16,18:15,-,-
신내응암순환,응암신내,-,-
18:21,18:21,-,-
봉화산응암순환,응암봉화산,-,-
18:26,18:27,-,-
봉화산응암순환,응암봉화산,-,-
18:31,18:33,-,-
신내응암순환,응암신내,-,-
18:36,18:39,-,-
봉화산응암순환,응암봉화산,-,-
18:41,18:45,-,-
봉화산응암순환,응암봉화산,-,-
18:47,18:51,-,-
신내응암순환,응암봉화산,-,-
18:53,18:57,-,-
봉화산응암순환,응암신내,-,-
18:59,-,-,-
봉화산응암순환,-,-,-
19:05,19:03,-,-
신내응암순환,응암봉화산,-,-
19:12,19:09,-,-
봉화산응암순환,응암봉화산,-,-
19:18,19:15,-,-
봉화산응암순환,응암신내,-,-
19:25,19:21,-,-
신내응암순환,응암봉화산,-,-
19:32,19:27,-,-
봉화산응암순환,응암봉화산,-,-
19:39,19:33,-,-
봉화산응암순환,응암봉화산,-,-
19:46,19:38,-,-
신내응암순환,응암신내,-,-
19:53,19:44,-,-
봉화산응암순환,응암봉화산,-,-
-,19:49,-,-
-,응암봉화산,-,-
-,19:54,-,-
-,응암신내,-,-
-,19:59,-,-
-,응암봉화산,-,-
20:00,20:04,-,-
봉화산응암순환,응암봉화산,-,-
20:07,20:10,-,-
신내응암순환,응암봉화산,-,-
20:14,20:16,-,-
봉화산응암순환,응암봉화산,-,-
20:21,20:22,-,-
봉화산응암순환,응암신내,-,-
20:29,20:28,-,-
신내응암순환,응암봉화산,-,-
20:37,20:34,-,-
봉화산응암순환,응암신내,-,-
20:45,20:41,-,-
신내응암순환,응암봉화산,-,-
20:53,20:48,-,-
봉화산응암순환,응암봉화산,-,-
-,20:55,-,-
-,응암신내,-,-
21:01,21:02,-,-
봉화산응암순환,응암봉화산,-,-
21:09,21:09,-,-
신내응암순환,응암봉화산,-,-
21:18,21:16,-,-
봉화산응암순환,응암신내,-,-
21:26,21:23,-,-
신내응암순환,응암봉화산,-,-
21:34,21:30,-,-
봉화산응암순환,응암봉화산,-,-
21:43,21:37,-,-
신내응암순환,응암신내,-,-
21:52,21:44,-,-
봉화산응암순환,응암봉화산,-,-
-,21:52,-,-
-,응암봉화산,-,-
22:00,22:00,-,-
봉화산응암순환,응암봉화산,-,-
22:08,22:08,-,-
신내응암순환,응암신내,-,-
22:17,22:16,-,-
봉화산응암순환,응암봉화산,-,-
22:26,22:24,-,-
신내응암순환,응암신내,-,-
22:35,22:31,-,-
봉화산응암순환,응암봉화산,-,-
22:45,22:40,-,-
봉화산응암순환,응암신내,-,-
22:55,22:48,-,-
신내응암순환,응암봉화산,-,-
-,22:57,-,-
-,응암신내,-,-
23:06,23:06,-,-
봉화산응암순환,응암봉화산,-,-
23:14,23:15,-,-
신내응암순환,응암신내,-,-
23:22,23:23,-,-
봉화산응암순환,응암봉화산,-,-
23:32,23:30,-,-
신내응암순환,응암신내,-,-
23:41,23:39,-,-
봉화산독바위,응암봉화산,-,-
23:50,23:49,-,-
신내응암순환,응암봉화산,-,-
-,23:57,-,-
-,응암신내,-,-
00:05막,0:07,-,-
신내응암순환,응암봉화산,-,-
00:21막,00:17막,-,-
신내새절,응암신내,-,-
00:40막,0:28,-,-
신내공덕,응암봉화산,-,-
00:54막,00:37막,-,-
봉화산한강진,응암봉화산,-,-
