﻿공덕방면,삼각지방면,공덕방면,삼각지방면
평일,평일,주말,주말
05:43첫,05:35첫,05:43첫,05:35첫
한강진응암순환,공덕신내,한강진응암순환,공덕신내
5:51,5:50,5:51,5:50
안암응암순환,새절신내,안암응암순환,새절신내
5:58,-,5:58,-
상월곡응암순환,-,상월곡응암순환,-
6:05,6:01,6:05,6:01
봉화산응암순환,독바위봉화산,봉화산응암순환,독바위봉화산
6:12,6:11,6:14,6:11
봉화산응암순환,응암신내,봉화산응암순환,응암신내
6:19,6:22,6:23,6:22
신내응암순환,응암봉화산,신내응암순환,응암봉화산
6:26,6:32,6:32,6:31
봉화산응암순환,응암신내,봉화산응암순환,응암신내
6:33,6:40,6:41,6:40
봉화산응암순환,응암봉화산,신내응암순환,응암봉화산
6:40,6:47,6:50,6:47
신내응암순환,응암신내,신내응암순환,응암신내
6:46,6:55,6:59,6:55
봉화산응암순환,응암봉화산,봉화산응암순환,응암봉화산
6:52,-,7:08,7:02
신내응암순환,-,신내응암순환,응암봉화산
6:58,-,7:17,7:11
봉화산응암순환,-,봉화산응암순환,응암신내
7:04,7:02,7:26,7:20
봉화산응암순환,응암신내,신내응암순환,응암봉화산
7:09,7:09,7:35,7:28
신내응암순환,응암봉화산,봉화산응암순환,응암봉화산
7:14,7:16,7:44,7:37
봉화산응암순환,응암신내,신내응암순환,응암신내
7:19,7:23,7:53,7:46
봉화산응암순환,응암봉화산,봉화산응암순환,응암봉화산
7:23,7:30,-,7:55
봉화산응암순환,응암신내,-,응암봉화산
7:28,7:37,8:02,8:04
신내응암순환,응암봉화산,신내응암순환,응암신내
7:32,7:43,8:11,8:13
봉화산응암순환,응암봉화산,봉화산응암순환,응암봉화산
7:36,7:49,8:20,8:22
봉화산응암순환,응암신내,신내응암순환,응암봉화산
7:40,7:55,8:29,8:31
봉화산응암순환,응암봉화산,봉화산응암순환,응암신내
7:44,7:58,8:38,8:40
신내응암순환,새절봉화산,봉화산응암순환,응암봉화산
7:48,-,8:47,8:49
봉화산응암순환,-,신내응암순환,응암봉화산
7:52,-,8:56,8:58
봉화산응암순환,-,봉화산응암순환,응암신내
7:56,-,9:05,9:07
봉화산응암순환,-,봉화산응암순환,응암봉화산
8:00,8:02,9:14,9:16
신내응암순환,응암봉화산,신내응암순환,응암봉화산
8:04,8:06,9:23,9:25
봉화산응암순환,응암신내,봉화산응암순환,응암신내
8:08,8:11,9:32,9:34
봉화산응암순환,응암봉화산,봉화산응암순환,응암봉화산
8:12,8:15,9:41,9:43
봉화산응암순환,응암봉화산,신내응암순환,응암봉화산
8:16,8:20,9:50,9:52
신내응암순환,응암봉화산,봉화산응암순환,응암신내
8:20,8:24,9:59,-
봉화산응암순환,응암봉화산,봉화산응암순환,-
8:24,8:29,10:08,10:01
봉화산응암순환,응암신내,신내응암순환,응암봉화산
8:28,8:33,10:17,10:10
봉화산응암순환,응암봉화산,봉화산응암순환,응암봉화산
8:32,8:37,10:26,10:19
신내응암순환,응암봉화산,봉화산응암순환,응암신내
8:36,8:41,10:35,10:28
봉화산응암순환,응암봉화산,신내응암순환,응암봉화산
8:40,8:45,10:44,10:37
봉화산응암순환,응암봉화산,봉화산응암순환,응암봉화산
8:44,8:49,10:53,10:46
봉화산응암순환,응암봉화산,봉화산응암순환,응암신내
8:49,8:53,-,10:55
신내응암순환,응암신내,-,응암봉화산
8:53,8:57,11:02,11:04
봉화산응암순환,응암봉화산,신내응암순환,응암봉화산
8:58,-,11:11,11:13
봉화산응암순환,-,봉화산응암순환,응암신내
9:02,9:01,11:20,11:22
봉화산새절,응암봉화산,봉화산응암순환,응암봉화산
9:07,9:05,11:29,11:31
신내응암순환,응암봉화산,신내응암순환,응암봉화산
9:13,9:09,11:38,11:40
봉화산응암순환,응암봉화산,봉화산응암순환,응암신내
9:18,9:13,11:47,11:49
봉화산응암순환,응암봉화산,봉화산응암순환,응암봉화산
9:24,9:17,11:56,11:58
신내응암순환,응암신내,신내응암순환,응암봉화산
9:31,9:21,12:05,12:07
봉화산응암순환,응암봉화산,봉화산응암순환,응암신내
9:38,9:25,12:14,12:16
봉화산응암순환,응암봉화산,봉화산응암순환,응암봉화산
9:46,9:29,12:23,12:25
신내응암순환,응암봉화산,신내응암순환,응암봉화산
9:54,9:33,12:32,12:34
봉화산응암순환,응암봉화산,봉화산응암순환,응암신내
-,9:37,12:41,12:43
-,응암봉화산,봉화산응암순환,응암봉화산
-,9:41,12:50,12:52
-,응암신내,신내응암순환,응암봉화산
-,9:45,12:59,-
-,응암봉화산,봉화산응암순환,-
-,9:50,13:08,13:01
-,응암봉화산,봉화산응암순환,응암신내
-,9:56,13:17,13:10
-,응암봉화산,신내응암순환,응암봉화산
10:02,10:04,13:26,13:19
봉화산응암순환,응암신내,봉화산응암순환,응암봉화산
10:10,10:09,13:35,13:28
신내응암순환,응암봉화산,봉화산응암순환,응암신내
10:18,10:15,13:44,13:37
봉화산응암순환,응암봉화산,신내응암순환,응암봉화산
10:26,10:21,13:53,13:46
봉화산응암순환,응암봉화산,봉화산응암순환,응암봉화산
10:34,10:28,-,13:55
신내응암순환,응암신내,-,응암신내
10:42,10:35,14:02,14:04
봉화산응암순환,응암봉화산,봉화산응암순환,응암봉화산
10:50,10:43,14:11,14:13
봉화산응암순환,응암봉화산,신내응암순환,응암봉화산
10:58,10:51,14:20,14:22
신내응암순환,응암신내,봉화산응암순환,응암신내
-,10:59,14:29,14:31
-,응암봉화산,봉화산응암순환,응암봉화산
11:06,11:07,14:38,14:40
봉화산응암순환,응암봉화산,신내응암순환,응암봉화산
11:14,11:15,14:47,14:49
봉화산응암순환,응암신내,봉화산응암순환,응암신내
11:22,11:23,14:56,14:58
신내응암순환,응암봉화산,봉화산응암순환,응암봉화산
11:30,11:31,15:05,15:07
봉화산응암순환,응암봉화산,신내응암순환,응암봉화산
11:38,11:39,15:14,15:16
봉화산응암순환,응암신내,봉화산응암순환,응암신내
11:46,11:47,15:23,15:25
신내응암순환,응암봉화산,봉화산응암순환,응암봉화산
11:54,11:55,15:32,15:34
봉화산응암순환,응암봉화산,신내응암순환,응암봉화산
12:02,12:03,15:41,15:43
봉화산응암순환,응암신내,봉화산응암순환,응암신내
12:10,12:11,15:50,15:52
신내응암순환,응암봉화산,봉화산응암순환,응암봉화산
12:17,12:19,15:59,-
봉화산응암순환,응암봉화산,신내응암순환,-
12:25,12:27,16:08,16:01
봉화산응암순환,응암신내,봉화산응암순환,응암봉화산
12:33,12:35,16:17,16:10
신내응암순환,응암봉화산,봉화산응암순환,응암신내
12:41,12:43,16:26,16:19
봉화산응암순환,응암봉화산,신내응암순환,응암봉화산
12:49,12:51,16:35,16:28
봉화산응암순환,응암신내,봉화산응암순환,응암봉화산
12:57,12:59,16:44,16:37
신내응암순환,응암봉화산,봉화산응암순환,응암신내
13:05,13:06,16:53,16:46
봉화산응암순환,응암봉화산,신내응암순환,응암봉화산
13:13,13:14,-,16:55
봉화산응암순환,응암신내,-,응암봉화산
13:21,13:22,17:02,17:04
신내응암순환,응암봉화산,봉화산응암순환,응암신내
13:29,13:30,17:11,17:13
봉화산응암순환,응암봉화산,봉화산응암순환,응암봉화산
13:37,13:38,17:20,17:22
봉화산응암순환,응암신내,신내응암순환,응암봉화산
13:45,13:46,17:29,17:31
신내응암순환,응암봉화산,봉화산응암순환,응암신내
13:53,13:54,17:38,17:40
봉화산응암순환,응암봉화산,봉화산응암순환,응암봉화산
14:01,14:02,17:47,17:49
봉화산응암순환,응암신내,신내응암순환,응암봉화산
14:09,14:10,17:56,17:58
신내응암순환,응암봉화산,봉화산응암순환,응암신내
14:17,14:18,18:05,18:07
봉화산응암순환,응암봉화산,봉화산응암순환,응암봉화산
14:25,14:26,18:14,18:16
봉화산응암순환,응암신내,신내응암순환,응암봉화산
14:33,14:34,18:23,18:25
신내응암순환,응암봉화산,봉화산응암순환,응암신내
14:40,14:42,18:32,18:34
봉화산응암순환,응암봉화산,봉화산응암순환,응암봉화산
14:48,14:50,18:41,18:43
봉화산응암순환,응암신내,신내응암순환,응암봉화산
14:56,14:58,18:50,18:52
신내응암순환,응암봉화산,봉화산응암순환,응암신내
15:04,15:06,18:59,-
봉화산응암순환,응암봉화산,봉화산응암순환,-
15:12,15:14,19:08,19:01
봉화산응암순환,응암신내,신내응암순환,응암봉화산
15:20,15:22,19:17,19:10
신내응암순환,응암봉화산,봉화산응암순환,응암봉화산
15:28,15:29,19:26,19:19
봉화산응암순환,응암봉화산,봉화산응암순환,응암신내
15:36,15:37,19:35,19:28
봉화산응암순환,응암신내,신내응암순환,응암봉화산
15:44,15:45,19:44,19:37
신내응암순환,응암봉화산,봉화산응암순환,응암봉화산
15:52,15:53,19:53,19:46
봉화산응암순환,응암봉화산,봉화산응암순환,응암신내
16:00,16:01,-,19:55
봉화산응암순환,응암신내,-,응암봉화산
16:08,16:09,20:02,20:04
신내응암순환,응암봉화산,신내응암순환,응암봉화산
16:16,16:17,20:11,20:13
봉화산응암순환,응암봉화산,봉화산응암순환,응암신내
16:24,16:25,20:20,20:22
봉화산응암순환,응암신내,봉화산응암순환,응암봉화산
16:32,16:33,20:29,20:31
신내응암순환,응암봉화산,신내응암순환,응암봉화산
16:41,16:41,20:38,20:40
봉화산응암순환,응암봉화산,봉화산응암순환,응암신내
16:48,16:49,20:47,20:49
봉화산응암순환,응암신내,봉화산응암순환,응암봉화산
16:54,16:57,20:56,20:58
신내응암순환,응암봉화산,신내응암순환,응암봉화산
16:59,-,21:05,21:07
봉화산응암순환,-,봉화산응암순환,응암신내
17:06,17:05,21:15,21:16
봉화산응암순환,응암봉화산,봉화산응암순환,응암봉화산
17:11,17:13,21:25,21:25
봉화산응암순환,응암신내,신내응암순환,응암봉화산
17:17,17:21,21:35,21:34
신내응암순환,응암봉화산,봉화산응암순환,응암신내
17:23,17:29,21:45,21:43
봉화산응암순환,응암신내,봉화산응암순환,응암봉화산
17:29,17:37,21:55,21:52
봉화산응암순환,응암봉화산,신내응암순환,응암신내
17:35,17:44,22:05,22:01
봉화산응암순환,응암신내,봉화산응암순환,응암봉화산
17:41,17:50,22:15,22:11
신내응암순환,응암봉화산,봉화산응암순환,응암봉화산
17:47,17:56,22:25,22:21
봉화산응암순환,응암봉화산,신내응암순환,응암신내
17:53,-,22:35,22:31
봉화산응암순환,-,봉화산응암순환,응암봉화산
17:59,-,22:45,22:41
봉화산응암순환,-,신내응암순환,응암봉화산
18:05,18:02,22:57,22:51
신내응암순환,응암신내,봉화산응암순환,응암신내
18:11,18:08,23:07,23:01
봉화산응암순환,응암봉화산,신내응암순환,응암봉화산
18:17,18:14,23:19막,23:11막
봉화산응암순환,응암봉화산,봉화산응암순환,응암신내
18:23,18:20,23:31막,23:21
봉화산응암순환,응암신내,신내독바위,응암봉화산
18:29,18:26,23:42막,23:31막
신내응암순환,응암봉화산,봉화산응암,응암봉화산
18:34,18:32,23:53막,23:42막
봉화산응암순환,응암봉화산,신내대흥,응암안암
18:39,18:38,-,23:53막
봉화산응암순환,응암봉화산,-,응암한강진
18:44,18:44,00:04막,-
신내응암순환,응암신내,봉화산공덕,-
18:49,18:50,-,-
봉화산응암순환,응암봉화산,-,-
18:54,18:56,-,-
봉화산응암순환,응암봉화산,-,-
19:00,19:02,-,-
신내응암순환,응암신내,-,-
19:06,19:08,-,-
봉화산응암순환,응암봉화산,-,-
19:12,19:14,-,-
봉화산응암순환,응암봉화산,-,-
19:18,19:20,-,-
신내응암순환,응암봉화산,-,-
19:25,19:25,-,-
봉화산응암순환,응암신내,-,-
19:31,19:31,-,-
봉화산응암순환,응암봉화산,-,-
19:38,19:36,-,-
신내응암순환,응암봉화산,-,-
19:45,19:41,-,-
봉화산응암순환,응암신내,-,-
19:52,19:46,-,-
봉화산응암순환,응암봉화산,-,-
19:59,19:51,-,-
신내응암순환,응암봉화산,-,-
-,19:57,-,-
-,응암봉화산,-,-
20:06,20:03,-,-
봉화산응암순환,응암봉화산,-,-
20:13,20:09,-,-
봉화산응암순환,응암신내,-,-
20:20,20:15,-,-
신내응암순환,응암봉화산,-,-
20:27,20:21,-,-
봉화산응암순환,응암신내,-,-
20:34,20:28,-,-
봉화산응암순환,응암봉화산,-,-
20:42,20:35,-,-
신내응암순환,응암봉화산,-,-
20:50,20:42,-,-
봉화산응암순환,응암신내,-,-
20:58,20:49,-,-
신내응암순환,응암봉화산,-,-
-,20:56,-,-
-,응암봉화산,-,-
21:06,21:03,-,-
봉화산응암순환,응암신내,-,-
21:14,21:10,-,-
봉화산응암순환,응암봉화산,-,-
21:22,21:17,-,-
신내응암순환,응암봉화산,-,-
21:31,21:24,-,-
봉화산응암순환,응암신내,-,-
21:39,21:31,-,-
신내응암순환,응암봉화산,-,-
21:47,21:39,-,-
봉화산응암순환,응암봉화산,-,-
21:56,21:47,-,-
신내응암순환,응암봉화산,-,-
-,21:55,-,-
-,응암신내,-,-
22:05,22:03,-,-
봉화산응암순환,응암봉화산,-,-
22:13,22:11,-,-
봉화산응암순환,응암신내,-,-
22:21,22:18,-,-
신내응암순환,응암봉화산,-,-
22:30,22:27,-,-
봉화산응암순환,응암신내,-,-
22:39,22:35,-,-
신내응암순환,응암봉화산,-,-
22:48,22:44,-,-
봉화산응암순환,응암신내,-,-
22:58,22:53,-,-
봉화산응암순환,응암봉화산,-,-
23:08,23:02,-,-
신내응암순환,응암신내,-,-
23:19,23:10,-,-
봉화산응암순환,응암봉화산,-,-
23:27,23:18,-,-
신내응암순환,응암신내,-,-
23:35,23:27,-,-
봉화산응암순환,응암봉화산,-,-
23:45,23:36,-,-
신내응암순환,응암봉화산,-,-
23:54,23:45,-,-
봉화산독바위,응암신내,-,-
-,23:55,-,-
-,응암봉화산,-,-
0:03,00:04막,-,-
신내응암순환,응암신내,-,-
00:18막,0:16,-,-
신내응암순환,응암봉화산,-,-
00:34막,00:24막,-,-
신내새절,응암봉화산,-,-
00:53막,00:42막,-,-
신내공덕,응암한강진,-,-
