﻿노량진방면,신길방면,노량진방면,신길방면
평일,평일,주말,주말
05:09첫,05:31첫,05:09첫,05:31첫
구로동두천,서울역서동탄,구로동두천,서울역서동탄
5:19,05:41급첫,05:29첫,05:42첫
구로청량리,용산동인천,구로연천,광운대인천
5:29,05:42첫,5:34,5:48
구로동두천,광운대인천,구로청량리,동묘앞서동탄
5:37,5:49,5:43,5:54
부평동두천,창동인천,부평소요산,광운대인천
5:44,5:54,05:53급첫,05:58급첫
구로청량리,광운대서동탄,부천용산,용산동인천
05:53급첫,-,5:56,-
부천용산,-,인천양주,-
5:56,-,6:01,6:00
인천양주,-,병점광운대,동묘앞인천
6:00,6:00,6:07,6:06
병점광운대,동묘앞인천,인천동두천,광운대서동탄
06:06급첫,6:05,06:12급,6:12
인천동두천,동묘앞서동탄,동인천용산,의정부인천
06:09급,6:11,6:13,06:14급
동인천용산,의정부인천,병점청량리,용산동인천
6:09,06:14급,6:19,6:22
병점청량리,용산부평,인천연천,광운대서동탄
6:16,6:17,6:24,6:26
인천동두천,양주인천,병점청량리,양주인천
06:20급,6:22,06:25급,06:33급
동인천용산,광운대서동탄,동인천용산,용산동인천
6:20,6:26,6:32,6:36
병점광운대,양주인천,인천양주,동묘앞인천
6:24,06:29급,6:38,6:40
구로청량리,용산동인천,서동탄광운대,광운대병점
06:29첫,06:30급첫,06:43급,6:46
인천연천,청량리신창,동인천용산,동묘앞서동탄
06:30급,6:34,6:45,06:49급
동인천용산,동묘앞인천,인천소요산,용산동인천
06:36급,6:39,6:50,6:50
구로용산,광운대서동탄,천안청량리,소요산인천
6:36,06:41급,6:56,6:55
인천동두천,용산동인천,인천양주,광운대병점
6:40,6:43,-,6:58
서동탄광운대,동묘앞인천,-,동묘앞인천
06:44급,6:50,07:00급,07:03첫
동인천용산,소요산인천,동인천용산,청량리신창
6:45,06:50급,7:02,07:04급
인천소요산,용산동인천,서동탄광운대,용산동인천
06:49급,06:55급첫,7:07,7:08
구로용산,청량리천안,인천동두천,양주인천
6:50,06:56급,7:12,7:12
천안청량리,용산동인천,신창광운대,광운대서동탄
6:55,6:59,07:16급,7:16
인천동두천,동묘앞인천,동인천용산,광운대천안
06:58급,-,7:17,7:22
동인천용산,-,인천양주,연천인천
6:59,-,7:21,07:22급
서동탄광운대,-,서동탄청량리,용산동인천
7:03,7:04,7:25,7:26
인천동두천,광운대병점,인천연천,청량리천안
07:06급,07:05급,7:29,7:31
동인천용산,용산부평,천안광운대,의정부인천
7:07,7:08,07:34급,07:35급첫
병점청량리,양주인천,동인천용산,청량리천안
7:12,07:12첫,7:34,7:39
신창광운대,광운대신창,인천의정부,광운대병점
07:15급,07:12급,7:39,07:40급
동인천용산,용산동인천,병점청량리,용산동인천
7:16,7:15,7:44,7:43
인천동두천,동묘앞인천,인천양주,광운대신창
7:21,7:19,7:48,7:46
서동탄청량리,광운대서동탄,서동탄광운대,동두천인천
07:24급,07:19급,07:50급,7:50
부평용산,용산동인천,동인천용산,동묘앞서동탄
7:26,7:23,7:52,7:55
인천연천,연천인천,신창광운대,양주인천
7:29,07:26급,7:56,07:57급
천안광운대,용산동인천,인천소요산,용산동인천
07:31급,7:26,8:00,8:04
동인천용산,청량리천안,병점청량리,소요산인천
7:35,7:31,8:03,08:07급
인천의정부,의정부인천,인천의정부,청량리천안
07:37급,07:34급,08:06급,8:12
동인천용산,청량리천안,동인천용산,광운대서동탄
7:39,07:37급,8:07,08:15급
병점청량리,용산부평,서동탄동묘앞,용산동인천
7:44,7:39,8:14,8:16
인천소요산,광운대병점,인천동두천,동두천인천
07:45급,7:43,08:15급,8:23
동인천용산,동두천인천,구로용산,연천구로
7:48,7:46,8:18,8:27
서동탄광운대,광운대신창,천안청량리,광운대신창
7:51,07:46급,08:22급,8:31
인천양주,용산동인천,동인천용산,동묘앞인천
07:52급,7:51,8:22,08:35급
동인천용산,의정부서동탄,서동탄광운대,청량리천안
7:54,07:53급,8:27,08:36급
신창광운대,용산동인천,인천연천,용산동인천
07:57급,7:55,8:31,8:39
부평용산,양주인천,서동탄광운대,광운대서동탄
7:57,07:58급,8:36,8:44
인천동두천,용산부평,신창청량리,동묘앞인천
-,7:59,08:39급,08:48급
-,광운대신창,동인천용산,용산동인천
8:02,8:02,8:41,8:49
서동탄청량리,동두천인천,인천양주,광운대신창
08:02급,08:07급,8:47,8:53
동인천용산,용산동인천,서동탄광운대,동두천인천
8:04,08:07급,8:52,08:57급
인천의정부,청량리천안,천안청량리,청량리천안
8:08,8:12,08:55급,-
천안광운대,의정부서동탄,동인천용산,-
08:08급,08:13급,8:55,-
동인천용산,용산동인천,인천소요산,-
08:12급,08:15급첫,9:01,09:01급
인천동두천,동두천인천,인천광운대,용산동인천
8:16,08:18급,9:05,9:03
서동탄광운대,용산동인천,천안광운대,광운대서동탄
8:19,8:18,09:09급첫,9:10
인천양주,청량리서동탄,신창청량리,양주구로
08:20급,8:22,9:12,9:13
부평용산,연천인천,인천동두천,청량리천안
8:23,8:26,09:15급,09:16급
서동탄동묘앞,광운대신창,동인천용산,용산동인천
08:25급,08:28급,9:17,9:17
동인천용산,용산동인천,서동탄동묘앞,소요산인천
8:28,8:30,9:23,9:23
인천연천,양주부평,천안청량리,광운대서동탄
8:32,08:33급,9:28,9:27
천안청량리,청량리천안,인천연천,연천인천
8:36,08:35급,09:33급,9:31
인천의정부,용산구로,동인천용산,청량리천안
08:39급,8:36,9:34,9:35
동인천용산,동두천인천,서동탄광운대,양주인천
8:39,8:40,9:38,9:40
병점광운대,광운대서동탄,인천의정부,광운대병점
8:44,08:40급,9:42,9:44
인천양주,용산동인천,신창광운대,동두천인천
08:47급,8:43,09:46급,09:48급첫
동인천용산,동두천구로,천안청량리,청량리신창
8:48,08:45급,09:51급,9:55
서동탄광운대,용산구로,동인천용산,광운대서동탄
08:51급,8:47,9:51,9:59
부평용산,양주인천,인천소요산,양주구로
8:52,08:49급,9:57,09:59급
신창청량리,용산동인천,천안광운대,용산동인천
8:55,8:50,10:02,10:02
인천소요산,광운대신창,인천양주,청량리신창
08:56급,8:53,10:08,10:08
동인천용산,연천부평,서동탄광운대,소요산인천
-,08:56급,10:12,10:12급
-,청량리천안,인천동두천,용산동인천
-,08:59급,10:17,10:14
-,용산동인천,신창청량리,광운대병점
-,8:59,10:21급,10:21
-,동두천인천,동인천용산,의정부인천
09:02급,9:02,10:21,10:25급
동인천용산,광운대서동탄,인천양주,용산동인천
9:02,9:07,10:25,10:25
인천동묘앞,양주인천,천안광운대,청량리천안
9:06,9:11,10:28,10:30
신창광운대,동두천부평,인천연천,연천인천
09:08급,09:12급,10:33,10:37
동인천용산,용산동인천,서동탄광운대,광운대신창
09:11급첫,9:14,10:34급,10:42
신창청량리,청량리천안,동인천용산,양주인천
09:14급,9:19,10:37,10:45
부평용산,소요산인천,인천의정부,청량리서동탄
9:14,09:22급,10:43,10:50급
인천양주,용산구로,천안광운대,용산동인천
9:18,9:23,10:47급,10:53
서동탄광운대,광운대서동탄,천안청량리,광운대신창
09:21급,09:27급,10:49급,10:57
동인천용산,동두천인천,동인천용산,동두천인천
9:22,09:34급,10:51,-
인천동묘앞,용산동인천,인천광운대,-
9:29,9:35,10:55,-
인천연천,광운대신창,병점광운대,-
09:31급,9:40,10:59,-
동인천용산,동두천인천,신창청량리,-
9:34,9:44,11:02급,11:02급
서동탄청량리,광운대병점,동인천용산,용산동인천
9:38,09:44급,11:02,11:02급
인천의정부,용산동인천,인천양주,청량리천안
9:43,9:48,11:05,11:06
천안광운대,동두천인천,서동탄광운대,광운대인천
09:47급,09:52급,11:09급,11:11
동인천용산,청량리천안,천안청량리,광운대서동탄
09:48급,9:56,11:14,11:14급
신창청량리,의정부인천,인천동두천,용산동인천
9:52,09:56급,11:18,11:16
인천소요산,용산구로,천안광운대,소요산인천
09:55급,-,11:22,11:20
동인천용산,-,인천양주,광운대구로
9:57,-,11:27,11:25
천안광운대,-,서동탄광운대,양주인천
10:01,10:01,11:31급,11:25급
인천양주,광운대서동탄,동인천용산,용산동인천
10:10급,10:01급,11:32급,11:28급
인천동두천,용산동인천,천안청량리,청량리천안
10:14,10:07,11:37,11:32
서동탄청량리,소요산인천,인천연천,광운대신창
10:18,10:10급,11:43,11:36
인천양주,용산구로,신창광운대,연천인천
10:23,10:11,11:46급,11:42
신창광운대,청량리신창,동인천용산,광운대서동탄
10:28,10:15급,11:47,11:45
인천연천,용산동인천,인천소요산,동두천인천
10:32급,10:17,11:52,11:50
동인천용산,광운대서동탄,서동탄광운대,광운대신창
10:33,10:22,11:56,11:52급
서동탄광운대,의정부인천,인천양주,용산동인천
10:39,10:26,-,11:55
인천의정부,청량리천안,-,의정부인천
10:42급,10:30,-,11:58급
천안청량리,연천인천,-,청량리천안
10:48,10:40,12:00급,12:02
부평소요산,광운대신창,동인천용산,광운대천안
10:53,10:43,12:01,12:07
인천양주,동두천인천,천안광운대,양주인천
10:59,10:49,12:04,12:07급
신창광운대,청량리서동탄,인천의정부,용산동인천
-,10:52급,12:08급,12:10
-,용산동인천,천안청량리,청량리서동탄
-,10:53,12:16,12:15
-,동두천인천,인천동두천,소요산인천
-,10:58,12:21,12:19급
-,양주구로,천안광운대,청량리천안
11:03,11:01급,12:24급,12:21급
구로의정부,청량리천안,동인천용산,용산동인천
11:08급,11:06,12:25,12:23
신창청량리,의정부인천,인천양주,광운대신창
11:11,11:12,12:29,12:28
인천양주,광운대서동탄,서동탄광운대,연천인천
11:15,11:21,12:33,12:32
서동탄광운대,광운대신창,인천연천,광운대서동탄
11:16급,11:26,12:35급,12:36
동인천용산,연천인천,동인천용산,양주인천
11:20,11:30급,12:37,12:41
천안청량리,청량리신창,신창광운대,광운대천안
11:23급,11:34,12:41급,12:44급
인천동두천,청량리서동탄,천안청량리,용산동인천
11:27,11:37급,12:48,12:44
서동탄광운대,용산동인천,인천소요산,동두천인천
11:31,11:39,12:50급,12:49급
인천연천,동두천인천,동인천용산,청량리천안
11:33급,11:45급,12:53,12:55
동인천용산,동두천인천,천안광운대,의정부인천
11:35급,11:51,12:59,12:59
천안청량리,광운대병점,인천양주,광운대신창
11:40,11:55,13:03급,13:00급
인천의정부,의정부인천,동인천용산,용산구로
11:44,11:58급,13:04,13:05
천안광운대,청량리신창,서동탄광운대,양주인천
11:47급,-,13:08,13:10
동인천용산,-,인천의정부,광운대서동탄
11:48,-,13:12급,13:11급
인천소요산,-,천안청량리,용산동인천
11:53,-,13:18,13:14
서동탄광운대,-,인천동두천,소요산인천
11:57,-,13:22,13:20
인천양주,-,신창광운대,광운대신창
12:01,12:03,13:27,13:23급
신창광운대,광운대신창,인천양주,용산동인천
12:04,12:06,13:29급,13:25
인천의정부,양주인천,동인천용산,연천인천
12:10급,12:07급,13:31,13:29급
신창청량리,용산동인천,서동탄광운대,청량리천안
12:15급,12:10,13:38급,13:33
인천동두천,광운대서동탄,천안청량리,광운대서동탄
12:19,12:15,13:42급,13:34급
천안광운대,소요산인천,동인천용산,용산동인천
12:24급,12:18급,13:42,13:37
동인천용산,청량리천안,인천의정부,양주인천
12:25,12:23급,13:49,13:42
인천양주,용산동인천,신창광운대,광운대천안
12:30,12:24,13:52,13:46
서동탄광운대,연천인천,인천소요산,동두천인천
12:37,12:32,13:56급,13:50급
인천연천,청량리서동탄,동인천용산,용산구로
12:40급,12:36,13:59,13:52급
동인천용산,양주인천,서동탄광운대,청량리천안
12:42,12:42,-,13:57
서동탄광운대,광운대천안,-,광운대병점
12:48,12:46급,14:03,14:01
인천양주,동두천인천,인천양주,양주인천
12:53,12:51급,14:09,14:04
신창청량리,청량리천안,인천동두천,광운대서동탄
12:57,12:57,14:13,14:08급
인천소요산,의정부인천,신창청량리,용산동인천
13:04,13:00급,14:18급,14:09
서동탄광운대,용산동인천,동인천용산,소요산인천
13:09급,13:01,14:19,14:13
천안청량리,광운대천안,인천양주,광운대신창
13:10급,13:05,14:23,14:21
동인천용산,양주인천,천안광운대,의정부인천
13:13,13:09,14:30,14:22급
인천양주,광운대서동탄,인천연천,용산동인천
13:18,13:14,14:31급,14:24급
신창광운대,소요산인천,동인천용산,청량리천안
13:25급막,13:20,14:34,14:29
인천동두천,광운대천안,서동탄광운대,연천인천
13:30,13:25,14:38급,14:33
서동탄광운대,양주인천,천안청량리,광운대서동탄
13:34,13:29급,14:42,14:39
인천연천,청량리신창,인천의정부,양주인천
13:38급,13:31급,14:43급,14:45급
천안청량리,용산구로,동인천용산,용산동인천
13:39급,13:33,14:46,14:46
동인천용산,광운대서동탄,신창광운대,광운대서동탄
13:42,13:37,14:50,14:50
인천의정부,의정부인천,인천소요산,동두천인천
13:47,13:41,14:56급,14:54급
신창청량리,광운대천안,동인천용산,청량리천안
13:51,13:44급,14:56,14:56급
인천소요산,동두천인천,서동탄동묘앞,용산동인천
13:56,13:50,15:01,15:00
서동탄광운대,양주인천,인천양주,양주인천
13:57급,13:56,15:06,15:04
동인천용산,광운대병점,천안광운대,광운대천안
14:02,14:00,15:07급,15:05급
인천양주,의정부인천,동인천용산,용산구로
14:08,14:00급,15:11급,15:10
인천의정부,용산동인천,천안청량리,소요산인천
14:13,14:04,15:16,15:15
신창청량리,광운대서동탄,인천의정부,광운대서동탄
14:18,14:08,15:20,15:21
인천광운대,소요산인천,신창광운대,광운대천안
14:23,14:12,15:24급,15:21급
천안광운대,청량리천안,구로용산,용산동인천
14:27,14:21,15:27,15:26
인천연천,의정부인천,인천연천,의정부인천
14:32급,14:21급,15:30,15:29급
동인천용산,용산동인천,서동탄광운대,청량리신창
14:32급,14:26,15:34급,15:35
천안청량리,광운대서동탄,천안청량리,연천인천
14:36,14:30,15:38,15:39
인천양주,연천인천,인천의정부,광운대서동탄
14:40,14:35급,15:42급,15:44
서동탄광운대,청량리신창,동인천용산,양주인천
14:46,14:39,15:43,15:46급
신창광운대,양주인천,신창광운대,용산동인천
14:52,14:43,15:48,15:49급
인천소요산,광운대서동탄,인천소요산,청량리천안
14:57,14:47급,15:53,15:54
서동탄청량리,동두천인천,서동탄광운대,동두천인천
-,14:52급,15:55급,15:59
-,청량리천안,동인천용산,광운대신창
-,14:58,15:56,-
-,광운대신창,인천양주,-
15:01,15:01급,16:00,16:02급
인천양주,용산동인천,천안광운대,용산동인천
15:05,15:02,16:03,16:03
신창광운대,양주인천,인천의정부,의정부인천
15:10급,15:06,16:07급,16:07
신창청량리,광운대서동탄,천안청량리,소요산구로
15:13,15:12,16:11,16:11
인천의정부,소요산인천,인천동두천,광운대서동탄
15:19,15:18,16:15,16:15급
천안광운대,청량리천안,신창광운대,용산동인천
15:24,15:24,16:18급,16:16
인천연천,양주인천,동인천용산,양주인천
15:31급,15:28급,16:22,16:22급
신창청량리,청량리천안,서동탄광운대,청량리천안
15:32급,15:33,16:25,16:26
동인천용산,광운대서동탄,인천양주,광운대신창
15:34,15:37,16:29급,16:31
인천동묘앞,연천인천,동인천용산,연천인천
15:39,15:45,16:30급,16:35
인천의정부,양주인천,천안청량리,광운대병점
15:43,15:49급,16:34,16:38
천안광운대,청량리천안,인천연천,양주인천
15:46,15:52급,16:38,16:38급
인천소요산,용산동인천,신창청량리,용산동인천
15:53급,15:58,16:39급,16:42
동인천용산,광운대신창,동인천용산,광운대서동탄
15:53,-,16:42,16:45
서동탄광운대,-,인천의정부,동두천인천
15:57,-,16:51,16:48급
인천의정부,-,서동탄광운대,청량리천안
16:01,16:02,16:55급,16:51급
천안광운대,의정부인천,동인천용산,용산동인천
16:04,16:11,16:56,16:53
인천동두천,청량리서동탄,구로의정부,광운대천안
16:08급,16:18,16:59,16:57
천안청량리,소요산인천,신창광운대,양주인천
16:12,16:19급,17:03,17:02
인천양주,용산동인천,인천동묘앞,광운대서동탄
16:16,16:22,17:07급,17:04급
신창광운대,광운대천안,천안청량리,용산동인천
16:18급,16:26,17:11,17:06
동인천용산,의정부인천,구로동두천,의정부인천
16:22,16:30급,17:15,17:11
서동탄광운대,청량리천안,서동탄광운대,광운대병점
16:26,16:34,17:18,17:15
인천연천,광운대서동탄,인천의정부,소요산인천
16:30급,16:38급,17:20급,17:17급
천안청량리,용산동인천,동인천용산,용산동인천
16:34,16:38,17:22,17:19
인천양주,연천인천,천안광운대,광운대천안
16:38,16:43,17:28,17:23
신창광운대,양주인천,인천양주,동두천구로
16:41,16:46급,17:33,17:26
인천의정부,청량리신창,서동탄광운대,동묘앞인천
16:46급,16:51급막,17:34급,17:29급
동인천용산,동두천인천,동인천용산,청량리신창
16:46,16:54급,17:37급,17:34
천안청량리,용산동인천,천안청량리,광운대서동탄
16:50,16:59,17:42,17:37
부평소요산,의정부인천,인천양주,의정부인천
16:53,-,17:47,17:41급
서동탄광운대,-,신창광운대,용산동인천
16:54급,-,17:47급,17:41
구로용산,-,동인천용산,청량리천안
16:56,-,17:51,17:50
인천양주,-,인천소요산,광운대서동탄
17:00,17:03,17:57,17:56
신창광운대,광운대서동탄,서동탄광운대,의정부인천
17:04급,17:06급,-,17:56급
동인천용산,용산동인천,-,용산동인천
17:04,17:08,18:01급,18:00
인천동묘앞,양주인천,천안청량리,광운대신창
17:07급,17:11,18:06,18:05
천안청량리,동묘앞서동탄,인천동두천,청량리천안
17:11,17:15,18:10,18:09급
부평동두천,소요산인천,신창광운대,용산동인천
17:14급,17:19,18:10급,18:10
구로용산,광운대천안,동인천용산,소요산인천
17:15,17:21급,18:14,18:20
서동탄동묘앞,용산동인천,구로양주,의정부인천
17:18,17:23,18:18,18:23급
인천양주,동묘앞인천,인천광운대,용산동인천
17:22,17:27급,18:22,18:24
신창광운대,청량리신창,병점광운대,광운대서동탄
17:24급,17:28급,18:26,18:28
동인천용산,용산동인천,인천동묘앞,연천인천
17:26,17:32,18:27급,18:32
인천연천,광운대서동탄,동인천용산,청량리천안
17:29급,17:35,18:31,18:38
천안청량리,연천인천,서동탄광운대,광운대서동탄
17:31급,17:37급,18:35,18:39급
구로용산,용산동인천,인천의정부,용산동인천
17:33,17:40,18:38급,18:43
인천동두천,광운대천안,동인천용산,양주인천
17:37,17:44,18:40급,18:47급
서동탄광운대,양주인천,천안청량리,청량리신창
17:38급,17:44급,18:44,18:50급
동인천용산,용산동인천,인천동묘앞,용산동인천
17:40,17:47급,18:49,18:52
인천의정부,청량리신창,구로소요산,광운대서동탄
17:45,17:52,18:51급,18:56
천안광운대,광운대서동탄,동인천용산,양주인천
17:49,17:52급,18:52,18:59
인천양주,용산동인천,신창광운대,광운대천안
17:51급,17:58,18:55,-
동인천용산,의정부인천,인천의정부,-
17:53급,-,19:00,19:02급
천안청량리,-,인천양주,용산동인천
17:57급,-,19:03급,19:03
구로용산,-,동인천용산,의정부인천
18:00,18:00급,19:05,19:08
서동탄광운대,용산동인천,서동탄광운대,소요산인천
18:02급,18:01,19:10급,19:11
동인천용산,광운대신창,천안청량리,광운대서동탄
18:04,18:05,19:14급,19:12급
인천양주,양주인천,동인천용산,용산동인천
18:08,18:08,19:15,19:16
신창광운대,청량리서동탄,인천양주,의정부인천
18:10급,18:11급,19:18,19:19급막
동인천용산,용산동인천,신창광운대,청량리신창
18:13,18:14,19:22,19:25
인천동두천,소요산인천,인천연천,광운대신창
18:14급,18:18급,19:26,19:28급
구로용산,용산동인천,서동탄광운대,용산동인천
18:17,18:20,19:30급,19:30
병점광운대,광운대천안,동인천용산,연천인천
18:18급,18:23,19:30,19:37
동인천용산,의정부인천,인천광운대,광운대서동탄
18:21,18:23급,19:35,19:38급
인천양주,용산부평,천안청량리,용산동인천
18:23급,18:27,19:40,19:42
구로용산,청량리서동탄,인천동두천,동두천인천
18:24급,18:30급,19:45급,19:47
천안청량리,용산동인천,동인천용산,광운대신창
18:29,18:30,19:45,19:50
인천연천,연천인천,신창광운대,의정부인천
18:30급,18:36,19:49,19:54급
동인천용산,광운대신창,인천소요산,용산동인천
18:33,18:40,19:53,19:54
천안광운대,의정부인천,서동탄동묘앞,청량리구로
18:36,18:44급,19:59,-
부평동두천,용산동인천,인천양주,-
18:40급,18:44,20:02급,20:00
동인천용산,청량리서동탄,동인천용산,양주인천
18:40,18:49,20:03,20:04
서동탄청량리,양주인천,천안광운대,광운대천안
18:43,18:49급,20:08급,20:10급
인천의정부,용산동인천,천안청량리,용산동인천
18:47,18:54,20:12,20:13
인천동묘앞,광운대신창,인천의정부,소요산인천
18:49급,18:54급,20:14급,20:17
동인천용산,용산동인천,동인천용산,광운대신창
18:51,18:59,20:16,20:22
신창광운대,의정부인천,서동탄광운대,양주인천
18:55,-,20:21,20:25
인천양주,-,인천동두천,청량리서동탄
18:56급,-,20:25,20:29급
동인천용산,-,신창청량리,용산동인천
18:59,-,20:26급,20:31
서동탄광운대,-,동인천용산,연천인천
19:03급,19:02,20:29,20:35
동인천용산,광운대천안,인천양주,동두천인천
19:03,19:07,20:35,20:40
인천소요산,소요산인천,구로연천,광운대신창
19:07,19:10급,20:38급,20:45
신창광운대,용산동인천,동인천용산,양주인천
19:10급,19:11,20:39,20:46급
동인천용산,광운대서동탄,병점광운대,용산동인천
19:11,19:15,20:44,20:48
인천동묘앞,양주인천,신창청량리,청량리구로
19:15,19:16급,20:48,20:52
천안청량리,용산동인천,인천의정부,광운대서동탄
19:18,19:18급,20:52급,20:57
인천동두천,청량리천안,동인천용산,의정부인천
19:19급,19:22,20:52,-
동인천용산,광운대신창,서동탄광운대,-
19:22,19:25,20:57,-
서동탄광운대,연천인천,인천소요산,-
19:25급,19:30,21:00,21:01급
동인천용산,광운대신창,천안광운대,용산동인천
19:26,19:30급,21:06,21:02
인천양주,용산동인천,인천양주,광운대천안
19:30,19:34,21:09급,21:07
천안광운대,양주인천,동인천용산,광운대서동탄
19:32급,19:37,21:10급막,21:11
동인천용산,광운대서동탄,천안청량리,소요산인천
19:35,19:40,21:14,21:16
서동탄광운대,동두천인천,인천의정부,의정부구로
19:38급,19:45급,21:19,21:21급
부평용산,용산동인천,신창광운대,용산동인천
19:39,19:45급,21:24,21:21
인천연천,청량리천안,인천연천,청량리신창
19:44급,19:49,21:28,21:25
동인천용산,광운대서동탄,서동탄광운대,연천인천
19:45,19:52급,21:31급,21:30
신창광운대,용산동인천,동인천용산,광운대병점
19:49,19:53,21:33,21:34
인천의정부,양주인천,인천의정부,양주인천
19:50급,19:57,21:37,21:37급
동인천용산,광운대천안,서동탄동묘앞,용산동인천
19:53,19:58급,21:42,21:38막
서동탄광운대,용산부평,인천소요산,청량리신창
20:00,20:02,21:48급,21:43
인천소요산,의정부인천,동인천용산,동두천인천
20:02급,20:04급,21:49,21:50
동인천용산,용산동인천,신창광운대,광운대서동탄
20:04,20:06,21:53,21:52급
천안광운대,청량리서동탄,인천양주,용산동인천
20:08급,20:10급,21:58,21:55
동인천용산,용산동인천,서동탄동묘앞,양주인천
20:08급,20:10,22:02,22:00
신창청량리,소요산인천,인천동두천,광운대서동탄
20:12,20:17,22:03급,22:06
인천양주,광운대천안,동인천용산,청량리천안
20:19,20:21,22:07,22:09급
인천동두천,양주인천,천안청량리,용산동인천
20:21급,20:22급,22:11,22:12
동인천용산,용산동인천,인천동묘앞,소요산인천
20:23,20:25,22:17,22:17
천안광운대,광운대서동탄,병점광운대,광운대서동탄
20:26급,20:28,22:19급,22:22
동인천용산,연천인천,동인천용산,청량리병점
20:27,20:31급,22:22막,22:24급
인천양주,용산동인천,인천연천,용산동인천
20:30,20:32급막,22:28,22:27
서동탄광운대,청량리신창,천안광운대,연천인천
20:31급,20:36,22:33,22:32막
동인천용산,양주인천,인천의정부,광운대천안
20:34,20:41,22:34급,22:36
인천연천,광운대신창,동인천용산,양주인천
20:42,20:41급,22:38,22:41
인천의정부,용산동인천,병점광운대,광운대병점
20:48급,20:46,22:48막,22:41급
동인천용산,동두천인천,인천소요산,용산동인천
20:48,20:48급,22:52,22:46
서동탄청량리,용산동인천,신창광운대,의정부인천
20:53,20:51,22:53급,22:53
인천소요산,광운대서동탄,동인천용산,광운대병점
20:54급,20:55,-,22:56
동인천용산,양주인천,-,동두천인천
20:59,-,-,22:59급막
천안광운대,-,-,용산동인천
21:02급,21:01,23:02,23:02
동인천용산,광운대천안,서동탄광운대,양주인천
21:05급,21:01급,23:10급,23:08
천안청량리,용산동인천,동인천용산,광운대서동탄
21:10,21:05,23:12막,23:14
인천양주,의정부인천,인천양주,소요산인천
21:12급,21:09급,23:17,23:16급막
동인천용산,용산동인천,서동탄광운대,용산부평
21:14,21:10,23:23막,23:19막
신창광운대,광운대서동탄,인천의정부,청량리서동탄
21:18,21:15급,23:30,23:25
인천의정부,용산구로,서동탄서울역,연천인천
21:24,21:15,23:33급막,23:30급막
서동탄광운대,동두천인천,동인천용산,용산구로
21:28,21:21,23:36,23:31막
인천연천,청량리신창,인천광운대,광운대병점
21:31급,21:22급,23:48막,23:37막
동인천용산,용산동인천,인천광운대,의정부인천
21:33,21:25,-,23:44
서동탄광운대,연천인천,-,양주구로
21:36,21:29,-,23:56
인천양주,광운대서동탄,-,동두천구로
21:41급,21:32급,00:01막,0:07
신창청량리,용산동인천,인천동묘앞,의정부구로
21:44,21:34,-,00:19막
인천소요산,동두천인천,-,소요산구로
21:48급,21:42,-,-
동인천용산,양주인천,-,-
21:49,21:48,-,-
천안광운대,광운대신창,-,-
21:55,21:52,-,-
인천의정부,동두천인천,-,-
-,21:55급,-,-
-,용산동인천,-,-
-,21:57,-,-
-,광운대병점,-,-
22:00,22:01,-,-
서동탄동묘앞,양주인천,-,-
22:03급,22:05,-,-
동인천용산,연천구로,-,-
22:04,22:09급,-,-
인천동두천,용산동인천,-,-
22:09급막,22:09막,-,-
천안청량리,청량리신창,-,-
22:14,22:14,-,-
인천양주,의정부인천,-,-
22:18,22:20,-,-
서동탄광운대,광운대서동탄,-,-
22:20급,22:23급,-,-
동인천용산,용산동인천,-,-
22:24,22:26,-,-
인천의정부,소요산인천,-,-
22:31,22:31막,-,-
신창광운대,청량리천안,-,-
22:33급,22:35,-,-
동인천용산,연천인천,-,-
22:38막,22:41,-,-
인천연천,광운대서동탄,-,-
22:43급,22:41급,-,-
동인천용산,용산동인천,-,-
22:47,22:48,-,-
신창광운대,동두천인천,-,-
22:54급막,22:53,-,-
동인천용산,광운대병점,-,-
22:54,22:57,-,-
서동탄광운대,청량리구로,-,-
-,22:59급막,-,-
-,용산동인천,-,-
23:01막,23:03,-,-
인천소요산,의정부인천,-,-
23:08막,23:09,-,-
인천양주,광운대서동탄,-,-
23:15,23:15급막,-,-
서동탄광운대,용산부평,-,-
23:21막,23:19,-,-
인천의정부,광운대구로,-,-
23:30,23:24,-,-
서동탄동묘앞,소요산인천,-,-
23:41,23:29막,-,-
천안광운대,광운대서동탄,-,-
23:48막,23:35,-,-
인천광운대,연천인천,-,-
23:58막,23:39,-,-
서동탄청량리,청량리구로,-,-
-,23:44막,-,-
-,의정부인천,-,-
-,23:54,-,-
-,양주구로,-,-
00:10막,0:08,-,-
인천동묘앞,양주구로,-,-
-,0:16,-,-
-,광운대구로,-,-
-,00:24막,-,-
-,의정부구로,-,-
