﻿종로5가방면,동묘앞방면,종로5가방면,동묘앞방면,,
평일,평일,주말,주말,,
05:19첫,05:31첫,05:19첫,05:31첫,,
광운대인천,구로동두천,광운대인천,구로동두천,,
5:26,5:35,05:26첫,5:35,,
창동인천,서울역의정부,동묘앞서동탄,서울역의정부,,
05:31첫,5:41,5:31,5:43,,
광운대서동탄,구로청량리,광운대인천,서울역양주,,
5:38,5:46,5:38,05:51첫,,
동묘앞인천,서울역양주,동묘앞인천,구로연천,,
5:43,5:51,5:43,5:56,,
동묘앞서동탄,구로동두천,광운대서동탄,구로청량리,,
5:48,5:55,5:49,-,,
의정부인천,서울역의정부,의정부인천,-,,
5:54,5:59,5:59,-,,
양주인천,부평동두천,광운대서동탄,-,,
5:59,-,6:03,6:01,,
광운대서동탄,-,양주인천,서울역광운대,,
6:03,6:06,6:14,6:05,,
양주인천,구로청량리,동묘앞인천,부평소요산,,
06:08급첫,6:10,6:17,6:19,,
청량리신창,서울역광운대,광운대병점,인천양주,,
6:12,6:19,6:24,6:24,,
동묘앞인천,인천양주,동묘앞서동탄,병점광운대,,
6:16,6:23,6:27,6:30,,
광운대서동탄,병점광운대,소요산인천,인천동두천,,
6:21,06:29급첫,6:32,6:36,,
동묘앞인천,인천동두천,광운대병점,병점청량리,,
6:27,6:32,6:36,6:42,,
소요산인천,병점청량리,동묘앞인천,인천연천,,
06:33급첫,6:36,06:41첫,6:47,,
청량리천안,서울역양주,청량리신창,병점청량리,,
6:37,6:39,6:45,6:55,,
동묘앞인천,인천동두천,양주인천,인천양주,,
6:41,6:43,6:49,-,,
광운대병점,병점광운대,광운대서동탄,-,,
6:45,6:46,6:53,-,,
양주인천,구로청량리,광운대천안,-,,
06:49첫,06:52첫,6:59,-,,
광운대신창,인천연천,연천인천,-,,
6:53,6:56,7:04,7:01,,
동묘앞인천,서울역양주,청량리천안,서동탄광운대,,
6:56,6:59,7:08,7:08,,
광운대서동탄,인천동두천,의정부인천,인천소요산,,
7:00,7:03,07:13급첫,7:12,,
연천인천,서동탄광운대,청량리천안,천안청량리,,
7:04,7:08,7:16,7:19,,
청량리천안,인천소요산,광운대병점,인천양주,,
7:08,7:12,7:20,7:25,,
의정부인천,천안청량리,광운대신창,서동탄광운대,,
07:12급,7:18,7:24,7:30,,
청량리천안,인천동두천,동두천인천,인천동두천,,
7:16,7:22,7:28,7:35,,
광운대병점,서동탄광운대,동묘앞서동탄,신창광운대,,
7:20,7:26,7:32,7:40,,
동두천인천,인천동두천,양주인천,인천양주,,
7:23,7:30,7:41,7:44,,
광운대신창,병점청량리,소요산인천,서동탄청량리,,
7:28,7:35,07:45급,7:48,,
의정부서동탄,신창광운대,청량리천안,인천연천,,
7:32,7:39,7:49,7:51,,
양주인천,인천동두천,광운대서동탄,천안광운대,,
7:36,7:44,7:54,7:57,,
광운대신창,서동탄청량리,동두천인천,인천의정부,,
7:40,7:49,8:00,8:02,,
동두천인천,인천연천,연천구로,병점청량리,,
07:45급,7:52,8:04,8:07,,
청량리천안,천안광운대,광운대신창,인천양주,,
7:49,7:58,8:09,8:11,,
의정부서동탄,인천의정부,동묘앞인천,서동탄광운대,,
07:53급첫,-,08:13급,8:15,,
동두천인천,-,청량리천안,신창광운대,,
7:56,-,8:16,8:19,,
청량리서동탄,-,광운대서동탄,인천소요산,,
7:59,-,8:22,8:23,,
연천인천,-,동묘앞인천,병점청량리,,
8:03,8:02,8:26,8:26,,
광운대신창,병점청량리,광운대신창,인천의정부,,
8:07,8:07,8:31,8:30,,
양주부평,인천소요산,동두천인천,서동탄동묘앞,,
08:11급,8:10,08:35급,8:37,,
청량리천안,서동탄광운대,청량리천안,인천동두천,,
8:14,8:14,8:40,8:40,,
동두천인천,인천양주,광운대서동탄,천안청량리,,
8:17,8:17,8:47,8:45,,
광운대서동탄,신창광운대,양주구로,서동탄광운대,,
8:21,8:20,8:51,8:50,,
동두천구로,인천동두천,청량리천안,인천연천,,
8:24,8:24,8:54,8:54,,
양주인천,서동탄청량리,소요산인천,서동탄광운대,,
8:27,8:27,-,8:59,,
광운대신창,인천의정부,-,신창청량리,,
8:30,8:30,9:00,9:04,,
연천부평,천안광운대,광운대서동탄,인천양주,,
08:34급,08:35급,9:04,9:10,,
청량리천안,인천동두천,연천인천,서동탄광운대,,
8:37,8:39,9:09,9:14,,
동두천인천,서동탄광운대,청량리천안,천안청량리,,
8:39,8:42,9:12,9:18,,
광운대서동탄,인천양주,양주인천,인천소요산,,
8:44,8:46,9:17,9:24,,
양주인천,서동탄동묘앞,광운대병점,인천광운대,,
8:49,8:51,9:22,9:27,,
동두천부평,인천연천,동두천인천,천안광운대,,
8:52,8:54,09:26급첫,09:31급첫,,
청량리천안,천안청량리,청량리신창,신창청량리,,
8:56,8:59,9:32,9:35,,
소요산인천,인천의정부,광운대서동탄,인천동두천,,
9:00,9:02,9:36,9:40,,
광운대서동탄,병점광운대,양주구로,서동탄동묘앞,,
09:05급,9:07,9:40,9:46,,
동두천인천,인천양주,청량리신창,천안청량리,,
9:12,9:11,9:45,9:51,,
광운대신창,서동탄광운대,소요산인천,인천연천,,
9:18,9:15,9:51,9:57,,
동두천인천,신창청량리,광운대병점,서동탄광운대,,
9:21,9:18,9:58,-,,
광운대병점,인천소요산,의정부인천,-,,
9:26,9:25,10:03,10:01,,
동두천인천,인천동묘앞,청량리천안,인천의정부,,
09:30급,9:29,10:07,10:05,,
청량리천안,신창광운대,연천인천,신창광운대,,
9:33,09:33급첫,10:14,10:09급,,
의정부인천,신창청량리,광운대신창,천안청량리,,
9:38,9:37,10:19,10:14,,
광운대서동탄,인천양주,양주인천,인천소요산,,
9:45,9:41,10:23,10:19,,
소요산인천,서동탄광운대,청량리서동탄,천안광운대,,
9:49,9:45,10:30,10:25,,
청량리신창,인천동묘앞,광운대신창,인천양주,,
9:54,9:52,10:35,10:31,,
광운대서동탄,인천연천,동두천인천,서동탄광운대,,
9:59,9:57,10:40급,10:35,,
의정부인천,서동탄청량리,청량리천안,인천동두천,,
10:04,10:01,10:43,10:40,,
청량리천안,인천의정부,광운대인천,신창청량리,,
10:08,10:05,10:48,10:44,,
연천인천,천안광운대,광운대서동탄,인천양주,,
10:17,10:11급,10:53,10:47,,
광운대신창,신창청량리,소요산인천,천안광운대,,
10:21,10:15,10:57,10:51,,
동두천인천,인천소요산,광운대구로,인천연천,,
10:27,10:19,-,10:56,,
청량리서동탄,천안광운대,-,서동탄광운대,,
10:31,10:24,11:02,11:00,,
동두천인천,인천양주,양주인천,인천의정부,,
10:35,10:33급,11:06급,11:05,,
양주구로,인천동두천,청량리천안,천안광운대,,
10:39급,10:37,11:09,11:10급,,
청량리천안,서동탄청량리,광운대신창,천안청량리,,
10:43,10:41,11:13,11:14,,
의정부인천,인천양주,연천인천,인천광운대,,
10:49,10:46,11:19,11:18,,
광운대서동탄,신창광운대,광운대서동탄,병점광운대,,
10:53,10:51,11:23,11:22,,
양주서울역,인천연천,동두천인천,신창청량리,,
10:58,10:56,11:27,11:25,,
광운대신창,서동탄광운대,광운대신창,인천양주,,
11:04,11:02,11:32,11:28,,
연천인천,인천의정부,의정부인천,서동탄광운대,,
11:08급,11:05급,11:36급,11:32급,,
청량리신창,천안청량리,청량리천안,천안청량리,,
11:12,11:10,11:39,11:37,,
청량리서동탄,부평소요산,광운대천안,인천동두천,,
11:17,11:16,11:44,11:40,,
동두천인천,인천양주,양주인천,천안광운대,,
11:23급,11:22,11:48,11:45,,
동두천인천,신창광운대,청량리서동탄,인천양주,,
11:28,11:25,11:52,11:50,,
광운대병점,구로의정부,소요산인천,서동탄광운대,,
11:32,11:30급,11:57급,11:55급,,
의정부인천,신창청량리,청량리천안,천안청량리,,
11:36급,11:34,12:00,12:00,,
청량리신창,인천양주,광운대신창,인천연천,,
11:40,11:38,12:05,12:06,,
광운대신창,서동탄광운대,연천인천,신창광운대,,
11:43,11:42,12:09,12:10,,
양주인천,천안청량리,광운대서동탄,인천소요산,,
11:47,11:46급,12:13,12:15,,
광운대서동탄,인천동두천,양주인천,서동탄광운대,,
11:53,11:50,12:18,12:19,,
소요산인천,서동탄광운대,광운대천안,인천양주,,
11:56급,11:54,12:22,12:23,,
청량리천안,인천연천,동두천인천,천안광운대,,
-,11:58급,12:27급,12:27,,
-,천안청량리,청량리천안,인천의정부,,
12:02,12:03,12:32,12:31급,,
연천인천,인천의정부,의정부인천,천안청량리,,
12:10,12:07,12:36,12:39,,
청량리서동탄,천안광운대,광운대신창,인천동두천,,
12:13,12:11,12:42,12:43,,
양주인천,인천소요산,양주인천,천안광운대,,
12:19,12:16,12:47,12:48,,
광운대천안,서동탄광운대,광운대서동탄,인천양주,,
12:24급,12:20,12:51,12:52,,
동두천인천,인천양주,소요산인천,서동탄광운대,,
12:29급,12:24,12:57,12:56,,
청량리천안,신창광운대,광운대신창,인천연천,,
12:34,12:27,-,12:59,,
의정부인천,인천의정부,-,신창광운대,,
12:38,12:33급,13:02,13:04급,,
광운대천안,신창청량리,연천인천,천안청량리,,
12:42,12:38급,13:07급,13:11,,
양주인천,인천동두천,청량리천안,인천소요산,,
12:46,12:42,13:10,13:15,,
광운대서동탄,천안광운대,광운대서동탄,천안광운대,,
12:52,12:48,13:14,13:22,,
소요산인천,인천양주,양주인천,인천양주,,
12:57,12:53,13:19,13:27,,
광운대천안,서동탄광운대,광운대천안,서동탄광운대,,
13:02,13:00,13:24,13:31,,
양주인천,인천연천,동두천인천,인천의정부,,
13:07급,13:05,13:30급,13:35급,,
청량리신창,서동탄광운대,청량리천안,천안청량리,,
13:10,13:11,13:34,13:41,,
광운대서동탄,인천양주,광운대병점,인천동두천,,
13:14,13:16,13:38,13:44,,
의정부인천,신창청량리,양주인천,신창광운대,,
13:18,13:20,13:41,13:50,,
광운대천안,인천소요산,광운대서동탄,인천양주,,
13:22급,13:27,13:46,13:54,,
동두천인천,서동탄광운대,소요산인천,서동탄광운대,,
13:28,13:32급,13:50,-,,
양주인천,천안청량리,광운대신창,-,,
13:33,13:36,13:58,-,,
광운대병점,인천양주,의정부인천,-,,
13:37,13:41,14:02급,14:01급,,
의정부인천,신창광운대,청량리천안,천안청량리,,
13:41,13:48급막,14:06,14:05,,
광운대서동탄,인천동두천,연천인천,인천의정부,,
13:46,13:53,14:10,14:11,,
소요산인천,서동탄광운대,광운대서동탄,신창광운대,,
13:50,13:57,14:16,14:15,,
청량리천안,인천연천,양주인천,인천소요산,,
13:58,-,14:23,14:22,,
의정부인천,-,광운대서동탄,서동탄광운대,,
14:03,14:01급,14:28,14:26,,
광운대서동탄,천안청량리,동두천인천,인천양주,,
14:08,14:05,14:32급,14:32,,
연천인천,인천의정부,청량리천안,인천동두천,,
14:13급,14:10,14:37,14:36,,
청량리신창,신창청량리,양주인천,신창청량리,,
14:16,14:14,14:41,14:42,,
양주인천,인천소요산,광운대천안,인천양주,,
14:20,14:19,14:47,14:45,,
광운대서동탄,서동탄광운대,소요산인천,천안광운대,,
14:25급,14:25,14:52,14:52,,
동두천인천,인천양주,광운대서동탄,인천연천,,
14:30급,14:31,14:58,14:57,,
청량리천안,인천의정부,광운대천안,서동탄광운대,,
14:35,14:36,15:03,15:01급,,
광운대신창,신창청량리,의정부인천,천안청량리,,
14:39,14:41,15:07급,15:05,,
양주인천,인천광운대,청량리신창,인천의정부,,
14:43,14:45,15:12,15:09,,
광운대서동탄,천안광운대,연천인천,신창광운대,,
14:50,14:50,15:16,15:13,,
소요산인천,인천연천,광운대서동탄,인천소요산,,
14:56,14:54급,15:21,15:19,,
청량리천안,천안청량리,양주인천,서동탄동묘앞,,
-,14:59,15:27급,15:24,,
-,인천양주,청량리천안,인천양주,,
15:01,15:02,15:32,15:28,,
양주인천,서동탄광운대,동두천인천,천안광운대,,
15:06급,15:08,15:36,15:34급,,
청량리천안,신창광운대,광운대신창,천안청량리,,
15:10,15:15,15:40,15:39,,
광운대서동탄,인천소요산,의정부인천,인천의정부,,
15:15,15:20,15:44,15:42,,
연천인천,서동탄청량리,소요산구로,신창광운대,,
15:22,15:24,15:48,15:50,,
양주인천,인천양주,광운대서동탄,인천연천,,
15:27급,15:28,15:53,15:53,,
청량리천안,신창광운대,양주인천,서동탄광운대,,
15:35,15:33급,-,15:57급,,
광운대신창,신창청량리,-,천안청량리,,
15:39,15:36,16:00급,16:01,,
의정부인천,인천의정부,청량리천안,인천의정부,,
15:49,15:42,16:03,16:06,,
청량리서동탄,천안광운대,광운대신창,신창광운대,,
15:56,15:47,16:08,16:11,,
소요산인천,인천연천,연천인천,인천소요산,,
15:59,15:53급,16:12,16:16,,
광운대천안,신창청량리,광운대병점,서동탄광운대,,
-,15:57,16:15,16:19,,
-,인천동묘앞,양주인천,인천양주,,
16:03,16:02,16:19,16:22,,
의정부인천,인천의정부,광운대서동탄,천안광운대,,
16:08급,16:05,16:23,16:26,,
청량리천안,천안광운대,동두천인천,인천의정부,,
16:11,16:09,16:26급,16:30급,,
광운대서동탄,인천소요산,청량리천안,천안청량리,,
16:16,16:16,16:30,16:34,,
연천인천,서동탄광운대,광운대천안,인천동두천,,
16:20,16:20,16:34,16:38,,
양주인천,인천의정부,양주인천,신창광운대,,
16:24급,16:23,16:39,16:44,,
청량리신창,천안광운대,광운대서동탄,서동탄광운대,,
16:29급막,16:27,16:43,16:48,,
동두천인천,인천동두천,의정부인천,인천양주,,
16:36,16:31급,16:48,16:53급,,
의정부인천,천안청량리,광운대병점,천안청량리,,
16:40,16:35,16:52,16:57,,
광운대서동탄,인천양주,소요산인천,인천연천,,
16:45,16:39,16:56,-,,
양주인천,신창광운대,광운대천안,-,,
16:49,16:45,17:01,17:01,,
동묘앞서동탄,서동탄광운대,동두천구로,신창청량리,,
16:53,16:49,17:04,17:05,,
소요산인천,인천연천,동묘앞인천,인천의정부,,
16:56,16:53급,17:07급,17:14,,
광운대천안,천안청량리,청량리신창,서동탄광운대,,
-,16:57,17:11,17:18,,
-,인천양주,광운대서동탄,구로의정부,,
17:01,17:01,17:15,17:22,,
동묘앞인천,신창광운대,의정부인천,신창광운대,,
17:05급,17:04,17:19,17:26,,
청량리신창,인천의정부,청량리천안,인천동묘앞,,
17:09,17:09,17:23,17:30급,,
광운대서동탄,천안청량리,양주서울역,천안청량리,,
17:13,17:12,17:27,17:33,,
연천인천,부평소요산,광운대서동탄,구로동두천,,
17:17,17:16,17:33,17:38,,
광운대천안,서동탄광운대,의정부인천,서동탄광운대,,
17:21,17:19,17:37,17:41,,
양주인천,인천양주,광운대신창,인천의정부,,
17:25급,17:23,17:43,17:45,,
청량리신창,신창광운대,청량리천안,천안광운대,,
17:29,17:27,17:47,17:51,,
광운대서동탄,인천동묘앞,소요산인천,인천양주,,
17:35,17:30급,17:57,17:56,,
의정부인천,천안청량리,의정부인천,서동탄광운대,,
17:38,17:33,-,17:59급,,
광운대신창,부평동두천,-,천안청량리,,
17:42,17:37,18:01,18:05,,
양주인천,서동탄동묘앞,광운대서동탄,인천양주,,
17:46,17:41,18:05,18:09,,
청량리서동탄,인천양주,연천인천,신창광운대,,
17:52,17:44,18:10,18:14,,
소요산인천,신창광운대,청량리천안,인천소요산,,
17:57,17:49,18:15,18:20,,
광운대천안,인천연천,광운대서동탄,서동탄광운대,,
-,17:52급,18:20,18:24급,,
-,천안청량리,양주인천,천안청량리,,
-,17:56,18:25급,18:29,,
-,인천동두천,청량리신창,인천동두천,,
-,17:59,18:29,18:32,,
-,서동탄광운대,광운대서동탄,신창광운대,,
18:00,18:03,18:33,18:36,,
의정부인천,인천의정부,양주인천,구로양주,,
18:05,18:08,18:36,18:41,,
청량리서동탄,천안광운대,광운대천안,인천광운대,,
18:08,18:12,18:40,18:45,,
연천인천,인천양주,의정부인천,병점광운대,,
18:13,18:15급,18:45,18:49,,
광운대신창,천안청량리,소요산인천,인천동묘앞,,
18:17,18:22,18:48,18:54,,
의정부인천,서동탄광운대,광운대서동탄,서동탄광운대,,
18:22,18:27,18:53,18:58,,
청량리서동탄,인천양주,의정부인천,인천의정부,,
18:26,18:30,18:57급막,-,,
양주인천,신창광운대,청량리신창,-,,
18:31,18:36,19:02,19:03급,,
광운대신창,인천동두천,광운대신창,천안청량리,,
18:36,18:40,19:07,19:07,,
의정부인천,병점광운대,연천인천,인천동묘앞,,
18:39,18:44,19:14,19:11,,
광운대천안,인천양주,광운대서동탄,구로소요산,,
18:45,18:47급,19:20,19:15,,
소요산인천,천안청량리,동두천인천,신창광운대,,
18:48,18:52,19:24,19:18,,
광운대서동탄,인천연천,광운대신창,인천의정부,,
18:52,18:55,19:27,19:23,,
양주인천,천안광운대,의정부인천,인천양주,,
18:56급,18:58,19:32,19:28,,
청량리천안,부평동두천,청량리구로,서동탄광운대,,
18:59,-,19:37,19:33급,,
광운대신창,-,양주인천,천안청량리,,
19:03,19:03,19:41,19:38,,
연천인천,서동탄청량리,광운대천안,인천양주,,
19:07,19:06,19:50,19:41,,
광운대신창,인천의정부,소요산인천,신창광운대,,
19:11,19:10,19:54,19:44,,
양주인천,인천동묘앞,광운대신창,인천연천,,
19:14,19:14,19:59,19:49,,
광운대서동탄,신창광운대,양주인천,서동탄광운대,,
19:18,19:18,-,19:53,,
동두천인천,인천양주,-,인천광운대,,
19:23급,19:22,-,19:57,,
청량리천안,서동탄광운대,-,천안청량리,,
19:26,19:26,20:03,20:03,,
광운대서동탄,인천소요산,청량리서동탄,인천동두천,,
19:30,19:30,20:08,20:08,,
양주인천,신창광운대,연천인천,신창광운대,,
19:34,19:34,20:13,20:12,,
광운대천안,인천동묘앞,동두천인천,인천소요산,,
19:39,19:37,20:17,20:16,,
의정부인천,천안청량리,광운대신창,서동탄동묘앞,,
19:44,19:41,20:22,20:22,,
청량리서동탄,인천동두천,양주인천,인천양주,,
19:48,19:45,20:26,20:25,,
소요산인천,서동탄광운대,청량리구로,천안광운대,,
19:54,19:49,20:29,20:31급,,
광운대천안,인천양주,광운대서동탄,천안청량리,,
19:58,19:52,20:34,20:35,,
양주인천,천안광운대,의정부인천,인천의정부,,
-,19:58,20:39,20:39,,
-,서동탄광운대,광운대천안,서동탄광운대,,
20:02,20:02,20:44,20:44,,
광운대서동탄,인천연천,광운대서동탄,인천동두천,,
20:06,20:08,20:48,20:47,,
연천인천,신창광운대,소요산인천,신창청량리,,
20:10급막,20:12,20:53,20:52,,
청량리신창,인천의정부,의정부구로,인천양주,,
20:13,20:16,20:59,20:57,,
양주인천,서동탄광운대,청량리신창,구로연천,,
20:18,20:23,21:02,21:02,,
광운대신창,인천소요산,연천인천,병점광운대,,
20:24,20:26,21:07,21:07,,
동두천인천,천안광운대,광운대병점,신창청량리,,
20:28,20:30급,21:11,21:11,,
광운대서동탄,신창청량리,양주인천,인천의정부,,
20:33,20:35,21:16막,21:15,,
양주인천,인천양주,청량리신창,서동탄광운대,,
20:38,20:42,21:21,21:20,,
광운대천안,인천동두천,동두천인천,인천소요산,,
20:42,20:46,21:27,21:23,,
의정부인천,천안광운대,광운대서동탄,천안광운대,,
20:47,20:50,21:32,21:29,,
광운대서동탄,인천양주,양주인천,인천양주,,
20:53,20:53,21:37,21:33급막,,
동두천인천,서동탄광운대,광운대서동탄,천안청량리,,
20:59,20:57,21:44,21:37,,
청량리신창,인천연천,청량리천안,인천의정부,,
21:02,21:05,21:49,21:42,,
연천인천,인천의정부,소요산인천,신창광운대,,
21:06,21:11,21:54,21:47,,
광운대서동탄,서동탄청량리,광운대서동탄,인천연천,,
21:11,21:16,-,21:51,,
동두천인천,인천소요산,-,서동탄광운대,,
21:19,21:21,-,21:56,,
양주인천,천안광운대,-,인천의정부,,
21:25,21:28급,22:00,22:00,,
광운대신창,천안청량리,청량리병점,서동탄동묘앞,,
21:30,21:33,22:04,22:05,,
동두천인천,인천양주,연천인천,인천소요산,,
21:34,21:37,22:09막,22:12,,
광운대병점,신창광운대,광운대천안,신창광운대,,
21:38,21:41,22:13,22:16,,
양주인천,인천의정부,양주인천,인천양주,,
21:43,21:47,22:18,22:21,,
연천구로,서동탄광운대,광운대병점,서동탄동묘앞,,
21:47막,21:51,22:23,22:25,,
청량리신창,인천연천,의정부인천,인천동두천,,
21:51,21:56,22:30,22:29,,
의정부인천,서동탄광운대,광운대병점,천안청량리,,
21:57,21:59,22:34,22:34,,
광운대서동탄,인천양주,동두천인천,인천동묘앞,,
22:03,22:03급,22:39,22:40,,
소요산인천,신창청량리,양주인천,병점광운대,,
22:09막,22:07,22:45,22:45막,,
청량리천안,인천소요산,광운대서동탄,인천연천,,
22:13,22:12,22:51,22:50,,
연천인천,천안광운대,소요산인천,천안광운대,,
22:18,22:18,22:57막,22:56,,
광운대서동탄,인천의정부,청량리서동탄,인천의정부,,
22:26,22:23,23:02,23:01,,
동두천인천,서동탄동묘앞,연천인천,병점광운대,,
22:30,22:27,23:08막,23:11막,,
광운대병점,인천동두천,광운대병점,인천소요산,,
22:35,22:32급막,23:15막,23:15,,
청량리구로,천안청량리,의정부인천,신창광운대,,
22:40,22:37,23:21,23:25,,
의정부인천,인천양주,양주구로,서동탄광운대,,
22:46,22:41,23:34,23:35막,,
광운대서동탄,서동탄광운대,동두천구로,인천양주,,
22:51,22:47,23:44,23:40,,
양주서울역,인천의정부,의정부구로,서동탄광운대,,
22:56,22:54,23:56막,23:46막,,
광운대구로,신창광운대,소요산구로,인천의정부,,
23:01,23:01막,-,23:59,,
소요산인천,인천연천,-,인천광운대,,
23:06막,23:10,-,00:11막,,
광운대서동탄,신창광운대,-,인천광운대,,
23:13,23:17,-,00:24막,,
연천인천,서동탄광운대,-,인천동묘앞,,
23:17,23:24막,-,-,,
청량리구로,인천소요산,-,-,,
23:21막,23:31막,-,-,,
의정부인천,인천양주,-,-,,
23:31,23:37,-,-,,
양주구로,서동탄광운대,-,-,,
23:45,23:44막,-,-,,
양주구로,인천의정부,-,-,,
23:53,23:53,-,-,,
광운대구로,서동탄동묘앞,-,-,,
00:01막,0:03,-,-,,
의정부구로,천안광운대,-,-,,
0:19,00:11막,-,-,,
의정부서울역,인천광운대,-,-,,
00:50막,00:21막,-,-,,
청량리서울역,서동탄청량리,-,-,,
-,0:33,-,-,,
-,인천동묘앞,-,-,,
-,00:59막,-,-,,
-,서울역동묘앞,-,-,,
