﻿동대문방면,신설동방면,동대문방면,신설동방면
평일,평일,주말,주말
05:17첫,05:33첫,05:17첫,05:33첫
광운대인천,구로동두천,광운대인천,구로동두천
5:24,5:37,05:24첫,5:37
창동인천,서울역의정부,동묘앞서동탄,서울역의정부
05:29첫,5:43,5:29,5:45
광운대서동탄,구로청량리,광운대인천,서울역양주
5:36,5:48,5:36,05:53첫
동묘앞인천,서울역양주,동묘앞인천,구로연천
5:41,5:53,5:41,5:58
동묘앞서동탄,구로동두천,광운대서동탄,구로청량리
5:46,5:57,5:47,-
의정부인천,서울역의정부,의정부인천,-
5:52,-,5:57,-
양주인천,-,광운대서동탄,-
5:57,-,6:01,6:03
광운대서동탄,-,양주인천,서울역광운대
6:01,6:01,6:12,6:07
양주인천,부평동두천,동묘앞인천,부평소요산
06:06급첫,6:08,6:15,6:21
청량리신창,구로청량리,광운대병점,인천양주
6:10,6:12,6:22,6:26
동묘앞인천,서울역광운대,동묘앞서동탄,병점광운대
6:14,6:21,6:25,6:32
광운대서동탄,인천양주,소요산인천,인천동두천
6:19,6:25,6:30,6:38
동묘앞인천,병점광운대,광운대병점,병점청량리
6:25,06:31급첫,6:34,6:44
소요산인천,인천동두천,동묘앞인천,인천연천
06:31급첫,6:34,06:39첫,6:49
청량리천안,병점청량리,청량리신창,병점청량리
6:35,6:38,6:43,6:57
동묘앞인천,서울역양주,양주인천,인천양주
6:39,6:41,6:47,-
광운대병점,인천동두천,광운대서동탄,-
6:43,6:45,6:51,-
양주인천,병점광운대,광운대천안,-
06:47첫,6:48,6:57,-
광운대신창,구로청량리,연천인천,-
6:51,06:54첫,7:02,7:03
동묘앞인천,인천연천,청량리천안,서동탄광운대
6:54,6:58,7:06,7:10
광운대서동탄,서울역양주,의정부인천,인천소요산
6:58,-,07:11급첫,7:14
연천인천,-,청량리천안,천안청량리
7:02,7:01,7:14,7:21
청량리천안,인천동두천,광운대병점,인천양주
7:06,7:05,7:18,7:27
의정부인천,서동탄광운대,광운대신창,서동탄광운대
07:10급,7:10,7:22,7:32
청량리천안,인천소요산,동두천인천,인천동두천
7:14,7:14,7:26,7:37
광운대병점,천안청량리,동묘앞서동탄,신창광운대
7:18,7:20,7:30,7:42
동두천인천,인천동두천,양주인천,인천양주
7:21,7:24,7:39,7:46
광운대신창,서동탄광운대,소요산인천,서동탄청량리
7:26,7:28,07:43급,7:50
의정부서동탄,인천동두천,청량리천안,인천연천
7:30,7:32,7:47,7:53
양주인천,병점청량리,광운대서동탄,천안광운대
7:34,7:37,7:52,7:59
광운대신창,신창광운대,동두천인천,인천의정부
7:38,7:41,7:58,-
동두천인천,인천동두천,연천구로,-
07:43급,7:46,8:02,8:04
청량리천안,서동탄청량리,광운대신창,병점청량리
7:47,7:51,8:07,8:09
의정부서동탄,인천연천,동묘앞인천,인천양주
07:51급첫,7:54,08:11급,8:13
동두천인천,천안광운대,청량리천안,서동탄광운대
7:54,-,8:14,8:17
청량리서동탄,-,광운대서동탄,신창광운대
7:57,-,8:20,8:21
연천인천,-,동묘앞인천,인천소요산
8:01,8:00,8:24,8:25
광운대신창,인천의정부,광운대신창,병점청량리
8:05,8:04,8:29,8:28
양주부평,병점청량리,동두천인천,인천의정부
08:09급,8:09,08:33급,8:39
청량리천안,인천소요산,청량리천안,인천동두천
8:12,8:12,8:38,8:42
동두천인천,서동탄광운대,광운대서동탄,천안청량리
8:15,8:16,8:45,8:47
광운대서동탄,인천양주,양주구로,서동탄광운대
8:19,8:19,8:49,8:52
동두천구로,신창광운대,청량리천안,인천연천
8:22,8:22,8:52,8:56
양주인천,인천동두천,소요산인천,서동탄광운대
8:25,8:26,8:58,-
광운대신창,서동탄청량리,광운대서동탄,-
8:28,8:29,9:02,9:01
연천부평,인천의정부,연천인천,신창청량리
08:32급,8:32,9:07,9:06
청량리천안,천안광운대,청량리천안,인천양주
8:35,08:37급,9:10,9:12
동두천인천,인천동두천,양주인천,서동탄광운대
8:37,8:41,9:15,9:16
광운대서동탄,서동탄광운대,광운대병점,천안청량리
8:42,8:44,9:20,9:20
양주인천,인천양주,동두천인천,인천소요산
8:47,8:53,09:24급첫,9:26
동두천부평,인천연천,청량리신창,인천광운대
8:50,8:56,9:30,9:29
청량리천안,천안청량리,광운대서동탄,천안광운대
8:54,-,9:34,09:33급첫
소요산인천,-,양주구로,신창청량리
8:58,-,9:38,9:37
광운대서동탄,-,청량리신창,인천동두천
09:03급,9:01,9:43,9:48
동두천인천,인천의정부,소요산인천,천안청량리
9:10,9:04,9:49,9:53
광운대신창,병점광운대,광운대병점,인천연천
9:16,9:09,9:56,9:59
동두천인천,인천양주,의정부인천,서동탄광운대
9:19,9:13,10:01,10:03
광운대병점,서동탄광운대,청량리천안,인천의정부
9:24,9:17,10:05,10:07
동두천인천,신창청량리,연천인천,신창광운대
09:28급,9:20,10:12,10:11급
청량리천안,인천소요산,광운대신창,천안청량리
9:31,9:31,10:17,10:16
의정부인천,신창광운대,양주인천,인천소요산
9:36,09:35급첫,10:21,10:21
광운대서동탄,신창청량리,청량리서동탄,천안광운대
9:43,9:39,10:28,10:27
소요산인천,인천양주,광운대신창,인천양주
9:47,9:43,10:33,10:33
청량리신창,서동탄광운대,동두천인천,서동탄광운대
9:52,9:54,10:38급,10:37
광운대서동탄,인천연천,청량리천안,인천동두천
9:57,9:59,10:41,10:42
의정부인천,서동탄청량리,광운대인천,신창청량리
10:02,10:03,10:46,10:46
청량리천안,인천의정부,광운대서동탄,인천양주
10:06,10:07,10:51,10:49
연천인천,천안광운대,소요산인천,천안광운대
10:15,10:13급,10:55,10:53
광운대신창,신창청량리,광운대구로,인천연천
10:19,10:17,-,10:58
동두천인천,인천소요산,-,서동탄광운대
10:25,10:21,11:00,11:02
청량리서동탄,천안광운대,양주인천,인천의정부
10:29,10:26,11:04급,11:07
동두천인천,인천양주,청량리천안,천안광운대
10:33,10:35급,11:07,11:12급
양주구로,인천동두천,광운대신창,천안청량리
10:37급,10:39,11:11,11:16
청량리천안,서동탄청량리,연천인천,인천광운대
10:41,10:43,11:17,11:20
의정부인천,인천양주,광운대서동탄,병점광운대
10:47,10:48,11:21,11:24
광운대서동탄,신창광운대,동두천인천,신창청량리
10:51,10:53,11:25,11:27
양주서울역,인천연천,광운대신창,인천양주
10:56,10:58,11:30,11:30
광운대신창,서동탄광운대,의정부인천,서동탄광운대
11:02,11:04,11:34급,11:34급
연천인천,인천의정부,청량리천안,천안청량리
11:06급,11:07급,11:37,11:39
청량리신창,천안청량리,광운대천안,인천동두천
11:10,11:12,11:42,11:42
청량리서동탄,부평소요산,양주인천,천안광운대
11:15,11:18,11:46,11:47
동두천인천,인천양주,청량리서동탄,인천양주
11:21급,11:24,11:50,11:52
동두천인천,신창광운대,소요산인천,서동탄광운대
11:26,11:27,11:55급,11:57급
광운대병점,구로의정부,청량리천안,천안청량리
11:30,11:32급,11:58,-
의정부인천,신창청량리,광운대신창,-
11:34급,11:36,12:03,12:02
청량리신창,인천양주,연천인천,인천연천
11:38,11:40,12:07,12:08
광운대신창,서동탄광운대,광운대서동탄,신창광운대
11:41,11:44,12:11,12:12
양주인천,천안청량리,양주인천,인천소요산
11:45,11:48급,12:16,12:17
광운대서동탄,인천동두천,광운대천안,서동탄광운대
11:51,11:52,12:20,12:21
소요산인천,서동탄광운대,동두천인천,인천양주
11:54급,11:56,12:25급,12:25
청량리천안,인천연천,청량리천안,천안광운대
12:00,12:00급,12:30,12:29
연천인천,천안청량리,의정부인천,인천의정부
12:08,12:05,12:34,12:33급
청량리서동탄,인천의정부,광운대신창,천안청량리
12:11,12:09,12:40,12:41
양주인천,천안광운대,양주인천,인천동두천
12:17,12:13,12:45,12:45
광운대천안,인천소요산,광운대서동탄,천안광운대
12:22급,12:18,12:49,12:50
동두천인천,서동탄광운대,소요산인천,인천양주
12:27급,12:22,12:55,12:54
청량리천안,인천양주,광운대신창,서동탄광운대
12:32,12:26,-,12:58
의정부인천,신창광운대,-,인천연천
12:36,12:29,13:00,13:01
광운대천안,인천의정부,연천인천,신창광운대
12:40,12:35급,13:05급,13:06급
양주인천,신창청량리,청량리천안,천안청량리
12:44,12:40급,13:08,13:13
광운대서동탄,인천동두천,광운대서동탄,인천소요산
12:50,12:44,13:12,13:17
소요산인천,천안광운대,양주인천,천안광운대
12:55,12:50,13:17,13:24
광운대천안,인천양주,광운대천안,인천양주
-,12:55,13:22,13:29
-,서동탄광운대,동두천인천,서동탄광운대
13:00,13:02,13:28급,13:33
양주인천,인천연천,청량리천안,인천의정부
13:05급,13:07,13:32,13:37급
청량리신창,서동탄광운대,광운대병점,천안청량리
13:08,13:13,13:36,13:43
광운대서동탄,인천양주,양주인천,인천동두천
13:12,13:18,13:39,13:46
의정부인천,신창청량리,광운대서동탄,신창광운대
13:16,13:22,13:44,13:52
광운대천안,인천소요산,소요산인천,인천양주
13:20급,13:29,13:48,13:56
동두천인천,서동탄광운대,광운대신창,서동탄광운대
13:26,13:34급,13:56,-
양주인천,천안청량리,의정부인천,-
13:31,13:38,14:00급,14:03급
광운대병점,인천양주,청량리천안,천안청량리
13:35,13:43,14:04,14:07
의정부인천,신창광운대,연천인천,인천의정부
13:39,13:50급막,14:08,14:13
광운대서동탄,인천동두천,광운대서동탄,신창광운대
13:44,13:55,14:14,14:17
소요산인천,서동탄광운대,양주인천,인천소요산
13:48,13:59,14:21,14:24
청량리천안,인천연천,광운대서동탄,서동탄광운대
13:56,-,14:26,14:28
의정부인천,-,동두천인천,인천양주
14:01,14:03급,14:30급,14:34
광운대서동탄,천안청량리,청량리천안,인천동두천
14:06,14:07,14:35,14:38
연천인천,인천의정부,양주인천,신창청량리
14:11급,14:12,14:39,14:44
청량리신창,신창청량리,광운대천안,인천양주
14:14,14:16,14:45,14:47
양주인천,인천소요산,소요산인천,천안광운대
14:18,14:21,14:50,14:54
광운대서동탄,서동탄광운대,광운대서동탄,인천연천
14:23급,14:27,14:56,14:59
동두천인천,인천양주,광운대천안,서동탄광운대
14:28급,14:33,15:01,15:03급
청량리천안,인천의정부,의정부인천,천안청량리
14:33,14:38,15:05급,15:07
광운대신창,신창청량리,청량리신창,인천의정부
14:37,14:43,15:10,15:11
양주인천,인천광운대,연천인천,신창광운대
14:41,14:47,15:14,15:15
광운대서동탄,천안광운대,광운대서동탄,인천소요산
14:48,14:52,15:19,15:26
소요산인천,인천연천,양주인천,인천양주
14:54,14:56급,15:25급,15:30
청량리천안,천안청량리,청량리천안,천안광운대
14:59,-,15:30,15:36급
양주인천,-,동두천인천,천안청량리
15:04급,15:01,15:34,15:41
청량리천안,인천양주,광운대신창,인천의정부
15:08,15:04,15:38,15:44
광운대서동탄,서동탄광운대,의정부인천,신창광운대
15:13,15:10,15:42,15:52
연천인천,신창광운대,소요산구로,인천연천
15:20,15:17,15:46,15:55
양주인천,인천소요산,광운대서동탄,서동탄광운대
15:25급,15:22,15:51,15:59급
청량리천안,서동탄청량리,양주인천,천안청량리
15:33,15:26,15:58급,-
광운대신창,인천양주,청량리천안,-
15:37,15:30,16:01,16:03
의정부인천,신창광운대,광운대신창,인천의정부
15:47,15:35급,16:06,16:08
청량리서동탄,신창청량리,연천인천,신창광운대
15:54,15:38,16:10,16:13
소요산인천,인천의정부,광운대병점,인천소요산
15:57,15:44,16:13,16:18
광운대천안,천안광운대,양주인천,서동탄광운대
-,15:49,16:17,16:21
-,인천연천,광운대서동탄,인천양주
-,15:55급,16:21,16:24
-,신창청량리,동두천인천,천안광운대
16:01,16:04,16:24급,16:28
의정부인천,인천의정부,청량리천안,인천의정부
16:06급,16:07,16:28,16:32급
청량리천안,천안광운대,광운대천안,천안청량리
16:09,16:11,16:32,16:36
광운대서동탄,인천소요산,양주인천,인천동두천
16:14,16:18,16:37,16:40
연천인천,서동탄광운대,광운대서동탄,신창광운대
16:18,16:22,16:41,16:46
양주인천,인천의정부,의정부인천,서동탄광운대
16:22급,16:25,16:46,16:50
청량리신창,천안광운대,광운대병점,인천양주
16:27급막,16:29,16:50,16:55급
동두천인천,인천동두천,소요산인천,천안청량리
16:34,16:33급,16:54,16:59
의정부인천,천안청량리,광운대천안,인천연천
16:38,16:37,16:59,-
광운대서동탄,인천양주,동두천구로,-
16:43,16:41,17:02,17:03
양주인천,신창광운대,동묘앞인천,신창청량리
16:47,16:47,17:05급,17:07
동묘앞서동탄,서동탄광운대,청량리신창,인천의정부
16:51,16:51,17:09,17:16
소요산인천,인천연천,광운대서동탄,서동탄광운대
16:54,16:55급,17:13,17:20
광운대천안,천안청량리,의정부인천,구로의정부
16:59,16:59,17:17,17:24
동묘앞인천,인천양주,청량리천안,신창광운대
17:03급,17:03,17:21,17:32급
청량리신창,신창광운대,양주서울역,천안청량리
17:07,17:06,17:25,17:35
광운대서동탄,인천의정부,광운대서동탄,구로동두천
17:11,17:11,17:31,17:40
연천인천,천안청량리,의정부인천,서동탄광운대
17:15,17:14,17:35,17:43
광운대천안,부평소요산,광운대신창,인천의정부
17:19,17:18,17:41,17:47
양주인천,서동탄광운대,청량리천안,천안광운대
17:23급,17:21,17:45,17:53
청량리신창,인천양주,소요산인천,인천양주
17:27,17:25,17:55,17:58
광운대서동탄,신창광운대,의정부인천,서동탄광운대
17:33,17:32급,17:59,-
의정부인천,천안청량리,광운대서동탄,-
17:36,17:35,18:03,18:01급
광운대신창,부평동두천,연천인천,천안청량리
17:40,17:43,18:08,18:07
양주인천,인천양주,청량리천안,인천양주
17:44,17:46,18:13,18:11
청량리서동탄,신창광운대,광운대서동탄,신창광운대
17:50,17:51,18:18,18:16
소요산인천,인천연천,양주인천,인천소요산
17:55,17:54급,18:23급,18:22
광운대천안,천안청량리,청량리신창,서동탄광운대
17:58,17:58,18:27,18:26급
의정부인천,인천동두천,광운대서동탄,천안청량리
18:03,18:01,18:31,18:31
청량리서동탄,서동탄광운대,양주인천,인천동두천
18:06,18:05,18:34,18:34
연천인천,인천의정부,광운대천안,신창광운대
18:11,18:10,18:38,18:38
광운대신창,천안광운대,의정부인천,구로양주
18:15,18:14,18:43,18:43
의정부인천,인천양주,소요산인천,인천광운대
18:20,18:17급,18:46,18:47
청량리서동탄,천안청량리,광운대서동탄,병점광운대
18:24,18:24,18:51,18:56
양주인천,서동탄광운대,의정부인천,서동탄광운대
18:29,18:29,18:55급막,-
광운대신창,인천양주,청량리신창,-
18:34,18:32,19:00,19:00
의정부인천,신창광운대,광운대신창,인천의정부
18:37,18:38,19:05,19:05급
광운대천안,인천동두천,연천인천,천안청량리
18:43,18:42,19:12,19:13
소요산인천,병점광운대,광운대서동탄,구로소요산
18:46,18:46,19:18,19:17
광운대서동탄,인천양주,동두천인천,신창광운대
18:50,18:49급,19:22,19:20
양주인천,천안청량리,광운대신창,인천의정부
18:54급,18:54,19:25,19:25
청량리천안,인천연천,의정부인천,인천양주
18:57,18:57,19:30,19:30
광운대신창,천안광운대,청량리구로,서동탄광운대
19:01,19:00,19:35,19:35급
연천인천,부평동두천,양주인천,천안청량리
19:05,19:05,19:39,19:40
광운대신창,서동탄청량리,광운대천안,인천양주
19:09,19:08,19:48,19:43
양주인천,인천의정부,소요산인천,신창광운대
19:12,19:16,19:52,19:46
광운대서동탄,신창광운대,광운대신창,인천연천
19:16,19:20,19:57,19:51
동두천인천,인천양주,양주인천,서동탄광운대
19:21급,19:24,-,19:55
청량리천안,서동탄광운대,-,인천광운대
19:24,19:28,-,19:59
광운대서동탄,인천소요산,-,천안청량리
19:28,19:32,20:01,20:05
양주인천,신창광운대,청량리서동탄,인천동두천
19:32,19:39,20:06,20:10
광운대천안,천안청량리,연천인천,신창광운대
19:37,19:43,20:11,20:14
의정부인천,인천동두천,동두천인천,인천소요산
19:42,19:47,20:15,20:24
청량리서동탄,서동탄광운대,광운대신창,인천양주
19:46,19:51,20:20,20:27
소요산인천,인천양주,양주인천,천안광운대
19:52,19:54,20:24,20:33급
광운대천안,천안광운대,청량리구로,천안청량리
19:56,-,20:27,20:37
양주인천,-,광운대서동탄,인천의정부
20:00,20:00,20:32,20:41
광운대서동탄,서동탄광운대,의정부인천,서동탄광운대
20:04,20:04,20:37,20:46
연천인천,인천연천,광운대천안,인천동두천
20:08급막,20:10,20:42,20:49
청량리신창,신창광운대,광운대서동탄,신창청량리
20:11,20:14,20:46,20:54
양주인천,인천의정부,소요산인천,인천양주
20:16,20:18,20:51,20:59
광운대신창,서동탄광운대,의정부구로,구로연천
20:22,20:25,20:57,-
동두천인천,인천소요산,청량리신창,-
20:26,20:28,21:00,21:04
광운대서동탄,천안광운대,연천인천,병점광운대
20:31,20:32급,21:05,21:09
양주인천,신창청량리,광운대병점,신창청량리
20:36,20:37,21:09,21:13
광운대천안,인천양주,양주인천,인천의정부
20:40,20:44,21:14막,21:17
의정부인천,인천동두천,청량리신창,서동탄광운대
20:45,20:48,21:19,21:22
광운대서동탄,천안광운대,동두천인천,인천소요산
20:51,20:52,21:25,21:25
동두천인천,인천양주,광운대서동탄,천안광운대
20:57,20:55,21:30,21:31
청량리신창,서동탄광운대,양주인천,인천양주
-,20:59,21:35,21:35급막
-,인천연천,광운대서동탄,천안청량리
21:00,21:07,21:42,21:39
연천인천,인천의정부,청량리천안,인천의정부
21:04,21:13,21:47,21:44
광운대서동탄,서동탄청량리,소요산인천,신창광운대
21:09,21:18,21:52,21:49
동두천인천,인천소요산,광운대서동탄,인천연천
21:17,21:23,21:58,21:53
양주인천,천안광운대,청량리병점,서동탄광운대
21:23,21:30급,-,21:58
광운대신창,천안청량리,-,인천의정부
21:28,21:35,22:02,22:07
동두천인천,인천양주,연천인천,인천소요산
21:32,21:39,22:07막,22:14
광운대병점,신창광운대,광운대천안,신창광운대
21:36,21:43,22:11,22:18
양주인천,인천의정부,양주인천,인천양주
21:41,21:49,22:16,22:27
연천구로,서동탄광운대,광운대병점,인천동두천
21:45막,21:53,22:21,22:31
청량리신창,인천연천,의정부인천,천안청량리
21:49,21:58,22:28,22:42
의정부인천,서동탄광운대,광운대병점,병점광운대
21:55,-,22:32,22:47막
광운대서동탄,-,동두천인천,인천연천
22:01,22:01,22:37,22:52
소요산인천,인천양주,양주인천,천안광운대
22:07막,22:05급,22:43,22:58
청량리천안,신창청량리,광운대서동탄,인천의정부
22:11,22:09,22:49,-
연천인천,인천소요산,소요산인천,-
22:16,22:14,22:55막,-
광운대서동탄,천안광운대,청량리서동탄,-
22:24,22:20,23:00,23:03
동두천인천,인천의정부,연천인천,병점광운대
22:28,22:29,23:06막,23:13막
광운대병점,인천동두천,광운대병점,인천소요산
22:33,22:34급막,23:13막,23:17
청량리구로,천안청량리,의정부인천,신창광운대
22:38,22:39,23:19,23:27
의정부인천,인천양주,양주구로,서동탄광운대
22:44,22:43,23:32,23:37막
광운대서동탄,서동탄광운대,동두천구로,인천양주
22:49,22:49,23:42,23:42
양주서울역,인천의정부,의정부구로,서동탄광운대
22:54,22:56,23:54막,23:48막
광운대구로,신창광운대,소요산구로,인천의정부
22:59,-,-,0:01
소요산인천,-,-,인천광운대
23:04막,23:03막,-,00:13막
광운대서동탄,인천연천,-,인천광운대
23:11,23:12,-,-
연천인천,신창광운대,-,-
23:15,23:19,-,-
청량리구로,서동탄광운대,-,-
23:19막,23:26막,-,-
의정부인천,인천소요산,-,-
23:29,23:33막,-,-
양주구로,인천양주,-,-
23:43,23:39,-,-
양주구로,서동탄광운대,-,-
23:51,23:46막,-,-
광운대구로,인천의정부,-,-
23:59막,-,-,-
의정부구로,-,-,-
0:17,0:05,-,-
의정부서울역,천안광운대,-,-
00:48막,00:13막,-,-
청량리서울역,인천광운대,-,-
-,00:23막,-,-
-,서동탄청량리,-,-
