﻿남영방면,시청방면,남영방면,시청방면,,
평일,평일,주말,주말,,
05:20첫,05:20첫,05:20첫,05:20첫,,
서울역서동탄,구로동두천,서울역서동탄,구로동두천,,
05:30첫,5:24,05:30첫,5:24,,
광운대인천,서울역의정부,광운대인천,서울역의정부,,
5:37,5:30,5:37,5:32,,
창동인천,구로청량리,동묘앞서동탄,서울역양주,,
5:42,5:35,5:42,05:40첫,,
광운대서동탄,서울역양주,광운대인천,구로연천,,
5:49,5:40,5:49,5:45,,
동묘앞인천,구로동두천,동묘앞인천,구로청량리,,
5:54,5:44,5:54,5:50,,
동묘앞서동탄,서울역의정부,광운대서동탄,서울역광운대,,
5:59,5:48,-,5:54,,
의정부인천,부평동두천,-,부평소요산,,
-,5:55,6:00,6:08,,
-,구로청량리,의정부인천,인천양주,,
-,5:59,6:10,6:13,,
-,서울역광운대,광운대서동탄,병점광운대,,
6:05,6:08,6:14,6:19,,
양주인천,인천양주,양주인천,인천동두천,,
6:10,6:12,6:25,6:25,,
광운대서동탄,병점광운대,동묘앞인천,병점청량리,,
6:14,06:18급첫,6:28,6:31,,
양주인천,인천동두천,광운대병점,인천연천,,
06:19급첫,6:21,6:35,6:36,,
청량리신창,병점청량리,동묘앞서동탄,병점청량리,,
6:23,6:25,6:38,6:44,,
동묘앞인천,서울역양주,소요산인천,인천양주,,
6:27,6:28,6:43,6:50,,
광운대서동탄,인천동두천,광운대병점,서동탄광운대,,
6:32,6:32,6:47,6:57,,
동묘앞인천,병점광운대,동묘앞인천,인천소요산,,
6:38,6:35,06:52첫,-,,
소요산인천,구로청량리,청량리신창,-,,
06:44급첫,06:41첫,6:56,-,,
청량리천안,인천연천,양주인천,-,,
6:48,6:45,7:00,7:01,,
동묘앞인천,서울역양주,광운대서동탄,천안청량리,,
6:52,6:48,7:04,7:08,,
광운대병점,인천동두천,광운대천안,인천양주,,
6:56,6:52,7:10,7:14,,
양주인천,서동탄광운대,연천인천,서동탄광운대,,
-,6:57,7:15,7:19,,
-,인천소요산,청량리천안,인천동두천,,
07:00첫,7:01,7:19,7:24,,
광운대신창,천안청량리,의정부인천,신창광운대,,
7:04,7:07,07:24급첫,7:29,,
동묘앞인천,인천동두천,청량리천안,인천양주,,
7:07,7:11,7:27,7:33,,
광운대서동탄,서동탄광운대,광운대병점,서동탄청량리,,
7:11,7:15,7:31,7:37,,
연천인천,인천동두천,광운대신창,인천연천,,
7:15,7:19,7:35,7:40,,
청량리천안,병점청량리,동두천인천,천안광운대,,
7:19,7:24,7:39,7:46,,
의정부인천,신창광운대,동묘앞서동탄,인천의정부,,
07:23급,7:28,7:43,7:51,,
청량리천안,인천동두천,양주인천,병점청량리,,
7:27,7:33,7:52,7:56,,
광운대병점,서동탄청량리,소요산인천,인천양주,,
7:31,7:38,07:56급,-,,
동두천인천,인천연천,청량리천안,-,,
7:34,7:41,8:00,8:00,,
광운대신창,천안광운대,광운대서동탄,서동탄광운대,,
7:39,7:47,8:05,8:04,,
의정부서동탄,인천의정부,동두천인천,신창광운대,,
7:43,7:51,8:11,8:08,,
양주인천,병점청량리,연천구로,인천소요산,,
7:47,7:56,8:15,8:12,,
광운대신창,인천소요산,광운대신창,병점청량리,,
7:51,7:59,8:20,8:15,,
동두천인천,서동탄광운대,동묘앞인천,인천의정부,,
07:56급,-,08:24급,8:19,,
청량리천안,-,청량리천안,서동탄동묘앞,,
8:00,8:03,8:27,8:26,,
의정부서동탄,인천양주,광운대서동탄,인천동두천,,
08:04급첫,8:06,8:33,8:29,,
동두천인천,신창광운대,동묘앞인천,천안청량리,,
8:07,8:09,8:37,8:34,,
청량리서동탄,인천동두천,광운대신창,서동탄광운대,,
8:10,8:13,8:42,8:39,,
연천인천,서동탄청량리,동두천인천,인천연천,,
8:14,8:16,08:46급,8:43,,
광운대신창,인천의정부,청량리천안,서동탄광운대,,
8:18,8:19,8:51,8:48,,
양주부평,천안광운대,광운대서동탄,신창청량리,,
08:22급,08:24급,8:58,8:53,,
청량리천안,인천동두천,양주구로,인천양주,,
8:25,8:28,-,8:59,,
동두천인천,서동탄광운대,-,서동탄광운대,,
8:28,8:31,9:02,9:03,,
광운대서동탄,인천양주,청량리천안,천안청량리,,
8:32,8:35,9:05,9:07,,
동두천구로,서동탄동묘앞,소요산인천,인천소요산,,
8:35,8:40,9:11,9:13,,
양주인천,인천연천,광운대서동탄,인천광운대,,
8:38,8:43,9:15,9:16,,
광운대신창,천안청량리,연천인천,천안광운대,,
8:41,8:48,9:20,09:20급첫,,
연천부평,인천의정부,청량리천안,신창청량리,,
08:45급,8:51,9:23,9:24,,
청량리천안,병점광운대,양주인천,인천동두천,,
8:48,8:56,9:28,9:29,,
동두천인천,인천양주,광운대병점,서동탄동묘앞,,
8:50,-,9:33,9:35,,
광운대서동탄,-,동두천인천,천안청량리,,
8:55,-,09:37급첫,9:40,,
양주인천,-,청량리신창,인천연천,,
9:00,9:00,9:43,9:46,,
동두천부평,서동탄광운대,광운대서동탄,서동탄광운대,,
9:03,9:04,9:47,9:50,,
청량리천안,신창청량리,양주구로,인천의정부,,
9:07,9:07,9:51,9:54,,
소요산인천,인천소요산,청량리신창,신창광운대,,
9:11,9:14,9:56,09:58급,,
광운대서동탄,인천동묘앞,소요산인천,천안청량리,,
09:16급,9:18,10:02,10:03,,
동두천인천,신창광운대,광운대병점,인천소요산,,
9:23,09:22급첫,10:09,10:08,,
광운대신창,신창청량리,의정부인천,천안광운대,,
9:29,9:26,10:14,10:14,,
동두천인천,인천양주,청량리천안,인천양주,,
9:32,9:30,10:18,10:20,,
광운대병점,서동탄광운대,연천인천,서동탄광운대,,
9:37,9:34,10:25,10:24,,
동두천인천,인천동묘앞,광운대신창,인천동두천,,
09:41급,9:41,10:30,10:29,,
청량리천안,인천연천,양주인천,신창청량리,,
9:44,9:46,10:34,10:33,,
의정부인천,서동탄청량리,청량리서동탄,인천양주,,
9:49,9:50,10:41,10:36,,
광운대서동탄,인천의정부,광운대신창,천안광운대,,
9:56,9:54,10:46,10:40,,
소요산인천,천안광운대,동두천인천,인천연천,,
10:00,10:00급,10:51급,10:45,,
청량리신창,신창청량리,청량리천안,서동탄광운대,,
10:05,10:04,10:54,10:49,,
광운대서동탄,인천소요산,광운대인천,인천의정부,,
10:10,10:08,10:59,10:54,,
의정부인천,천안광운대,광운대서동탄,천안광운대,,
10:15,10:13,-,10:59급,,
청량리천안,인천양주,-,천안청량리,,
10:19,10:22급,11:04,11:03,,
연천인천,인천동두천,소요산인천,인천광운대,,
10:28,10:26,11:08,11:07,,
광운대신창,서동탄청량리,광운대구로,병점광운대,,
10:32,10:30,11:13,11:11,,
동두천인천,인천양주,양주인천,신창청량리,,
10:38,10:35,11:17급,11:14,,
청량리서동탄,신창광운대,청량리천안,인천양주,,
10:42,10:40,11:20,11:17,,
동두천인천,인천연천,광운대신창,서동탄광운대,,
10:46,10:45,11:24,11:21급,,
양주구로,서동탄광운대,연천인천,천안청량리,,
10:50급,10:51,11:30,11:26,,
청량리천안,인천의정부,광운대서동탄,인천동두천,,
10:54,10:54급,11:34,11:29,,
의정부인천,천안청량리,동두천인천,천안광운대,,
-,10:59,11:38,11:34,,
-,부평소요산,광운대신창,인천양주,,
11:00,11:05,11:43,11:39,,
광운대서동탄,인천양주,의정부인천,서동탄광운대,,
11:09,11:11,11:47급,11:44급,,
광운대신창,신창광운대,청량리천안,천안청량리,,
11:15,11:14,11:50,11:49,,
연천인천,구로의정부,광운대천안,인천연천,,
11:19급,11:19급,11:55,11:55,,
청량리신창,신창청량리,양주인천,신창광운대,,
11:23,11:23,11:59,11:59,,
청량리서동탄,인천양주,청량리서동탄,인천소요산,,
11:28,11:27,12:03,12:04,,
동두천인천,서동탄광운대,소요산인천,서동탄광운대,,
11:34급,11:31,12:08급,12:08,,
동두천인천,천안청량리,청량리천안,인천양주,,
11:39,11:35급,12:11,12:12,,
광운대병점,인천동두천,광운대신창,천안광운대,,
11:43,11:39,12:16,12:16,,
의정부인천,서동탄광운대,연천인천,인천의정부,,
11:47급,11:43,12:20,12:20급,,
청량리신창,인천연천,광운대서동탄,천안청량리,,
11:51,11:47급,12:24,12:28,,
광운대신창,천안청량리,양주인천,인천동두천,,
11:54,11:52,12:29,12:32,,
양주인천,인천의정부,광운대천안,천안광운대,,
11:58,11:56,12:33,12:37,,
광운대서동탄,천안광운대,동두천인천,인천양주,,
12:04,12:00,12:38급,12:41,,
소요산인천,인천소요산,청량리천안,서동탄광운대,,
12:07급,12:05,12:43,12:45,,
청량리천안,서동탄광운대,의정부인천,인천연천,,
12:13,12:09,12:47,12:48,,
연천인천,인천양주,광운대신창,신창광운대,,
12:21,12:13,12:53,12:53급,,
청량리서동탄,신창광운대,양주인천,천안청량리,,
12:24,12:16,12:58,-,,
양주인천,인천의정부,광운대서동탄,-,,
12:30,12:22급,13:02,13:00,,
광운대천안,신창청량리,소요산인천,인천소요산,,
12:35급,12:27급,13:08,13:04,,
동두천인천,인천동두천,광운대신창,천안광운대,,
12:40급,12:31,13:13,13:11,,
청량리천안,천안광운대,연천인천,인천양주,,
12:45,12:37,13:18급,13:16,,
의정부인천,인천양주,청량리천안,서동탄광운대,,
12:49,12:42,13:21,13:20,,
광운대천안,서동탄광운대,광운대서동탄,인천의정부,,
12:53,12:49,13:25,13:24급,,
양주인천,인천연천,양주인천,천안청량리,,
12:57,12:54,13:30,13:30,,
광운대서동탄,서동탄광운대,광운대천안,인천동두천,,
13:03,13:00,13:35,13:33,,
소요산인천,인천양주,동두천인천,신창광운대,,
13:08,13:05,13:41급,13:39,,
광운대천안,신창청량리,청량리천안,인천양주,,
13:13,13:09,13:45,13:43,,
양주인천,인천소요산,광운대병점,서동탄광운대,,
13:18급,13:16,13:49,13:50급,,
청량리신창,서동탄광운대,양주인천,천안청량리,,
13:21,13:21급,13:52,13:54,,
광운대서동탄,천안청량리,광운대서동탄,인천의정부,,
13:25,13:25,13:57,-,,
의정부인천,인천양주,소요산인천,-,,
13:29,13:30,14:01,14:00,,
광운대천안,신창광운대,광운대신창,신창광운대,,
13:33급,13:37급막,14:09,14:04,,
동두천인천,인천동두천,의정부인천,인천소요산,,
13:39,13:42,14:13급,14:11,,
양주인천,서동탄광운대,청량리천안,서동탄광운대,,
13:44,13:46,14:17,14:15,,
광운대병점,인천연천,연천인천,인천양주,,
13:48,13:50급,14:21,14:21,,
의정부인천,천안청량리,광운대서동탄,인천동두천,,
13:52,13:54,14:27,14:25,,
광운대서동탄,인천의정부,양주인천,신창청량리,,
13:57,13:59,14:34,14:31,,
소요산인천,신창청량리,광운대서동탄,인천양주,,
14:01,14:03,14:39,14:34,,
청량리천안,인천소요산,동두천인천,천안광운대,,
14:09,14:08,14:43급,14:41,,
의정부인천,서동탄광운대,청량리천안,인천연천,,
14:14,14:14,14:48,14:46,,
광운대서동탄,인천양주,양주인천,서동탄광운대,,
14:19,14:20,14:52,14:50급,,
연천인천,인천의정부,광운대천안,천안청량리,,
14:24급,14:25,14:58,14:54,,
청량리신창,신창청량리,소요산인천,인천의정부,,
14:27,14:30,-,14:58,,
양주인천,인천광운대,-,신창광운대,,
14:31,14:34,15:03,15:02,,
광운대서동탄,천안광운대,광운대서동탄,인천소요산,,
14:36급,14:39,15:09,15:08,,
동두천인천,인천연천,광운대천안,서동탄동묘앞,,
14:41급,14:43급,15:14,15:13,,
청량리천안,천안청량리,의정부인천,인천양주,,
14:46,14:48,15:18급,15:17,,
광운대신창,인천양주,청량리신창,천안광운대,,
14:50,14:51,15:23,15:23급,,
양주인천,서동탄광운대,연천인천,천안청량리,,
14:54,14:57,15:27,15:28,,
광운대서동탄,신창광운대,광운대서동탄,인천의정부,,
15:01,15:04,15:32,15:31,,
소요산인천,인천소요산,양주인천,신창광운대,,
15:07,15:09,15:38급,15:39,,
청량리천안,서동탄청량리,청량리천안,인천연천,,
15:12,15:13,15:43,15:42,,
양주인천,인천양주,동두천인천,서동탄광운대,,
15:17급,15:17,15:47,15:46급,,
청량리천안,신창광운대,광운대신창,천안청량리,,
15:21,15:22급,15:51,15:50,,
광운대서동탄,신창청량리,의정부인천,인천의정부,,
15:26,15:25,15:55,15:55,,
연천인천,인천의정부,소요산구로,신창광운대,,
15:33,15:31,15:59,-,,
양주인천,천안광운대,광운대서동탄,-,,
15:38급,15:36,16:04,16:00,,
청량리천안,인천연천,양주인천,인천소요산,,
15:46,15:42급,16:11급,16:05,,
광운대신창,신창청량리,청량리천안,서동탄광운대,,
15:50,15:46,16:14,16:08,,
의정부인천,인천동묘앞,광운대신창,인천양주,,
-,15:51,16:19,16:11,,
-,인천의정부,연천인천,천안광운대,,
-,15:54,16:23,16:15,,
-,천안광운대,광운대병점,인천의정부,,
-,15:58,16:26,16:19급,,
-,인천소요산,양주인천,천안청량리,,
16:00,16:05,16:30,16:23,,
청량리서동탄,서동탄광운대,광운대서동탄,인천동두천,,
16:07,16:09,16:34,16:27,,
소요산인천,인천의정부,동두천인천,신창광운대,,
16:10,16:12,16:37급,16:33,,
광운대천안,천안광운대,청량리천안,서동탄광운대,,
16:14,16:16,16:41,16:37,,
의정부인천,인천동두천,광운대천안,인천양주,,
16:19급,16:20급,16:45,16:42급,,
청량리천안,천안청량리,양주인천,천안청량리,,
16:22,16:24,16:50,16:46,,
광운대서동탄,인천양주,광운대서동탄,인천연천,,
16:27,16:28,16:54,16:50,,
연천인천,신창광운대,의정부인천,신창청량리,,
16:31,16:34,16:59,16:54,,
양주인천,서동탄광운대,광운대병점,인천의정부,,
16:35급,16:38,17:03,17:03,,
청량리신창,인천연천,소요산인천,서동탄광운대,,
16:40급막,16:42급,17:07,17:07,,
동두천인천,천안청량리,광운대천안,구로의정부,,
16:47,16:46,17:12,17:11,,
의정부인천,인천양주,동두천구로,신창광운대,,
16:51,16:50,17:15,17:15,,
광운대서동탄,신창광운대,동묘앞인천,인천동묘앞,,
16:56,16:53,17:18급,17:19급,,
양주인천,인천의정부,청량리신창,천안청량리,,
-,16:58,17:22,17:22,,
-,천안청량리,광운대서동탄,구로동두천,,
17:00,17:01,17:26,17:27,,
동묘앞서동탄,부평소요산,의정부인천,서동탄광운대,,
17:04,17:05,17:30,17:30,,
소요산인천,서동탄광운대,청량리천안,인천의정부,,
17:07,17:08,17:38,17:34,,
광운대천안,인천양주,광운대서동탄,천안광운대,,
17:12,17:12,17:44,17:40,,
동묘앞인천,신창광운대,의정부인천,인천양주,,
17:16급,17:16,17:48,17:45,,
청량리신창,인천동묘앞,광운대신창,서동탄광운대,,
17:20,17:19급,17:54,17:48급,,
광운대서동탄,천안청량리,청량리천안,천안청량리,,
17:24,17:22,17:58,17:54,,
연천인천,부평동두천,소요산인천,인천양주,,
17:28,17:26,-,17:58,,
광운대천안,서동탄동묘앞,-,신창광운대,,
17:32,17:30,18:08,18:03,,
양주인천,인천양주,의정부인천,인천소요산,,
17:36급,17:33,18:12,18:09,,
청량리신창,신창광운대,광운대서동탄,서동탄광운대,,
17:40,17:38,18:16,18:13급,,
광운대서동탄,인천연천,연천인천,천안청량리,,
17:46,17:41급,18:21,18:18,,
의정부인천,천안청량리,청량리천안,인천동두천,,
17:49,17:45,18:26,18:21,,
광운대신창,인천동두천,광운대서동탄,신창광운대,,
17:53,17:48,18:31,18:25,,
양주인천,서동탄광운대,양주인천,구로양주,,
17:57,17:52,18:36급,18:30,,
청량리서동탄,인천의정부,청량리신창,인천광운대,,
-,17:57,18:40,18:34,,
-,천안광운대,광운대서동탄,병점광운대,,
18:03,18:01,18:44,18:38,,
소요산인천,인천양주,양주인천,인천동묘앞,,
18:08,18:04급,18:47,18:43,,
광운대천안,천안청량리,광운대천안,서동탄광운대,,
18:11,18:11,18:51,18:47,,
의정부인천,서동탄광운대,의정부인천,인천의정부,,
18:16,18:16,18:56,18:52급,,
청량리서동탄,인천양주,소요산인천,천안청량리,,
18:19,18:19,18:59,18:56,,
연천인천,신창광운대,광운대서동탄,인천동묘앞,,
18:24,18:25,19:04,19:00,,
광운대신창,인천동두천,의정부인천,구로소요산,,
18:26급,18:29,19:08급막,19:04,,
서울역천안,병점광운대,청량리신창,신창광운대,,
18:28,18:33,19:13,19:07,,
의정부인천,인천양주,광운대신창,인천의정부,,
18:33,18:36급,19:18,19:12,,
청량리서동탄,천안청량리,연천인천,인천양주,,
18:37,18:41,19:25,19:17,,
양주인천,인천연천,광운대서동탄,서동탄광운대,,
18:42,18:44,19:31,19:22급,,
광운대신창,천안광운대,동두천인천,천안청량리,,
18:47,18:47,19:35,19:27,,
의정부인천,부평동두천,광운대신창,인천양주,,
18:50,18:52,19:38,19:30,,
광운대천안,서동탄청량리,의정부인천,신창광운대,,
18:56,18:55,19:43,19:33,,
소요산인천,인천의정부,청량리구로,인천연천,,
18:59,18:59,19:48,19:38,,
광운대서동탄,인천동묘앞,양주인천,서동탄광운대,,
19:03,19:03,19:52,19:42,,
양주인천,신창광운대,광운대천안,인천광운대,,
19:07급,19:07,-,19:46,,
청량리천안,인천양주,-,천안청량리,,
19:10,19:11,-,19:52,,
광운대신창,서동탄광운대,-,인천동두천,,
19:14,19:15,-,19:57,,
연천인천,인천소요산,-,신창광운대,,
19:18,19:19,20:01,20:01,,
광운대신창,신창광운대,소요산인천,인천소요산,,
19:22,19:23,20:05,20:05,,
양주인천,인천동묘앞,광운대신창,서동탄동묘앞,,
19:25,19:26,20:10,20:11,,
광운대서동탄,천안청량리,양주인천,인천양주,,
19:29,19:30,20:14,20:14,,
동두천인천,인천동두천,청량리서동탄,천안광운대,,
19:34급,19:34,20:19,20:20급,,
청량리천안,서동탄광운대,연천인천,천안청량리,,
19:37,19:38,20:24,20:24,,
광운대서동탄,인천양주,동두천인천,인천의정부,,
19:41,19:41,20:28,20:28,,
양주인천,천안광운대,광운대신창,서동탄광운대,,
19:45,19:47,20:33,20:33,,
광운대천안,서동탄광운대,양주인천,인천동두천,,
19:50,19:51,20:37,20:36,,
의정부인천,인천연천,청량리구로,신창청량리,,
19:55,19:57,20:40,20:41,,
청량리서동탄,신창광운대,광운대서동탄,인천양주,,
19:59,-,20:45,20:46,,
소요산인천,-,의정부인천,구로연천,,
20:05,20:01,20:50,20:51,,
광운대천안,인천의정부,광운대천안,병점광운대,,
20:09,20:05,20:55,20:56,,
양주인천,서동탄광운대,광운대서동탄,신창청량리,,
20:13,20:12,20:59,-,,
광운대서동탄,인천소요산,소요산인천,-,,
20:17,20:15,21:04,21:00,,
연천인천,천안광운대,의정부구로,인천의정부,,
20:21급막,20:19급,21:10,21:04,,
청량리신창,신창청량리,청량리신창,서동탄광운대,,
20:24,20:24,21:13,21:09,,
양주인천,인천양주,연천인천,인천소요산,,
20:29,20:31,21:18,21:12,,
광운대신창,인천동두천,광운대병점,천안광운대,,
20:35,20:35,21:22,21:18,,
동두천인천,천안광운대,양주인천,인천양주,,
20:39,20:39,21:27막,21:22급막,,
광운대서동탄,인천양주,청량리신창,천안청량리,,
20:44,20:42,21:32,21:26,,
양주인천,서동탄광운대,동두천인천,인천의정부,,
20:49,20:46,21:38,21:31,,
광운대천안,인천연천,광운대서동탄,신창광운대,,
20:53,20:54,21:43,21:36,,
의정부인천,인천의정부,양주인천,인천연천,,
20:58,-,21:48,21:40,,
광운대서동탄,-,광운대서동탄,서동탄광운대,,
21:04,21:00,21:55,21:45,,
동두천인천,서동탄청량리,청량리천안,인천의정부,,
21:10,21:05,-,21:49,,
청량리신창,인천소요산,-,서동탄동묘앞,,
21:13,21:10,-,21:54,,
연천인천,천안광운대,-,인천소요산,,
21:17,21:17급,22:00,22:01,,
광운대서동탄,천안청량리,소요산인천,신창광운대,,
21:22,21:22,22:05,22:05,,
동두천인천,인천양주,광운대서동탄,인천양주,,
21:30,21:26,22:11,22:10,,
양주인천,신창광운대,청량리병점,서동탄동묘앞,,
21:36,21:30,22:15,22:14,,
광운대신창,인천의정부,연천인천,인천동두천,,
21:41,21:36,22:20막,22:18,,
동두천인천,서동탄광운대,광운대천안,천안청량리,,
21:45,21:40,22:24,22:23,,
광운대병점,인천연천,양주인천,인천동묘앞,,
21:49,21:45,22:29,22:29,,
양주인천,서동탄광운대,광운대병점,병점광운대,,
21:54,21:48,22:34,22:34막,,
연천구로,인천양주,의정부인천,인천연천,,
21:58막,21:52급,22:41,22:39,,
청량리신창,신창청량리,광운대병점,천안광운대,,
-,21:56,22:45,22:45,,
-,인천소요산,동두천인천,인천의정부,,
22:02,22:01,22:50,22:50,,
의정부인천,천안광운대,양주인천,병점광운대,,
22:08,22:07,22:56,-,,
광운대서동탄,인천의정부,광운대서동탄,-,,
22:14,22:12,23:02,23:00막,,
소요산인천,서동탄동묘앞,소요산인천,인천소요산,,
22:20막,22:16,23:08막,23:04,,
청량리천안,인천동두천,청량리서동탄,신창광운대,,
22:24,22:21급막,23:13,23:14,,
연천인천,천안청량리,연천인천,서동탄광운대,,
22:29,22:26,23:19막,23:24막,,
광운대서동탄,인천양주,광운대병점,인천양주,,
22:37,22:30,23:26막,23:29,,
동두천인천,서동탄광운대,의정부인천,서동탄광운대,,
22:41,22:36,23:32,23:35막,,
광운대병점,인천의정부,양주구로,인천의정부,,
22:46,22:43,23:45,23:48,,
청량리구로,신창광운대,동두천구로,인천광운대,,
22:51,22:50막,23:55,-,,
의정부인천,인천연천,의정부구로,-,,
22:57,22:59,00:07막,00:00막,,
광운대서동탄,신창광운대,소요산구로,인천광운대,,
23:07,23:06,-,00:13막,,
광운대구로,서동탄광운대,-,인천동묘앞,,
23:12,23:13막,-,-,,
소요산인천,인천소요산,-,-,,
23:17막,23:20막,-,-,,
광운대서동탄,인천양주,-,-,,
23:24,23:26,-,-,,
연천인천,서동탄광운대,-,-,,
23:28,23:33막,-,-,,
청량리구로,인천의정부,-,-,,
23:32막,23:42,-,-,,
의정부인천,서동탄동묘앞,-,-,,
23:42,23:52,-,-,,
양주구로,천안광운대,-,-,,
23:56,-,-,-,,
양주구로,-,-,-,,
0:04,00:00막,-,-,,
광운대구로,인천광운대,-,-,,
00:12막,00:10막,-,-,,
의정부구로,서동탄청량리,-,-,,
-,0:22,-,-,,
-,인천동묘앞,-,-,,
-,00:48막,-,-,,
-,서울역동묘앞,-,-,,
