﻿광운대 방면,신이문 방면,광운대 방면,신이문 방면
평일,평일,주말,주말
05:48첫,05:02첫,05:48첫,05:02첫
구로동두천,광운대인천,구로동두천,광운대인천
5:52,5:09,5:52,5:14
서울역의정부,창동인천,서울역의정부,광운대인천
-,05:14첫,-,05:26첫
-,광운대서동탄,-,광운대서동탄
-,5:31,-,5:32
-,의정부인천,-,의정부인천
-,5:37,-,5:42
-,양주인천,-,광운대서동탄
-,5:42,-,5:46
-,광운대서동탄,-,양주인천
-,5:46,6:00,6:00
-,양주인천,서울역양주,광운대병점
-,5:59,06:08첫,6:10
-,광운대서동탄,구로연천,소요산인천
6:03,6:10,6:18,6:15
서울역양주,소요산인천,서울역광운대,광운대병점
6:08,6:24,6:22,6:28
구로동두천,광운대병점,부평소요산,양주인천
6:12,6:28,6:36,6:32
서울역의정부,양주인천,인천양주,광운대서동탄
6:16,06:32첫,6:41,06:36첫
부평동두천,광운대신창,병점광운대,광운대천안
6:27,6:39,6:47,6:42
서울역광운대,광운대서동탄,인천동두천,연천인천
6:36,6:43,6:59,6:51
인천양주,연천인천,인천연천,의정부인천
6:40,6:51,-,6:59
병점광운대,의정부인천,-,광운대병점
06:46급첫,6:59,7:12,07:03첫
인천동두천,광운대병점,인천양주,광운대신창
6:53,-,7:18,7:07
서울역양주,-,서동탄광운대,동두천인천
6:56,-,7:25,7:15
인천동두천,-,인천소요산,양주인천
7:00,7:03,7:36,7:24
병점광운대,동두천인천,인천양주,소요산인천
07:09첫,7:06,7:42,7:32
인천연천,광운대신창,서동탄광운대,광운대서동탄
7:13,7:11,7:47,7:37
서울역양주,의정부서동탄,인천동두천,동두천인천
7:16,7:15,7:52,7:43
인천동두천,양주인천,신창광운대,연천구로
7:20,7:19,7:57,7:47
서동탄광운대,광운대신창,인천양주,광운대신창
7:25,7:23,-,7:59
인천소요산,동두천인천,-,광운대서동탄
7:35,7:32,8:05,8:09
인천동두천,의정부서동탄,인천연천,광운대신창
7:39,07:36급첫,8:08,8:14
서동탄광운대,동두천인천,천안광운대,동두천인천
7:43,7:42,8:14,8:23
인천동두천,연천인천,인천의정부,광운대서동탄
7:52,7:46,8:24,8:30
신창광운대,광운대신창,인천양주,양주구로
7:56,7:50,8:28,8:37
인천동두천,양주부평,서동탄광운대,소요산인천
-,7:57,8:32,8:43
-,동두천인천,신창광운대,광운대서동탄
8:06,8:00,8:36,8:47
인천연천,광운대서동탄,인천소요산,연천인천
8:09,8:04,8:43,8:55
천안광운대,동두천구로,인천의정부,양주인천
8:15,8:07,8:54,-
인천의정부,양주인천,인천동두천,-
8:24,8:10,9:02,9:00
인천소요산,광운대신창,서동탄광운대,광운대병점
8:27,8:13,9:07,9:05
서동탄광운대,연천부평,인천연천,동두천인천
8:31,8:20,9:11,9:15
인천양주,동두천인천,서동탄광운대,광운대서동탄
8:34,8:22,9:21,9:19
신창광운대,광운대서동탄,인천양주,양주구로
8:37,8:27,9:27,9:28
인천동두천,양주인천,서동탄광운대,소요산인천
8:44,8:32,9:35,9:34
인천의정부,동두천부평,인천소요산,광운대병점
8:47,8:39,9:41,9:41
천안광운대,소요산인천,인천광운대,의정부인천
08:52급,8:43,9:44,9:50
인천동두천,광운대서동탄,천안광운대,연천인천
8:56,08:48급,9:52,9:57
서동탄광운대,동두천인천,인천동두천,광운대신창
8:59,8:55,10:08,10:02
인천양주,광운대신창,인천연천,양주인천
9:08,9:01,10:14,10:13
인천연천,동두천인천,서동탄광운대,광운대신창
9:16,9:04,10:18,10:18
인천의정부,광운대병점,인천의정부,동두천인천
9:19,9:09,10:22,10:26
병점광운대,동두천인천,신창광운대,광운대인천
9:24,9:16,10:31,10:31
인천양주,의정부인천,인천소요산,광운대서동탄
9:28,9:21,10:36,10:36
서동탄광운대,광운대서동탄,천안광운대,소요산인천
9:35,9:28,10:42,10:40
인천소요산,소요산인천,인천양주,광운대구로
9:46,9:37,10:48,10:45
신창광운대,광운대서동탄,서동탄광운대,양주인천
9:54,9:42,10:52,10:52
인천양주,의정부인천,인천동두천,광운대신창
9:58,9:51,-,10:56
서동탄광운대,연천인천,-,연천인천
10:09,10:00,11:01,11:02
인천연천,광운대신창,인천양주,광운대서동탄
10:18,10:04,11:04,11:06
인천의정부,동두천인천,천안광운대,동두천인천
10:22,10:14,11:08,11:10
천안광운대,동두천인천,인천연천,광운대신창
10:32,10:18,11:13,11:15
인천소요산,양주구로,서동탄광운대,의정부인천
10:36,10:26,11:17,11:22
천안광운대,의정부인천,인천의정부,광운대천안
10:41,10:32,11:22,11:27
인천양주,광운대서동탄,천안광운대,양주인천
10:50급,10:36,11:31,11:35
인천동두천,양주서울역,인천광운대,소요산인천
10:58,10:41,11:35,11:43
인천양주,광운대신창,병점광운대,광운대신창
-,10:47,11:42,11:48
-,연천인천,인천양주,연천인천
11:03,11:00,11:45,11:52
신창광운대,동두천인천,서동탄광운대,광운대서동탄
11:08,11:06급,11:54,11:56
인천연천,동두천인천,인천동두천,양주인천
11:13,11:11,11:57,-
서동탄광운대,광운대병점,천안광운대,-
11:19,11:15,12:02,12:01
인천의정부,의정부인천,인천양주,광운대천안
11:27,11:23,12:07,12:05
부평소요산,광운대신창,서동탄광운대,동두천인천
11:33,11:26,12:17,12:15
인천양주,양주인천,인천연천,의정부인천
11:39,11:30,12:23,12:19
신창광운대,광운대서동탄,신창광운대,광운대신창
11:42,11:36,12:27,12:25
구로의정부,소요산인천,인천소요산,양주인천
11:51,11:45,12:32,12:30
인천양주,연천인천,서동탄광운대,광운대서동탄
11:55,11:56,12:36,12:34
서동탄광운대,양주인천,인천양주,소요산인천
12:03급,12:02,12:40,12:40
인천동두천,광운대천안,천안광운대,광운대신창
12:07,12:07급,12:44,12:45
서동탄광운대,동두천인천,인천의정부,연천인천
12:11,12:17,12:56,12:53
인천연천,의정부인천,인천동두천,광운대서동탄
12:20,12:21,-,12:57
인천의정부,광운대천안,-,양주인천
12:24,12:25,13:00,13:02
천안광운대,양주인천,천안광운대,광운대천안
12:28,12:29,13:05,13:07
인천소요산,광운대서동탄,인천양주,동두천인천
12:33,12:35,13:09,13:17
서동탄광운대,소요산인천,서동탄광운대,광운대병점
12:37,12:40,13:13,13:21
인천양주,광운대천안,인천연천,양주인천
12:41,12:45,13:16,13:24
신창광운대,양주인천,신창광운대,광운대서동탄
12:44,12:53,13:28,13:29
인천의정부,광운대서동탄,인천소요산,소요산인천
12:55급,12:57,13:32,13:33
인천동두천,의정부인천,천안광운대,광운대신창
12:59,-,13:39,13:41
천안광운대,-,인천양주,의정부인천
13:05,13:01,13:44,13:49
인천양주,광운대천안,서동탄광운대,연천인천
13:10,13:05급,13:48,13:53
서동탄광운대,동두천인천,인천의정부,광운대서동탄
13:17,13:11,13:58,13:59
인천연천,양주인천,인천동두천,양주인천
13:22,13:16,14:01,14:06
서동탄광운대,광운대병점,신창광운대,광운대서동탄
13:28,13:20,14:07,14:11
인천양주,의정부인천,인천양주,동두천인천
13:37,13:24,14:11,14:20
인천소요산,광운대서동탄,서동탄광운대,양주인천
13:44,13:29,14:22,14:24
서동탄광운대,소요산인천,인천의정부,광운대천안
13:53,13:41,14:28,14:30
인천양주,의정부인천,신창광운대,소요산인천
13:58,13:46,14:32,14:35
신창광운대,광운대서동탄,인천소요산,광운대서동탄
-,13:51,14:39,14:41
-,연천인천,서동탄광운대,광운대천안
-,13:59,14:43,14:46
-,양주인천,인천양주,의정부인천
14:05급막,14:03,14:49,14:55
인천동두천,광운대서동탄,인천동두천,연천인천
14:10,14:08급,14:59,14:59
서동탄광운대,동두천인천,인천양주,광운대서동탄
14:14,14:18,15:02,15:04
인천연천,광운대신창,천안광운대,양주인천
14:22,14:22,15:09,15:15
인천의정부,양주인천,인천연천,동두천인천
14:31,14:26,15:14,15:19
인천소요산,광운대서동탄,서동탄광운대,광운대신창
14:36,14:33,15:22,15:23
서동탄광운대,소요산인천,인천의정부,의정부인천
14:42,14:44,15:26,15:27
인천양주,양주인천,신창광운대,소요산구로
14:48,14:53,15:30,15:31
인천의정부,광운대서동탄,인천소요산,광운대서동탄
14:58,14:58,15:41,15:36
인천광운대,연천인천,인천양주,양주인천
15:02,15:05,15:45,15:46
천안광운대,양주인천,천안광운대,광운대신창
15:07,15:18,15:56,15:51
인천연천,광운대신창,인천의정부,연천인천
15:16,15:22,15:59,15:55
인천양주,의정부인천,신창광운대,광운대병점
15:19,15:39,-,15:58
서동탄광운대,소요산인천,-,양주인천
15:25,15:42,16:07,16:02
신창광운대,광운대천안,인천연천,광운대서동탄
15:32,15:46,16:10,16:06
인천소요산,의정부인천,서동탄광운대,동두천인천
15:41,15:54,16:18,16:13
인천양주,광운대서동탄,인천의정부,광운대천안
15:45,15:59,16:23,16:17
신창광운대,연천인천,신창광운대,양주인천
15:53,-,16:28,16:22
인천의정부,-,인천소요산,광운대서동탄
15:59,-,16:33,16:26
천안광운대,-,서동탄광운대,의정부인천
16:04,16:03,16:36,16:31
인천연천,양주인천,인천양주,광운대병점
16:19,16:12급막,16:39,16:35
인천의정부,동두천인천,천안광운대,소요산인천
16:22,16:19,16:43,16:39
천안광운대,의정부인천,인천의정부,광운대천안
16:26,16:23,16:51,16:44
인천소요산,광운대서동탄,인천동두천,동두천구로
16:33,16:28,16:55,16:54
서동탄광운대,양주인천,신창광운대,광운대서동탄
16:37,16:36,-,16:58
인천의정부,소요산인천,-,의정부인천
16:40,16:39,17:01,17:06
천안광운대,광운대천안,서동탄광운대,양주서울역
16:44,16:52,17:05,17:10
인천동두천,광운대서동탄,인천양주,광운대서동탄
16:52,16:56,17:14,17:16
인천양주,연천인천,인천연천,의정부인천
16:56,-,17:22,17:20
신창광운대,-,인천의정부,광운대신창
17:02,17:00,17:31,17:30
서동탄광운대,광운대천안,서동탄광운대,소요산인천
17:06,17:04,17:35,17:40
인천연천,양주인천,구로의정부,의정부인천
17:14,17:12,17:39,17:44
인천양주,광운대서동탄,신창광운대,광운대서동탄
17:18,17:18,17:50,17:48
신창광운대,의정부인천,구로동두천,연천인천
17:21,17:21,17:55,17:58
인천의정부,광운대신창,서동탄광운대,광운대서동탄
17:29,17:25,17:58,-
부평소요산,양주인천,인천의정부,-
17:33,17:35,18:02,18:03
서동탄광운대,소요산인천,천안광운대,양주인천
17:36,17:40,18:08,18:12
인천양주,광운대천안,인천양주,광운대서동탄
17:40,17:43,18:13,18:16
신창광운대,의정부인천,서동탄광운대,양주인천
17:50,17:51,18:22,18:19
부평동두천,연천인천,인천양주,광운대천안
17:58,17:56,18:26,18:23
인천양주,광운대신창,신창광운대,의정부인천
18:01,18:00,18:31,18:28
신창광운대,의정부인천,인천소요산,소요산인천
18:06,18:09,18:37,18:31
인천연천,양주인천,서동탄광운대,광운대서동탄
18:13,18:14,18:46,18:36
인천동두천,광운대신창,인천동두천,의정부인천
18:16,18:19,18:49,18:45
서동탄광운대,의정부인천,신창광운대,광운대신창
18:20,18:22,18:53,18:50
인천의정부,광운대천안,구로양주,연천인천
18:25,18:28,18:58,18:57
천안광운대,소요산인천,인천광운대,광운대서동탄
18:29,18:31,19:02,19:03
인천양주,광운대서동탄,병점광운대,동두천인천
18:39,18:35,19:11,19:07
서동탄광운대,양주인천,서동탄광운대,광운대신창
18:44,18:42,19:15,19:10
인천양주,광운대신창,인천의정부,의정부인천
18:47,18:46,19:28,19:20
신창광운대,연천인천,구로소요산,양주인천
18:53,18:50,19:32,19:24
인천동두천,광운대신창,신창광운대,광운대천안
18:57,18:54,19:35,19:33
병점광운대,양주인천,인천의정부,소요산인천
-,18:57,19:40,19:37
-,광운대서동탄,인천양주,광운대신창
19:01,19:01,19:45,19:42
인천양주,동두천인천,서동탄광운대,양주인천
19:09,19:09,19:55,19:51
인천연천,광운대서동탄,인천양주,연천인천
19:12,19:13,19:58,19:56
천안광운대,양주인천,신창광운대,동두천인천
19:15,19:17,20:01,20:00막
부평동두천,광운대천안,인천연천,광운대신창
19:23,19:22,20:06,20:05
인천의정부,의정부인천,서동탄광운대,양주인천
19:31,19:31,20:10,20:12
신창광운대,소요산인천,인천광운대,광운대서동탄
19:35,19:37,20:20,20:17
인천양주,광운대천안,인천동두천,의정부인천
19:39,19:41,20:25,20:22
서동탄광운대,양주인천,신창광운대,광운대천안
19:43,19:45,20:29,20:27
인천소요산,광운대서동탄,인천소요산,광운대서동탄
19:47,19:49,20:39,20:31
신창광운대,연천인천,인천양주,소요산인천
19:58,19:56,20:42,20:36
인천동두천,양주인천,천안광운대,의정부구로
20:02,20:01,20:52,20:45
서동탄광운대,광운대신창,인천의정부,연천인천
20:06,20:07,20:56,20:50
인천양주,동두천인천,서동탄광운대,광운대병점
20:09,20:11,-,20:54
천안광운대,광운대서동탄,-,양주인천
20:15,20:16,21:01,21:04
서동탄광운대,양주인천,인천동두천,동두천인천
20:19,20:21,21:09,21:10
인천연천,광운대천안,인천양주,광운대서동탄
20:25,20:25,21:14,21:15
신창광운대,의정부인천,구로연천,양주인천
20:29,20:30,21:19,21:20
인천의정부,광운대서동탄,병점광운대,광운대서동탄
20:33,20:36,21:28,21:32
서동탄광운대,동두천인천,인천의정부,소요산인천
20:40,20:45,21:32,21:37
인천소요산,연천인천,서동탄광운대,광운대서동탄
20:43,20:49,21:37,21:47
천안광운대,광운대서동탄,인천소요산,연천인천
20:52,20:54,21:40,21:52막
인천양주,동두천인천,천안광운대,광운대천안
20:59,-,21:46,21:56
인천동두천,-,인천양주,양주인천
21:03,21:02,21:54,-
천안광운대,양주인천,인천의정부,-
21:07,21:08막,21:59,-
인천양주,광운대신창,신창광운대,-
21:10,21:13,22:04,22:01
서동탄광운대,동두천인천,인천연천,광운대병점
21:14,21:17,22:08,22:06
인천연천,광운대병점,서동탄광운대,의정부인천
21:22,21:21,22:13,22:13
인천의정부,양주인천,인천의정부,광운대병점
21:33,21:26,22:22,22:17
인천소요산,연천구로,인천소요산,동두천인천
21:38,21:34,22:29,22:22
천안광운대,의정부인천,신창광운대,양주인천
21:50,21:40,22:33,22:28막
인천양주,광운대서동탄,인천양주,광운대서동탄
21:54,21:46,22:42,22:34
신창광운대,소요산인천,인천동두천,소요산인천
21:58,21:56,22:57,22:45
인천의정부,연천인천,병점광운대,연천인천
22:04,22:01,-,22:51막
서동탄광운대,광운대서동탄,-,광운대병점
22:08,22:09,-,22:58막
인천연천,동두천인천,-,의정부인천
22:13,22:13,23:02막,23:04
서동탄광운대,광운대병점,인천연천,양주구로
22:16,22:23,23:07,23:17
인천양주,의정부인천,천안광운대,동두천구로
22:24,22:29,23:13,23:27
인천소요산,광운대서동탄,인천의정부,의정부구로
22:29,22:34,23:18,23:39막
천안광운대,양주서울역,병점광운대,소요산구로
22:35,22:39,23:28막,-
인천의정부,광운대구로,인천소요산,-
22:44,22:44,23:32,-
인천동두천,소요산인천,신창광운대,-
22:54,22:49막,23:42,-
인천양주,광운대서동탄,서동탄광운대,-
22:58,22:56,23:52막,-
서동탄광운대,연천인천,인천양주,-
23:04,23:04막,23:57,-
인천의정부,의정부인천,서동탄광운대,-
23:11,23:14,00:03막,-
신창광운대,양주구로,인천의정부,-
23:18막,23:28,0:16,-
인천연천,양주구로,인천광운대,-
23:27,23:36,00:28막,-
신창광운대,광운대구로,인천광운대,-
23:34,23:44막,-,-
서동탄광운대,의정부구로,-,-
23:41막,-,-,-
인천소요산,-,-,-
23:48막,-,-,-
인천양주,-,-,-
23:54,-,-,-
서동탄광운대,-,-,-
00:01막,00:02막,-,-
인천의정부,의정부서울역,-,-
0:20,-,-,-
천안광운대,-,-,-
00:28막,-,-,-
인천광운대,-,-,-
