﻿영등포방면,구로방면,영등포방면,구로방면
평일,평일,주말,주말
05:02첫,05:07첫,05:02첫,05:11첫
구로동두천,영등포인천,구로동두천,영등포인천
5:12,5:28,05:22첫,05:33첫
구로청량리,영등포인천,구로연천,영등포광명
5:22,05:33첫,5:27,05:38첫
구로동두천,영등포광명,구로청량리,서울역서동탄
5:30,05:38첫,5:36,5:48
부평동두천,서울역서동탄,부평소요산,광운대인천
5:37,05:47급첫,05:47급첫,5:55
구로청량리,용산동인천,부천용산,동묘앞서동탄
05:47급첫,5:48,5:50,-
부천용산,광운대인천,인천양주,-
5:50,5:55,5:55,-
인천양주,창동인천,병점광운대,-
5:54,-,6:01,6:00
병점광운대,-,인천동두천,광운대인천
06:00급첫,6:00,06:05급,06:04급첫
인천동두천,광운대서동탄,동인천용산,용산동인천
06:02급,6:07,6:07,6:07
동인천용산,동묘앞인천,병점청량리,동묘앞인천
6:03,6:12,6:13,6:12
병점청량리,동묘앞서동탄,인천연천,광운대서동탄
6:10,6:17,6:18,6:18
인천동두천,의정부인천,병점청량리,의정부인천
06:13급,06:20급,06:18급,06:20급
동인천용산,용산부평,동인천용산,용산동인천
6:14,6:23,6:26,6:23
병점광운대,양주인천,인천양주,영등포광명
6:17,6:23,6:32,6:28
구로청량리,영등포광명,서동탄광운대,광운대서동탄
06:23첫,6:28,06:36급,6:32
인천연천,광운대서동탄,동인천용산,양주인천
06:23급,6:32,6:39,06:39급
동인천용산,양주인천,인천소요산,용산동인천
06:29급,06:35급,6:43,6:43
구로용산,용산동인천,천안청량리,동묘앞인천
6:30,06:37급첫,6:48,6:46
인천동두천,청량리신창,광명영등포,광운대병점
6:34,6:41,6:50,6:53
서동탄광운대,동묘앞인천,인천양주,동묘앞서동탄
06:37급,6:45,06:53급,06:55급
동인천용산,광운대서동탄,동인천용산,용산동인천
6:39,06:47급,6:56,6:56
인천소요산,용산동인천,서동탄광운대,소요산인천
06:42급,6:50,7:01,7:01
구로용산,동묘앞인천,인천동두천,광운대병점
6:43,6:56,7:06,7:05
천안청량리,소요산인천,신창광운대,동묘앞인천
6:48,06:56급,07:09급,07:10첫
광명영등포,용산동인천,동인천용산,청량리신창
6:49,-,7:11,07:10급
인천동두천,-,인천양주,용산동인천
06:51급,-,7:15,7:14
동인천용산,-,서동탄청량리,양주인천
6:53,-,7:19,7:14
서동탄광운대,-,인천연천,영등포광명
6:57,-,7:22,7:18
인천동두천,-,천안광운대,광운대서동탄
06:59급,-,07:27급,7:22
동인천용산,-,동인천용산,광운대천안
7:01,07:02급첫,7:28,7:28
병점청량리,청량리천안,인천의정부,연천인천
7:06,07:02급,7:33,07:28급
신창광운대,용산동인천,병점청량리,용산동인천
07:08급,7:06,7:38,7:33
동인천용산,동묘앞인천,인천양주,청량리천안
7:10,7:10,7:42,7:37
인천동두천,광운대병점,서동탄광운대,의정부인천
7:15,07:11급,07:43급,07:42급첫
서동탄청량리,용산부평,동인천용산,청량리천안
07:17급,7:14,7:46,7:45
부평용산,양주인천,신창광운대,광운대병점
7:20,7:14,7:50,07:46급
인천연천,영등포광명,인천소요산,용산동인천
7:23,07:18첫,7:54,7:49
천안광운대,광운대신창,병점청량리,광운대신창
07:24급,07:18급,7:57,7:53
동인천용산,용산동인천,인천의정부,동두천인천
7:29,7:22,07:59급,7:57
인천의정부,동묘앞인천,동인천용산,동묘앞서동탄
07:30급,7:25,8:01,8:01
동인천용산,광운대서동탄,서동탄동묘앞,양주인천
7:33,07:25급,8:05,08:03급
병점청량리,용산동인천,광명영등포,용산동인천
7:38,7:29,8:08,8:10
인천소요산,연천인천,인천동두천,소요산인천
07:38급,07:32급,08:08급,08:14급
동인천용산,용산동인천,구로용산,청량리천안
7:41,7:33,8:11,8:18
서동탄광운대,청량리천안,천안청량리,광운대서동탄
7:45,7:37,08:15급,08:21급
인천양주,의정부인천,동인천용산,용산동인천
07:45급,07:41급,8:16,8:23
동인천용산,청량리천안,서동탄광운대,동두천인천
7:48,07:43급,8:21,8:29
신창광운대,용산부평,인천연천,연천구로
07:50급,7:45,8:25,8:29
부평용산,광운대병점,서동탄광운대,영등포광명
7:51,7:49,8:30,8:33
인천동두천,동두천인천,신창청량리,광운대신창
7:55,7:52,08:32급,8:38
서동탄청량리,광운대신창,동인천용산,동묘앞인천
07:55급,07:52급,8:35,08:42급
동인천용산,용산동인천,인천양주,청량리천안
7:58,7:57,8:37,08:42급
인천의정부,의정부서동탄,광명영등포,용산동인천
-,07:59급,8:41,8:45
-,용산동인천,서동탄광운대,광운대서동탄
8:01,8:01,8:45,8:51
천안광운대,양주인천,천안청량리,동묘앞인천
08:01급,08:04급,08:48급,08:54급
동인천용산,용산부평,동인천용산,용산동인천
8:05,8:05,8:49,8:55
광명영등포,광운대신창,인천소요산,광운대신창
08:06급,8:09,8:55,-
인천동두천,동두천인천,인천광운대,-
08:08특첫,08:13급,8:58,-
동인천용산,용산동인천,천안광운대,-
8:10,08:14급,09:02급첫,9:00
서동탄광운대,청량리천안,신창청량리,동두천인천
8:13,8:18,9:06,09:04급
인천양주,의정부서동탄,인천동두천,청량리천안
08:13급,08:19급,09:08급,09:07급
부평용산,용산동인천,동인천용산,용산동인천
8:17,08:22급첫,9:11,9:09
서동탄동묘앞,동두천인천,서동탄동묘앞,광운대서동탄
08:18급,08:24급,9:17,9:13
동인천용산,용산동인천,천안청량리,영등포광명
8:22,8:25,9:22,9:16
인천연천,청량리서동탄,인천연천,양주구로
08:23특,8:28,09:26급,9:20
동인천용산,연천인천,동인천용산,청량리천안
8:25,8:29,9:28,09:22급
천안청량리,영등포광명,서동탄광운대,용산동인천
8:30,8:32,9:32,9:23
인천의정부,광운대신창,인천의정부,소요산인천
08:32급,08:34급,9:36,9:29
동인천용산,용산동인천,신창광운대,광운대서동탄
8:33,8:36,09:40급,9:33
병점광운대,양주부평,천안청량리,연천인천
8:37,08:40급,09:44급,9:38
광명영등포,청량리천안,동인천용산,청량리천안
8:38,08:41급,9:45,9:41
인천양주,용산구로,인천소요산,양주인천
08:40급,8:43,9:50,9:46
동인천용산,동두천인천,천안광운대,광운대병점
8:42,8:46,9:56,9:51
서동탄광운대,광운대서동탄,인천양주,동두천인천
08:44급,08:46급,9:57,09:52특첫
부평용산,용산동인천,광명영등포,용산동인천
8:46,8:50,-,09:55급첫
신창청량리,동두천구로,-,청량리신창
8:49,08:51급,10:00특첫,10:01
인천소요산,용산구로,동인천용산,광운대서동탄
08:49급,8:53,10:02,10:05
동인천용산,양주인천,서동탄광운대,양주구로
08:55급,08:55급,10:06,10:05급
동인천용산,용산동인천,인천동두천,용산동인천
8:56,8:56,10:11,10:09
인천동묘앞,광운대신창,신창청량리,청량리신창
-,8:59,10:14급,10:12
-,연천부평,동인천용산,영등포광명
9:00,09:03급,10:15,10:14
신창광운대,청량리천안,인천양주,소요산인천
09:01급,09:05급,10:18,10:18급
동인천용산,용산동인천,천안광운대,용산동인천
09:04급첫,9:06,10:22,10:20
신창청량리,동두천인천,인천연천,광운대병점
09:07급,9:09,10:27,10:27
부평용산,광운대서동탄,서동탄광운대,의정부인천
9:08,9:13,10:27급,10:31급
인천양주,양주인천,동인천용산,용산동인천
9:12,9:13,10:31,10:32
서동탄광운대,영등포광명,인천의정부,청량리천안
09:14급,9:18,10:31,10:36
동인천용산,동두천부평,광명영등포,연천인천
9:16,09:18급,10:36,10:43
인천동묘앞,용산동인천,천안광운대,광운대신창
9:23,9:21,10:41급,10:46특
인천연천,청량리천안,천안청량리,용산동인천
09:24급,9:25,10:42급,10:48
동인천용산,소요산인천,동인천용산,양주인천
9:28,09:28급,10:45,10:52
서동탄청량리,용산구로,인천광운대,청량리서동탄
9:32,9:29,10:49,10:56급
인천의정부,광운대서동탄,병점광운대,용산동인천
09:32특,09:32특첫,10:53,10:59
동인천용산,용산동인천,신창청량리,광운대신창
9:36,09:34급,10:55급,-
천안광운대,동두천인천,동인천용산,-
09:40급,09:40급,10:56,-
동인천용산,용산동인천,인천양주,-
09:42급,9:41,10:59,-
신창청량리,광운대신창,서동탄광운대,-
9:46,9:47,11:03급,11:03
인천소요산,동두천인천,천안청량리,영등포광명
09:48급,9:50,11:08,11:04
동인천용산,광운대병점,인천동두천,동두천인천
9:50,09:50급,11:08특,11:08급
천안광운대,용산동인천,동인천용산,용산동인천
9:55,9:55,11:11,11:09급
인천양주,동두천인천,천안광운대,청량리천안
9:57,09:59급,11:16,11:12
광명영등포,청량리천안,인천양주,광운대인천
10:04급,10:02,11:21,11:17
인천동두천,의정부인천,서동탄광운대,광운대서동탄
10:06특,10:02급,11:24급,11:20급
동인천용산,용산구로,동인천용산,용산동인천
10:08,10:07,11:26급,11:22
서동탄청량리,광운대서동탄,천안청량리,소요산인천
10:12,10:07급,11:31,11:26
인천양주,용산동인천,인천연천,광운대구로
10:17,10:12,11:33,11:31
신창광운대,영등포광명,광명영등포,양주인천
10:22,10:14,11:37,11:31급
인천연천,소요산인천,신창광운대,용산동인천
10:25급,10:16급,11:39급,11:35급
동인천용산,용산구로,동인천용산,청량리천안
10:27,10:18,11:41,11:38
서동탄광운대,청량리신창,인천소요산,광운대신창
10:31,10:21급,11:46,11:42
광명영등포,용산동인천,서동탄광운대,연천인천
10:33,10:23,11:50,11:47특
인천의정부,광운대서동탄,인천양주,용산동인천
10:36급,10:28,11:53급,11:48
천안청량리,의정부인천,동인천용산,광운대서동탄
10:41,10:33,11:54,11:52
부평소요산,청량리천안,천안광운대,동두천인천
10:45특,10:37,11:58,11:53
동인천용산,연천인천,인천의정부,영등포광명
10:47,10:39특,-,11:56
인천양주,용산동인천,-,광운대신창
10:53,10:46,-,11:58급
신창광운대,광운대신창,-,용산동인천
10:56,10:50,12:02급,12:01
구로의정부,동두천인천,천안청량리,의정부인천
-,10:56,12:04특,12:05급
-,청량리서동탄,동인천용산,청량리천안
-,10:58급,12:08,12:08
-,용산동인천,광명영등포,광운대천안
11:01급,11:00,12:10,12:13
신창청량리,동두천인천,인천동두천,양주인천
11:05,11:03,12:14,12:13급
인천양주,영등포광명,천안광운대,용산동인천
11:09,11:04,12:17급,12:17
서동탄광운대,양주구로,동인천용산,청량리서동탄
11:09급,11:08급,12:19,12:21
동인천용산,청량리천안,인천양주,소요산인천
11:13,11:12,12:23,12:26급
천안청량리,의정부인천,서동탄광운대,청량리천안
11:17급,11:15특,12:27,12:27급
인천동두천,용산동인천,인천연천,용산동인천
11:21,11:18,12:28급,12:29
서동탄광운대,광운대서동탄,동인천용산,광운대신창
11:25,11:27,12:30,12:33
인천연천,광운대신창,신창광운대,영등포광명
11:26급,11:33,12:35급,12:34
동인천용산,연천인천,천안청량리,연천인천
11:29급,11:37급,12:42,12:38
천안청량리,청량리신창,인천소요산,광운대서동탄
11:33,11:41,12:43급,12:40특
광명영등포,청량리서동탄,동인천용산,용산동인천
11:34,11:43급,12:46,12:42
인천의정부,용산동인천,천안광운대,양주인천
11:38,11:46,12:53,12:47
천안광운대,동두천인천,인천양주,광운대천안
11:40급,11:52급,12:56급,12:50급
동인천용산,동두천인천,동인천용산,용산동인천
11:42,11:53,12:58,12:51
인천소요산,영등포광명,서동탄광운대,동두천인천
11:47,11:57,-,12:56급
서동탄광운대,광운대병점,-,청량리천안
11:51,-,13:02,13:01
인천양주,-,인천의정부,의정부인천
11:55,-,13:06급,13:05
신창광운대,-,천안청량리,광운대신창
11:55특,-,13:07특,13:06급
동인천용산,-,동인천용산,용산구로
11:58,-,13:12,13:11
인천의정부,-,인천동두천,양주인천
12:04급,12:01,13:15,13:16
신창청량리,의정부인천,신창광운대,광운대서동탄
12:08,12:05급,13:18,13:17급
광명영등포,청량리신창,광명영등포,용산동인천
12:09급,12:09,13:21,13:20
인천동두천,광운대신창,인천양주,소요산인천
12:13,12:12,13:22급,13:26
천안광운대,양주인천,동인천용산,광운대신창
12:17급,12:13급,13:25,13:29급
동인천용산,용산동인천,서동탄광운대,용산동인천
12:19,12:16,13:32급,13:31
인천양주,광운대서동탄,천안청량리,연천인천
12:24,12:22,13:35급,13:36급
서동탄광운대,소요산인천,동인천용산,청량리천안
12:31,12:25급,13:36,13:39
인천연천,청량리천안,인천의정부,광운대서동탄
12:33급,12:29급,13:42,13:40급
동인천용산,용산동인천,신창광운대,용산동인천
12:36,12:31,13:46,13:43
서동탄광운대,연천인천,인천소요산,양주인천
12:42,12:33,13:49급,13:44
인천양주,영등포광명,동인천용산,영등포광명
12:47,12:39,13:53,13:48
신창청량리,청량리서동탄,서동탄광운대,광운대천안
12:51,12:42,13:57,13:53
인천소요산,양주인천,인천양주,동두천인천
12:58,12:48,13:57,13:56급
서동탄광운대,광운대천안,광명영등포,용산구로
-,12:53급,-,13:59급
-,동두천인천,-,청량리천안
-,12:58급,14:00특,14:03
-,청량리천안,동인천용산,광운대병점
13:03급,13:03,14:03,14:07
천안청량리,의정부인천,인천동두천,양주인천
13:03급,13:06급,14:07,14:10
동인천용산,용산동인천,신창청량리,광운대서동탄
13:07,13:07,14:11급,14:14급
인천양주,광운대천안,동인천용산,용산동인천
13:12,13:11,14:13,14:15
신창광운대,양주인천,인천양주,소요산인천
13:18,13:15,14:16,14:19
광명영등포,광운대서동탄,천안광운대,광운대신창
13:19급막,13:21,14:23,14:23
인천동두천,소요산인천,인천연천,영등포광명
13:24,13:26,14:24급,14:27
서동탄광운대,광운대천안,동인천용산,의정부인천
13:28,13:31,14:28,14:28급
인천연천,양주인천,서동탄광운대,용산동인천
13:32급,13:36급,14:32급,14:31급
천안청량리,청량리신창,천안청량리,청량리천안
13:32급,13:37급,14:36,14:35
동인천용산,용산구로,인천의정부,연천인천
13:36,13:39,14:36급,14:39
인천의정부,광운대서동탄,동인천용산,광운대서동탄
13:41,13:43,14:40,14:41특
신창청량리,의정부인천,신창광운대,용산동인천
13:45,13:44,14:44,14:45
인천소요산,영등포광명,인천소요산,양주인천
13:50,13:47,14:46,14:51급
서동탄광운대,광운대천안,광명영등포,용산동인천
13:50급,13:51급,14:49급,14:52
동인천용산,동두천인천,동인천용산,광운대서동탄
13:56,13:57,14:50,14:57
인천양주,양주인천,서동탄동묘앞,동두천인천
13:57,-,14:55,-
광명영등포,-,인천양주,-
14:02,14:02,14:59,-
인천의정부,광운대병점,천안광운대,-
14:07,14:06,15:00급,15:01급
신창청량리,의정부인천,동인천용산,청량리천안
14:12,14:06급,15:05급,15:02급
인천광운대,용산동인천,천안청량리,용산동인천
14:16,14:10,15:10,15:06
천안광운대,광운대서동탄,인천의정부,양주인천
14:21,14:15,15:13,15:10
인천연천,소요산인천,신창광운대,광운대천안
14:25급,14:19,15:17급,15:11급
동인천용산,청량리천안,구로용산,용산구로
14:25급,14:23,15:21,15:16
천안청량리,영등포광명,인천연천,소요산인천
14:30,14:27,15:24,15:17
인천양주,의정부인천,서동탄광운대,영등포광명
14:33,14:27급,15:28급,15:21
서동탄광운대,용산동인천,천안청량리,광운대서동탄
14:39,14:32,15:32,15:27
신창광운대,광운대서동탄,인천의정부,광운대천안
14:46,14:37,15:35급,15:27급
인천소요산,연천인천,동인천용산,용산동인천
14:46,14:42급,15:37,15:32
광명영등포,청량리신창,신창광운대,의정부인천
14:51,14:45,15:42,15:36급
서동탄청량리,양주인천,인천소요산,청량리신창
14:55,14:49,15:43,15:41
인천양주,광운대서동탄,광명영등포,연천인천
14:59,14:54급,15:47,15:41특
신창광운대,동두천인천,서동탄광운대,용산동인천
-,14:59급,15:48급,15:45
-,청량리천안,동인천용산,광운대서동탄
15:04급,15:04,15:50,15:50
신창청량리,광운대신창,인천양주,양주인천
15:07,15:07급,15:53,15:52급
인천의정부,용산동인천,천안광운대,용산동인천
15:13,15:08,15:57,15:56급
천안광운대,양주인천,인천의정부,청량리천안
15:18,15:12,15:57특,-
인천연천,광운대서동탄,동인천용산,-
15:24급,15:17,16:01급,16:01
신창청량리,영등포광명,천안청량리,동두천인천
15:25급,15:19,16:05,16:05
동인천용산,소요산인천,인천동두천,광운대신창
15:28,15:25,16:09,16:08급
인천동묘앞,청량리천안,신창광운대,용산동인천
15:33,15:30,16:11급,16:09
인천의정부,양주인천,동인천용산,의정부인천
15:36,15:35급,16:15,16:11
천안광운대,청량리천안,서동탄광운대,영등포광명
15:40,15:39,16:19,16:13
인천소요산,광운대서동탄,인천양주,소요산구로
15:43,15:44,16:22급,16:17
광명영등포,연천인천,동인천용산,광운대서동탄
15:46급,15:51,16:24급,16:21급
동인천용산,양주인천,천안청량리,용산동인천
15:47,15:56급,16:28,16:22
서동탄광운대,청량리천안,인천연천,양주인천
15:51,15:58급,16:32,16:29급
인천의정부,용산동인천,신창청량리,청량리천안
15:54,-,16:32급,16:32
천안광운대,-,동인천용산,광운대신창
15:58,-,16:36,16:36특
인천동두천,-,인천의정부,용산동인천
16:02급,16:04,16:36,16:37
천안청량리,광운대신창,광명영등포,연천인천
16:06,16:08,16:45,16:41
인천양주,의정부인천,서동탄광운대,광운대병점
16:10,16:11,16:48급,16:44
신창광운대,영등포광명,동인천용산,양주인천
16:11급,16:15특,16:49,16:44급
동인천용산,용산동인천,구로의정부,용산동인천
16:16,16:18,16:53,16:48
서동탄광운대,청량리서동탄,신창광운대,광운대서동탄
16:20,16:25,16:57,16:52
인천연천,소요산인천,인천동묘앞,동두천인천
16:24급,16:25급,16:58특,16:55급
천안청량리,용산동인천,동인천용산,청량리천안
16:24특막,16:28,-,16:57급
동인천용산,광운대천안,-,용산동인천
16:28,16:32,-,16:59
인천양주,의정부인천,-,광운대천안
16:32,16:37급,17:01급,17:03
신창광운대,청량리천안,천안청량리,양주인천
16:35,16:40,17:04,17:04
인천의정부,광운대서동탄,구로동두천,영등포광명
16:36,16:44급,17:09,17:08
광명영등포,용산동인천,서동탄광운대,광운대서동탄
16:39급,16:45,17:12,17:10급
동인천용산,연천인천,인천의정부,용산동인천
16:40,16:49,17:13급,17:12
천안청량리,양주인천,동인천용산,의정부인천
16:43,16:53급,17:16,17:17
부평소요산,청량리신창,천안광운대,광운대병점
16:47,16:58급막,17:22,17:21
서동탄광운대,동두천인천,인천양주,소요산인천
16:47급,-,17:27,17:23급
구로용산,-,서동탄광운대,용산동인천
16:50,-,17:27급,17:25
인천양주,-,동인천용산,광운대천안
16:54,-,17:30급,17:30
신창광운대,-,천안청량리,동두천구로
16:57급,-,17:35,17:33
동인천용산,-,광명영등포,동묘앞인천
16:58,-,17:36,17:36급
인천동묘앞,-,인천양주,청량리신창
17:01급,17:00급,17:40,17:40
천안청량리,용산동인천,신창광운대,광운대서동탄
17:04,17:04,17:40급,17:40특막
부평동두천,영등포광명,동인천용산,용산동인천
17:07급,17:05,17:45,17:44
구로용산,의정부인천,인천소요산,의정부인천
17:08,17:09,17:51,17:47급
서동탄동묘앞,광운대서동탄,서동탄광운대,용산동인천
17:12,17:12급,17:51특막,17:48
인천양주,용산동인천,동인천용산,청량리천안
17:15,17:14,17:55급,17:56
신창광운대,양주인천,천안청량리,광운대서동탄
17:17급,17:18,18:00,18:02
동인천용산,동묘앞서동탄,인천동두천,의정부인천
17:20,17:22,18:03,18:02급
인천연천,소요산인천,신창광운대,용산동인천
17:23급,17:25,18:03급,18:06
천안청량리,광운대천안,동인천용산,광운대신창
17:24급,17:27급,18:07,18:12
구로용산,용산동인천,구로양주,청량리천안
17:27,17:30,18:12,18:15급
인천동두천,동묘앞인천,인천광운대,용산동인천
17:30,17:34급,18:16,18:16
서동탄광운대,청량리신창,병점광운대,소요산인천
17:31급,17:34급,18:20,18:20
동인천용산,용산동인천,인천동묘앞,영등포광명
17:34,17:38,18:20급,18:26
인천의정부,광운대서동탄,동인천용산,의정부인천
17:35,17:42,18:25,18:29급
광명영등포,연천인천,서동탄광운대,용산동인천
17:39,17:43급,18:29,18:30
천안광운대,용산동인천,인천의정부,광운대서동탄
17:43,17:46,18:31급,18:34
인천양주,광운대천안,동인천용산,연천인천
17:44급,17:50,18:34급,18:39
동인천용산,양주인천,천안청량리,청량리천안
17:46급,17:50급,18:38,18:44
천안청량리,용산동인천,인천동묘앞,광운대서동탄
17:50급,17:54급,18:40,18:45급
구로용산,청량리신창,광명영등포,용산동인천
17:53,17:58,18:42,18:49
서동탄광운대,광운대서동탄,구로소요산,양주인천
17:55급,17:58급,18:44급,18:54급
동인천용산,용산동인천,동인천용산,청량리신창
17:58,-,18:46,18:56급
인천양주,-,신창광운대,용산동인천
18:01,18:04,18:49,18:58
신창광운대,의정부인천,인천의정부,광운대서동탄
18:03급,18:06급,18:54,-
동인천용산,용산동인천,인천양주,-
18:07,18:07,18:56급,-
인천동두천,광운대신창,동인천용산,-
18:07급,18:11,18:59,-
구로용산,양주인천,서동탄광운대,-
18:11,18:15,19:04급,19:02
병점광운대,청량리서동탄,천안청량리,양주인천
18:11급,18:17급,19:07급,19:05
동인천용산,용산동인천,동인천용산,광운대천안
18:15,18:20,19:09,19:08급
인천양주,영등포광명,인천양주,용산동인천
18:16급,18:21,19:12,19:09
구로용산,소요산인천,신창광운대,의정부인천
18:18급,18:24급,19:15,19:12
천안청량리,용산동인천,인천연천,영등포광명
18:23,18:26,19:20,19:14
인천연천,광운대천안,서동탄광운대,소요산인천
18:23급,18:29,19:23급,19:17
동인천용산,의정부인천,동인천용산,광운대서동탄
18:26,18:29급,19:24,19:18급
천안광운대,용산부평,인천광운대,용산동인천
18:29,18:34,19:28,19:22
부평동두천,청량리서동탄,천안청량리,의정부인천
18:33급,18:36급,19:34,19:26급막
동인천용산,용산동인천,인천동두천,청량리신창
18:34,18:37,19:38급,19:31
서동탄청량리,연천인천,동인천용산,광운대신창
18:37,18:42,19:39,19:34급
인천의정부,광운대신창,신창광운대,용산동인천
18:40,18:44특,19:43,19:36
광명영등포,용산동인천,인천소요산,연천인천
18:41,18:46,19:47,19:43
인천동묘앞,의정부인천,서동탄동묘앞,광운대서동탄
18:42급,18:50급,19:52,19:44급
동인천용산,용산동인천,광명영등포,용산동인천
18:45,18:51,19:53,19:49
신창광운대,청량리서동탄,인천양주,동두천인천
18:49,18:55,19:55급,19:53
인천양주,양주인천,동인천용산,광운대신창
18:49급,18:55급,19:56,19:56
동인천용산,용산동인천,천안광운대,의정부인천
18:53,-,20:02급,20:00급
서동탄광운대,-,천안청량리,용산동인천
18:56급,-,20:06,20:01
동인천용산,-,인천의정부,청량리구로
18:57,-,20:07급,20:06
인천소요산,-,동인천용산,양주인천
19:01,19:00,20:10,20:10
신창광운대,광운대신창,서동탄광운대,광운대천안
19:03급,19:00급,20:15,20:16급
동인천용산,용산동인천,인천동두천,용산동인천
19:05,19:05,20:18,20:19
인천동묘앞,의정부인천,신창청량리,소요산인천
19:08,19:08,20:19급,20:19
천안청량리,광운대천안,동인천용산,영등포광명
19:12,19:08특,20:23,20:23
인천동두천,용산동인천,인천양주,광운대신창
19:12급,19:12,20:28,20:28
동인천용산,영등포광명,광명영등포,양주인천
19:16,19:14,20:28,20:32
서동탄광운대,소요산인천,구로연천,청량리서동탄
19:18급,19:16급,20:31급,20:35급
동인천용산,용산동인천,동인천용산,용산동인천
19:20,19:17,20:33,20:37
인천양주,광운대서동탄,병점광운대,연천인천
19:23,19:21,20:38,20:42
천안광운대,양주인천,신창청량리,동두천인천
19:25급,19:22급,20:42,20:46
동인천용산,용산동인천,인천의정부,광운대신창
19:29,19:25급,20:45급,20:51
서동탄광운대,청량리천안,동인천용산,양주인천
19:31급,19:28,20:46,20:52급
부평용산,광운대신창,서동탄광운대,용산동인천
19:33,19:29특,20:51,20:55
인천연천,용산동인천,인천소요산,청량리구로
19:37급,19:32,20:54,20:58
동인천용산,연천인천,천안광운대,광운대서동탄
19:39,19:36,21:00,21:02
신창광운대,광운대신창,인천양주,영등포광명
19:43,19:36급,21:02급,21:03
인천의정부,용산동인천,동인천용산,의정부인천
19:43급,19:40,21:04급막,21:07급
동인천용산,양주인천,천안청량리,용산동인천
19:47,19:43,21:08,21:08
서동탄광운대,광운대서동탄,인천의정부,광운대천안
19:52,19:44특막,21:13,21:13
광명영등포,용산동인천,신창광운대,광운대서동탄
19:54,19:47,21:18,21:17
인천소요산,동두천인천,인천연천,소요산인천
19:55급,19:51급,21:22,21:22
동인천용산,용산동인천,서동탄광운대,의정부구로
19:57,19:52급,21:24급,21:27급
천안광운대,청량리천안,동인천용산,용산동인천
-,19:55,21:27,21:28
-,광운대서동탄,인천의정부,청량리신창
-,19:58급,21:31,21:31
-,용산동인천,서동탄동묘앞,연천인천
-,19:59,21:36,21:36
-,양주인천,인천소요산,광운대병점
20:01급,20:03,21:38,21:40
동인천용산,광운대천안,광명영등포,양주인천
20:01급,20:04급,21:41급,21:43급
신창청량리,용산부평,동인천용산,용산동인천
20:06,20:08,21:43,21:45막
인천양주,의정부인천,신창광운대,청량리신창
20:13,20:10급,21:47,21:50
인천동두천,용산동인천,인천양주,동두천인천
20:14급,20:13,21:52,21:51
동인천용산,청량리서동탄,서동탄동묘앞,영등포광명
20:17,20:16급,21:56,21:56
천안광운대,용산동인천,인천동두천,광운대서동탄
20:19급,20:17,21:56급,21:58급
동인천용산,소요산인천,동인천용산,용산동인천
20:21,20:19,22:00,22:01
인천양주,영등포광명,천안청량리,양주인천
20:24,20:23,22:05,22:06
서동탄광운대,광운대천안,인천동묘앞,광운대서동탄
20:24급,20:27,22:11,22:13
동인천용산,양주인천,병점광운대,청량리천안
20:28,20:28급,22:12급,22:15급
인천연천,용산동인천,동인천용산,용산동인천
20:28,20:31,22:16막,22:18
광명영등포,광운대서동탄,인천연천,소요산인천
20:36,20:35,22:16,22:23
인천의정부,연천인천,광명영등포,광운대서동탄
20:41급,20:37급,22:21,22:29
동인천용산,용산동인천,천안광운대,청량리병점
20:42,20:39급막,22:27,22:30급
서동탄청량리,청량리신창,인천의정부,용산동인천
20:47,20:42,22:27급,22:33
인천소요산,양주인천,동인천용산,연천인천
20:47급,20:47,22:32,22:33막
동인천용산,광운대신창,병점광운대,영등포광명
20:52,20:47급,22:42막,22:38막
천안광운대,용산동인천,인천소요산,광운대천안
20:55급,20:53,22:46,22:42
동인천용산,동두천인천,신창광운대,양주인천
20:59급,20:54급,22:46급,22:47
천안청량리,용산동인천,동인천용산,광운대병점
-,20:57,22:56,22:47급
-,광운대서동탄,서동탄광운대,용산동인천
21:04,21:02,-,22:52
인천양주,양주인천,-,의정부인천
21:05급,21:02,-,22:59
동인천용산,영등포광명,-,광운대병점
21:08,21:07,23:03급,23:03
신창광운대,광운대천안,동인천용산,동두천인천
21:12,21:07급,23:06막,23:05급막
인천의정부,용산동인천,인천양주,용산동인천
21:18,21:11,23:11,23:08
서동탄광운대,의정부인천,서동탄광운대,양주인천
21:22,21:15급,23:16,23:14
인천연천,용산동인천,광명영등포,광운대서동탄
21:24급,21:16,23:17막,23:20
동인천용산,광운대서동탄,인천의정부,소요산인천
21:27,21:21급,23:24,23:22급막
서동탄광운대,용산구로,서동탄서울역,용산부평
21:30,21:22,23:26급막,23:26막
인천양주,동두천인천,동인천용산,청량리서동탄
21:34급,21:28,23:30,23:31
신창청량리,청량리신창,인천광운대,연천인천
21:38,21:28급,23:42막,23:36급막
인천소요산,용산동인천,인천광운대,용산구로
21:38,21:31,23:55막,23:37막
광명영등포,연천인천,인천동묘앞,광운대병점
21:41급,21:35,23:57막,23:44막
동인천용산,광운대서동탄,광명영등포,의정부인천
21:43,21:38급,-,23:50
천안광운대,용산동인천,-,양주구로
21:49,21:40,-,0:03
인천의정부,동두천인천,-,동두천구로
21:54,21:48,-,0:13
서동탄동묘앞,양주인천,-,의정부구로
21:56급,21:51,-,00:25막
동인천용산,영등포광명,-,소요산구로
21:58,21:54,-,-
인천동두천,광운대신창,-,-
-,21:59,-,-
-,동두천인천,-,-
22:03급막,22:01급,-,-
천안청량리,용산동인천,-,-
22:08,22:03,-,-
인천양주,광운대병점,-,-
22:12,22:07,-,-
서동탄광운대,양주인천,-,-
22:13급,22:12,-,-
동인천용산,연천구로,-,-
22:16,22:15급,-,-
광명영등포,용산동인천,-,-
22:18,22:16막,-,-
인천의정부,청량리신창,-,-
22:25,22:20,-,-
신창광운대,의정부인천,-,-
22:26급,22:26,-,-
동인천용산,광운대서동탄,-,-
22:32막,22:29급,-,-
인천연천,용산동인천,-,-
22:36급,22:32,-,-
동인천용산,소요산인천,-,-
22:41,22:33막,-,-
신창광운대,영등포광명,-,-
22:47급막,22:38막,-,-
동인천용산,청량리천안,-,-
22:48,22:42,-,-
서동탄광운대,연천인천,-,-
22:55막,22:47,-,-
인천소요산,광운대서동탄,-,-
-,22:47급,-,-
-,용산동인천,-,-
-,22:55,-,-
-,동두천인천,-,-
-,22:59,-,-
-,광운대병점,-,-
23:02막,23:04,-,-
인천양주,청량리구로,-,-
23:08,23:05급막,-,-
서동탄광운대,용산동인천,-,-
23:15막,23:09,-,-
인천의정부,의정부인천,-,-
23:16,23:15,-,-
광명영등포,광운대서동탄,-,-
23:24,23:21급막,-,-
서동탄동묘앞,용산부평,-,-
23:34,23:25,-,-
천안광운대,광운대구로,-,-
23:42막,23:30,-,-
인천광운대,소요산인천,-,-
23:52막,23:35막,-,-
서동탄청량리,광운대서동탄,-,-
23:57,23:42,-,-
광명영등포,연천인천,-,-
-,23:46,-,-
-,청량리구로,-,-
-,23:50막,-,-
-,의정부인천,-,-
00:04막,0:00,-,-
인천동묘앞,양주구로,-,-
-,0:14,-,-
-,양주구로,-,-
-,0:22,-,-
-,광운대구로,-,-
-,00:30막,-,-
-,의정부구로,-,-
