﻿신길방면,신도림방면,신길방면,신도림방면
평일,평일,주말,주말
05:05첫,05:05첫,05:05첫,05:09첫
구로동두천,영등포인천,구로동두천,영등포인천
5:15,5:26,05:25첫,05:31첫
구로청량리,영등포인천,구로연천,영등포광명
5:25,05:31첫,5:30,05:35첫
구로동두천,영등포광명,구로청량리,서울역서동탄
5:33,05:35첫,5:39,5:46
부평동두천,서울역서동탄,부평소요산,광운대인천
5:40,05:45급첫,05:49급첫,5:52
구로청량리,용산동인천,부천용산,동묘앞서동탄
05:49급첫,5:46,5:52,5:58
부천용산,광운대인천,인천양주,광운대인천
5:52,5:53,5:57,-
인천양주,창동인천,병점광운대,-
5:56,5:58,6:03,06:02급첫
병점광운대,광운대서동탄,인천동두천,용산동인천
06:02급첫,6:04,06:08급,6:04
인천동두천,동묘앞인천,동인천용산,동묘앞인천
06:05급,6:09,6:09,6:10
동인천용산,동묘앞서동탄,병점청량리,광운대서동탄
6:05,6:15,6:15,6:16
병점청량리,의정부인천,인천연천,의정부인천
6:12,06:18급,6:20,06:18급
인천동두천,용산부평,병점청량리,용산동인천
06:16급,6:21,06:21급,6:21
동인천용산,양주인천,동인천용산,영등포광명
6:16,6:21,6:28,6:26
병점광운대,영등포광명,인천양주,광운대서동탄
6:20,6:26,6:34,6:30
구로청량리,광운대서동탄,서동탄광운대,양주인천
06:25첫,6:30,06:39급,06:37급
인천연천,양주인천,동인천용산,용산동인천
06:26급,06:33급,6:41,6:40
동인천용산,용산동인천,인천소요산,동묘앞인천
06:32급,06:34급첫,6:46,6:44
구로용산,청량리신창,천안청량리,광운대병점
6:32,6:38,6:52,6:50
인천동두천,동묘앞인천,인천양주,동묘앞서동탄
6:36,6:43,06:56급,06:53급
서동탄광운대,광운대서동탄,동인천용산,용산동인천
06:40급,06:45급,6:58,6:54
동인천용산,용산동인천,서동탄광운대,소요산인천
6:41,6:47,-,6:59
인천소요산,동묘앞인천,-,광운대병점
06:45급,6:54,7:03,7:02
구로용산,소요산인천,인천동두천,동묘앞인천
6:46,06:54급,7:08,07:07첫
천안청량리,용산동인천,신창광운대,청량리신창
6:51,06:59급첫,07:12급,07:08급
인천동두천,청량리천안,동인천용산,용산동인천
06:54급,-,7:13,7:12
동인천용산,-,인천양주,양주인천
6:55,-,7:17,7:12
서동탄광운대,-,서동탄청량리,영등포광명
6:59,-,7:21,7:16
인천동두천,-,인천연천,광운대서동탄
07:02급,07:00급,7:25,7:20
동인천용산,용산동인천,천안광운대,광운대천안
7:03,7:03,07:30급,7:26
병점청량리,동묘앞인천,동인천용산,연천인천
7:08,7:08,7:30,07:26급
신창광운대,광운대병점,인천의정부,용산동인천
07:11급,07:09급,7:35,7:30
동인천용산,용산부평,병점청량리,청량리천안
7:12,7:12,7:40,7:35
인천동두천,양주인천,인천양주,의정부인천
7:17,7:12,7:44,07:39급첫
서동탄청량리,영등포광명,서동탄광운대,청량리천안
07:20급,07:16첫,07:46급,7:43
부평용산,광운대신창,동인천용산,광운대병점
7:22,07:16급,7:48,07:44급
인천연천,용산동인천,신창광운대,용산동인천
7:25,7:19,7:52,7:47
천안광운대,동묘앞인천,인천소요산,광운대신창
07:27급,7:23,7:56,7:50
동인천용산,광운대서동탄,병점청량리,동두천인천
7:31,07:23급,7:59,7:54
인천의정부,용산동인천,인천의정부,동묘앞서동탄
07:33급,7:27,-,7:59
동인천용산,연천인천,-,양주인천
7:35,07:30급,08:02급,08:01급
병점청량리,용산동인천,동인천용산,용산동인천
7:40,7:30,8:03,8:08
인천소요산,청량리천안,서동탄동묘앞,소요산인천
07:41급,7:35,8:10,08:11급
동인천용산,의정부인천,인천동두천,청량리천안
7:44,07:38급,08:11급,8:16
서동탄광운대,청량리천안,구로용산,광운대서동탄
7:47,07:41급,8:14,08:19급
인천양주,용산부평,천안청량리,용산동인천
07:48급,7:43,08:18급,8:20
동인천용산,광운대병점,동인천용산,동두천인천
7:50,7:47,8:18,8:27
신창광운대,동두천인천,서동탄광운대,연천구로
07:53급,7:50,8:23,8:27
부평용산,광운대신창,인천연천,영등포광명
7:53,07:50급,8:27,8:31
인천동두천,용산동인천,서동탄광운대,광운대신창
7:58,7:55,8:32,8:35
서동탄청량리,의정부서동탄,신창청량리,동묘앞인천
07:58급,07:57급,08:35급,08:39급
동인천용산,용산동인천,동인천용산,청량리천안
07:58급첫,7:59,8:37,08:40급
신창서울역,양주인천,인천양주,용산동인천
8:00,08:02급,8:43,8:43
인천의정부,용산부평,서동탄광운대,광운대서동탄
8:04,8:03,8:48,8:48
천안광운대,광운대신창,천안청량리,동묘앞인천
08:04급,8:06,08:51급,08:52급
동인천용산,동두천인천,동인천용산,용산동인천
08:08급,08:11급,8:51,8:53
인천동두천,용산동인천,인천소요산,광운대신창
08:11특첫,08:11급,8:57,8:57
동인천용산,청량리천안,인천광운대,동두천인천
8:12,8:16,9:01,09:01급
서동탄광운대,의정부서동탄,천안광운대,청량리천안
8:15,08:17급,09:05급첫,09:05급
인천양주,용산동인천,신창청량리,용산동인천
08:16급,08:19급첫,9:08,9:07
부평용산,동두천인천,인천동두천,광운대서동탄
8:19,08:22급,09:11급,9:11
서동탄동묘앞,용산동인천,동인천용산,영등포광명
08:21급,8:22,9:13,9:14
동인천용산,청량리서동탄,서동탄동묘앞,양주구로
8:24,8:26,9:19,9:17
인천연천,연천인천,천안청량리,청량리천안
08:26특,8:27,9:24,09:20급
동인천용산,영등포광명,인천연천,용산동인천
8:28,8:30,09:29급,9:21
천안청량리,광운대신창,동인천용산,소요산인천
8:32,08:32급,9:30,9:27
인천의정부,용산동인천,서동탄광운대,광운대서동탄
08:35급,8:34,9:34,9:31
동인천용산,양주부평,인천의정부,연천인천
8:35,08:37급,9:38,9:35
병점광운대,청량리천안,신창광운대,청량리천안
8:40,08:39급,09:42급,9:39
인천양주,용산구로,천안청량리,양주인천
08:43급,8:40,09:47급,9:44
동인천용산,동두천인천,동인천용산,광운대병점
8:44,8:44,9:47,9:48
서동탄광운대,광운대서동탄,인천소요산,동두천인천
08:47급,08:44급,9:53,09:50특첫
부평용산,용산동인천,천안광운대,용산동인천
8:48,8:47,9:58,09:52급첫
신창청량리,동두천구로,인천양주,청량리신창
8:51,08:49급,-,9:59
인천소요산,용산구로,-,광운대서동탄
08:52급,8:51,10:03특첫,10:03
동인천용산,양주인천,동인천용산,양주구로
08:58급,08:53급,10:04,10:03급
동인천용산,용산동인천,서동탄광운대,용산동인천
8:58,8:54,10:08,10:06
인천동묘앞,광운대신창,인천동두천,청량리신창
-,8:57,10:13,10:10
-,연천부평,신창청량리,영등포광명
9:02,09:00급,10:17급,10:12
신창광운대,청량리천안,동인천용산,소요산인천
09:04급,09:03급,10:17,10:16급
동인천용산,용산동인천,인천양주,용산동인천
09:07급첫,9:03,10:21,10:18
신창청량리,동두천인천,천안광운대,광운대병점
09:10급,9:06,10:24,10:25
부평용산,광운대서동탄,인천연천,의정부인천
9:10,9:11,10:29,10:29급
인천양주,양주인천,서동탄광운대,용산동인천
9:14,9:11,10:30급,10:29
서동탄광운대,영등포광명,동인천용산,청량리천안
09:17급,9:15,10:33,10:34
동인천용산,동두천부평,인천의정부,연천인천
9:18,09:16급,10:39,10:41
인천동묘앞,용산동인천,천안광운대,광운대신창
9:25,9:18,10:43급,10:44특
인천연천,청량리천안,천안청량리,용산동인천
09:27급,9:23,10:45급,10:46
동인천용산,소요산인천,동인천용산,양주인천
9:30,09:26급,10:47,10:49
서동탄청량리,용산구로,인천광운대,청량리서동탄
9:34,9:27,10:51,10:54급
인천의정부,광운대서동탄,병점광운대,용산동인천
09:35특,09:30특첫,10:55,10:57
동인천용산,용산동인천,신창청량리,광운대신창
9:39,09:31급,10:58급,-
천안광운대,동두천인천,동인천용산,-
09:43급,09:38급,10:58,-
동인천용산,용산동인천,인천양주,-
09:44급,9:39,11:01,11:01
신창청량리,광운대신창,서동탄광운대,영등포광명
9:48,9:44,11:05급,11:01
인천소요산,동두천인천,천안청량리,동두천인천
09:51급,9:48,11:10,11:06급
동인천용산,광운대병점,인천동두천,용산동인천
9:53,09:48급,11:11특,11:06급
천안광운대,용산동인천,동인천용산,청량리천안
9:57,9:52,11:14,11:10
인천양주,동두천인천,천안광운대,광운대인천
-,09:56급,11:18,11:15
-,청량리천안,인천양주,광운대서동탄
10:06급,10:00,11:23,11:18급
인천동두천,의정부인천,서동탄광운대,용산동인천
10:09특,10:00급,11:27급,11:20
동인천용산,용산구로,동인천용산,소요산인천
10:10,10:05,11:28급,11:24
서동탄청량리,광운대서동탄,천안청량리,광운대구로
10:14,10:05급,11:33,11:29
인천양주,용산동인천,인천연천,양주인천
10:19,10:10,11:39,11:29급
신창광운대,영등포광명,신창광운대,용산동인천
10:24,10:11,11:42급,11:32급
인천연천,소요산인천,동인천용산,청량리천안
10:28급,10:14급,11:43,11:36
동인천용산,용산구로,인천소요산,광운대신창
10:29,10:15,11:48,11:40
서동탄광운대,청량리신창,서동탄광운대,연천인천
10:35,10:19급,11:52,11:45특
인천의정부,용산동인천,인천양주,용산동인천
10:38급,10:21,11:56급,11:46
천안청량리,광운대서동탄,동인천용산,광운대서동탄
10:44,10:26,11:57,11:49
부평소요산,의정부인천,천안광운대,동두천인천
10:48특,10:30,-,11:51
동인천용산,청량리천안,-,영등포광명
10:49,10:34,-,11:54
인천양주,연천인천,-,광운대신창
10:55,10:37특,-,11:56급
신창광운대,용산동인천,-,용산동인천
10:59,10:44,-,11:59
구로의정부,광운대신창,-,의정부인천
-,10:47,12:00,12:02급
-,동두천인천,인천의정부,청량리천안
-,10:53,12:04급,12:06
-,청량리서동탄,천안청량리,광운대천안
-,10:56급,12:07특,12:11
-,용산동인천,동인천용산,양주인천
-,10:57,12:12,12:11급
-,동두천인천,인천동두천,용산동인천
11:04급,11:01,12:17,12:14
신창청량리,영등포광명,천안광운대,청량리서동탄
11:07,11:02,12:20급,12:19
인천양주,양주구로,동인천용산,소요산인천
11:11,11:05급,12:21,12:23급
서동탄광운대,청량리천안,인천양주,청량리천안
11:12급,11:10,12:25,12:25급
동인천용산,의정부인천,서동탄광운대,용산동인천
11:16,11:13특,12:29,12:27
천안청량리,용산동인천,인천연천,광운대신창
11:19급,11:16,12:31급,12:31
인천동두천,광운대서동탄,동인천용산,영등포광명
11:23,11:25,12:33,12:32
서동탄광운대,광운대신창,신창광운대,연천인천
11:27,11:30,12:37급,12:36
인천연천,연천인천,천안청량리,광운대서동탄
11:29급,11:34급,12:44,12:38특
동인천용산,청량리신창,인천소요산,용산동인천
11:31급,11:38,12:46급,12:40
천안청량리,청량리서동탄,동인천용산,양주인천
11:36,11:41급,12:49,12:45
인천의정부,용산동인천,천안광운대,광운대천안
11:40,11:43,12:55,12:48급
천안광운대,동두천인천,인천양주,용산동인천
11:43급,11:49급,12:59급,12:48
동인천용산,동두천인천,동인천용산,동두천인천
11:44,11:51,-,12:53급
인천소요산,영등포광명,-,청량리천안
11:49,11:55,-,12:59
서동탄광운대,광운대병점,-,의정부인천
11:53,11:59,13:00,13:03
인천양주,의정부인천,서동탄광운대,광운대신창
11:57,-,13:04,13:04급
신창광운대,-,인천의정부,용산구로
11:58특,-,13:08급,13:09
동인천용산,-,천안청량리,양주인천
12:00,12:02급,13:10특,13:14
인천의정부,청량리신창,동인천용산,광운대서동탄
12:06급,12:07,13:14,13:15급
신창청량리,광운대신창,인천동두천,용산동인천
12:11급,12:10,13:18,13:18
인천동두천,양주인천,신창광운대,소요산인천
12:15,12:11급,13:23,13:24
천안광운대,용산동인천,인천양주,광운대신창
12:20급,12:14,13:25급,13:27급
동인천용산,광운대서동탄,동인천용산,용산동인천
12:21,12:19,13:27,13:29
인천양주,소요산인천,서동탄광운대,연천인천
12:26,12:22급,13:34급,13:33급
서동탄광운대,청량리천안,천안청량리,청량리천안
12:33,12:27급,13:38급,13:37
인천연천,용산동인천,동인천용산,광운대서동탄
12:36급,12:28,13:38,13:38급
동인천용산,연천인천,인천의정부,용산동인천
12:38,12:31,13:45,13:41
서동탄광운대,영등포광명,신창광운대,양주인천
12:44,12:36,13:48,13:42
인천양주,청량리서동탄,인천소요산,영등포광명
12:49,12:40,13:52급,13:46
신창청량리,양주인천,동인천용산,광운대천안
12:53,12:46,13:55,13:50
인천소요산,광운대천안,서동탄광운대,동두천인천
-,12:50급,13:59,13:54급
-,동두천인천,인천양주,용산구로
-,12:55급,-,13:56급
-,청량리천안,-,청량리천안
13:00,13:01,14:03특,14:01
서동탄광운대,의정부인천,동인천용산,광운대병점
13:05급,13:04급,14:05,14:05
천안청량리,용산동인천,인천동두천,양주인천
13:06급,13:05,14:09,14:08
동인천용산,광운대천안,신창청량리,광운대서동탄
13:09,13:09,14:14급,14:12급
인천양주,양주인천,동인천용산,용산동인천
13:14,13:13,14:15,14:13
신창광운대,광운대서동탄,인천양주,소요산인천
13:21급막,13:18,14:19,14:17
인천동두천,소요산인천,천안광운대,광운대신창
13:26,13:24,14:26,14:21
서동탄광운대,광운대천안,인천연천,영등포광명
13:30,13:29,14:27급,14:25
인천연천,양주인천,동인천용산,의정부인천
13:34급,13:33급,14:30,14:26급
천안청량리,청량리신창,서동탄광운대,용산동인천
13:35급,13:35급,14:34급,14:28급
동인천용산,용산구로,천안청량리,청량리천안
13:38,13:37,14:38,14:33
인천의정부,광운대서동탄,인천의정부,연천인천
13:43,13:41,14:39급,14:37
신창청량리,의정부인천,동인천용산,광운대서동탄
13:47,13:42,14:42,14:39특
인천소요산,영등포광명,신창광운대,용산동인천
13:52,13:45,14:46,14:43
서동탄광운대,광운대천안,인천소요산,양주인천
13:53급,13:48급,14:52급,14:49급
동인천용산,동두천인천,동인천용산,용산동인천
13:58,13:54,14:52,14:50
인천양주,양주인천,서동탄동묘앞,광운대서동탄
14:04,14:00,14:57,14:54
인천의정부,광운대병점,인천양주,동두천인천
14:09,14:04,-,14:58급
신창청량리,의정부인천,-,청량리천안
14:14,14:04급,15:02,15:00급
인천광운대,용산동인천,천안광운대,용산동인천
14:19,14:08,15:03급,15:04
천안광운대,광운대서동탄,동인천용산,양주인천
14:23,14:12,15:07급,15:08
인천연천,소요산인천,천안청량리,광운대천안
14:28급,14:16,15:12,15:09급
동인천용산,청량리천안,인천의정부,용산구로
14:28급,14:21,15:16,15:14
천안청량리,영등포광명,신창광운대,소요산인천
14:32,14:25,15:20급,15:15
인천양주,의정부인천,구로용산,영등포광명
14:36,14:25급,15:23,15:19
서동탄광운대,용산동인천,인천연천,광운대서동탄
14:42,14:30,15:26,15:25
신창광운대,광운대서동탄,서동탄광운대,광운대천안
14:48,14:34,15:30급,15:25급
인천소요산,연천인천,천안청량리,용산동인천
14:53,14:39급,15:34,15:30
서동탄청량리,청량리신창,인천의정부,의정부인천
14:57,14:43,15:38급,15:33급
인천양주,양주인천,동인천용산,청량리신창
-,14:47,15:39,15:39
-,광운대서동탄,신창광운대,연천인천
-,14:51급,15:44,15:39특
-,동두천인천,인천소요산,용산동인천
-,14:56급,15:49,15:43
-,청량리천안,서동탄광운대,광운대서동탄
15:01,15:02,15:51급,15:48
신창광운대,광운대신창,동인천용산,양주인천
15:06급,15:05급,15:52,15:50급
신창청량리,용산동인천,인천양주,용산동인천
15:09,15:06,15:56,15:53급
인천의정부,양주인천,천안광운대,청량리천안
15:15,15:10,15:59,15:58
천안광운대,광운대서동탄,인천의정부,동두천인천
15:20,15:15,16:00특,16:03
인천연천,영등포광명,동인천용산,광운대신창
15:27급,15:16,16:03급,16:06급
신창청량리,소요산인천,천안청량리,용산동인천
15:28급,15:22,16:07,16:07
동인천용산,청량리천안,인천동두천,의정부인천
15:30,15:28,16:11,16:09
인천동묘앞,양주인천,신창광운대,영등포광명
15:35,15:32급,16:14급,16:11
인천의정부,청량리천안,동인천용산,소요산구로
15:39,15:37,16:18,16:15
천안광운대,광운대서동탄,서동탄광운대,광운대서동탄
15:42,15:41,16:21,16:19급
인천소요산,연천인천,인천양주,용산동인천
15:49급,15:49,16:25급,16:20
동인천용산,양주인천,동인천용산,양주인천
15:49,15:53급,16:26급,16:26급
서동탄광운대,청량리천안,천안청량리,청량리천안
15:53,15:56급,16:30,16:30
인천의정부,용산동인천,인천연천,광운대신창
15:57,-,16:34,16:34특
천안광운대,-,신창청량리,용산동인천
16:00,16:02,16:35급,16:35
인천동두천,광운대신창,동인천용산,연천인천
16:04급,16:06,16:38,16:39
천안청량리,의정부인천,인천의정부,광운대병점
16:08,16:09,16:47,16:42
인천양주,영등포광명,서동탄광운대,양주인천
16:12,16:13특,16:51급,16:42급
신창광운대,용산동인천,동인천용산,용산동인천
16:14급,16:15,16:52,16:46
동인천용산,청량리서동탄,구로의정부,광운대서동탄
16:18,16:22,16:55,16:49
서동탄광운대,소요산인천,신창광운대,동두천인천
16:22,16:23급,16:59,16:52급
인천연천,용산동인천,인천동묘앞,청량리천안
16:26급,16:26,-,16:55급
천안청량리,광운대천안,-,용산동인천
16:27특막,16:30,-,16:57
동인천용산,의정부인천,-,광운대천안
16:30,16:34급,17:01특,17:01
인천양주,청량리천안,동인천용산,양주인천
16:34,16:38,17:03급,17:02
신창광운대,광운대서동탄,천안청량리,영등포광명
16:37,16:42급,17:07,17:06
인천의정부,용산동인천,구로동두천,광운대서동탄
16:42급,16:42,17:11,17:08급
동인천용산,연천인천,서동탄광운대,용산동인천
16:42,16:47,17:14,17:10
천안청량리,양주인천,인천의정부,의정부인천
16:46,16:50급,17:16급,17:15
부평소요산,청량리신창,동인천용산,광운대병점
16:49,16:55급막,17:18,17:19
서동탄광운대,동두천인천,천안광운대,소요산인천
16:50급,16:58급,17:24,17:21급
구로용산,용산동인천,인천양주,용산동인천
16:52,-,17:29,17:23
인천양주,-,서동탄광운대,광운대천안
16:56,-,17:30급,17:27
신창광운대,-,동인천용산,동두천구로
17:00급,17:02,17:33급,17:30
동인천용산,영등포광명,천안청량리,동묘앞인천
17:00,17:03,17:38,17:33급
인천동묘앞,의정부인천,인천양주,청량리신창
17:03급,17:07,17:43,17:38
천안청량리,광운대서동탄,신창광운대,광운대서동탄
17:07,17:10급,17:43급,17:38특막
부평동두천,용산동인천,동인천용산,용산동인천
17:10급,17:12,17:47,17:41
구로용산,양주인천,인천소요산,의정부인천
17:11,17:15,17:53,17:45급
서동탄동묘앞,동묘앞서동탄,서동탄광운대,용산동인천
17:14,17:19,17:54특막,17:45
인천양주,소요산인천,동인천용산,청량리천안
17:18,17:23,17:57급,17:54
신창광운대,광운대천안,천안청량리,광운대서동탄
17:20급,17:25급,18:02,18:00
동인천용산,용산동인천,인천동두천,의정부인천
17:22,17:27,18:06,18:00급
인천연천,동묘앞인천,신창광운대,용산동인천
17:25급,17:31급,18:06급,18:04
천안청량리,청량리신창,동인천용산,광운대신창
17:27급,17:32급,18:10,18:09
구로용산,용산동인천,구로양주,청량리천안
17:29,17:36,18:14,18:13급
인천동두천,광운대서동탄,인천광운대,용산동인천
17:33,17:39,18:18,18:14
서동탄광운대,연천인천,병점광운대,소요산인천
17:34급,17:41급,18:22,18:18
동인천용산,용산동인천,인천동묘앞,영등포광명
17:36,17:44,18:23급,18:24
인천의정부,광운대천안,동인천용산,의정부인천
17:41,17:48,18:27,18:27급
천안광운대,양주인천,서동탄광운대,용산동인천
17:45,17:48급,18:31,18:28
인천양주,용산동인천,인천의정부,광운대서동탄
17:47급,17:51급,18:34급,18:32
동인천용산,청량리신창,동인천용산,연천인천
17:49급,17:56,18:36급,18:36
천안청량리,광운대서동탄,천안청량리,청량리천안
17:53급,17:56급,18:40,18:42
구로용산,용산동인천,인천동묘앞,광운대서동탄
17:56,-,18:45,18:43급
서동탄광운대,-,구로소요산,용산동인천
17:58급,-,18:47급,18:47
동인천용산,-,동인천용산,양주인천
18:00,18:02,18:48,18:51급
인천양주,의정부인천,신창광운대,청량리신창
18:04,18:04급,18:51,18:54급
신창광운대,용산동인천,인천의정부,용산동인천
18:06급,18:05,18:56,18:56
동인천용산,광운대신창,인천양주,광운대서동탄
18:09,18:09,18:59급,-
인천동두천,양주인천,동인천용산,-
18:10급,18:12,19:01,19:00
구로용산,청량리서동탄,서동탄광운대,양주인천
18:13,18:15급,19:06급,19:03
병점광운대,용산동인천,천안청량리,광운대천안
18:14급,18:18,19:10급,19:06급
동인천용산,영등포광명,동인천용산,용산동인천
18:17,18:18,19:11,19:07
인천양주,소요산인천,인천양주,의정부인천
18:19급,18:22급,19:14,19:10
구로용산,용산동인천,신창광운대,영등포광명
18:20급,18:24,19:18,19:12
천안청량리,광운대천안,인천연천,소요산인천
18:25,18:27,19:22,19:15
인천연천,의정부인천,서동탄광운대,광운대서동탄
18:26급,18:27급,19:26급,19:16급
동인천용산,용산부평,동인천용산,용산동인천
18:29,18:31,19:26,19:20
천안광운대,청량리서동탄,인천광운대,의정부인천
18:32,18:34급,19:31,19:23급막
부평동두천,용산동인천,천안청량리,청량리신창
18:36급,18:34,19:36,19:29
동인천용산,연천인천,인천동두천,광운대신창
18:36,18:40,19:41급,19:32급
서동탄청량리,광운대신창,동인천용산,용산동인천
18:39,18:42특,19:41,19:34
인천의정부,용산동인천,신창광운대,연천인천
18:43,18:44,19:45,19:41
인천동묘앞,의정부인천,인천소요산,광운대서동탄
18:45급,18:48급,19:49,19:42급
동인천용산,용산동인천,서동탄동묘앞,용산동인천
18:47,18:48,19:55,19:46
신창광운대,청량리서동탄,인천양주,동두천인천
18:51,18:53,19:58급,19:51
인천양주,양주인천,동인천용산,광운대신창
18:52급,18:53급,19:59,19:54
동인천용산,용산동인천,천안광운대,의정부인천
18:55,18:58,-,19:58급
서동탄광운대,광운대신창,-,용산동인천
18:59급,18:58급,-,19:58
동인천용산,용산동인천,-,청량리구로
18:59,-,20:04급,20:04
인천소요산,-,천안청량리,양주인천
19:03,19:03,20:08,20:08
신창광운대,의정부인천,인천의정부,광운대천안
19:06급,19:06,20:10급,20:14급
동인천용산,광운대천안,동인천용산,용산동인천
19:07,19:06특,20:12,20:17
인천동묘앞,용산동인천,서동탄광운대,소요산인천
19:11,19:10,20:17,20:17
천안청량리,영등포광명,인천동두천,영등포광명
19:14,19:11,20:21,20:21
인천동두천,소요산인천,신창청량리,광운대신창
19:15급,19:14급,20:22급,20:26
동인천용산,용산동인천,동인천용산,양주인천
19:18,19:15,20:25,20:29
서동탄광운대,광운대서동탄,인천양주,청량리서동탄
19:21급,19:19,20:31,20:33급
동인천용산,양주인천,구로연천,용산동인천
19:22,19:20급,20:34급,20:35
인천양주,용산동인천,동인천용산,연천인천
19:26,19:22급,20:35,20:39
천안광운대,청량리천안,병점광운대,동두천인천
19:28급,19:26,20:40,20:44
동인천용산,광운대신창,신창청량리,광운대신창
19:31,19:27특,20:44,20:49
서동탄광운대,용산동인천,인천의정부,양주인천
19:34급,19:29,20:48급,20:50급
부평용산,연천인천,동인천용산,용산동인천
19:35,19:34,20:48,20:52
인천연천,광운대신창,서동탄광운대,청량리구로
19:40급,19:34급,20:53,20:56
동인천용산,용산동인천,인천소요산,광운대서동탄
19:41,19:38,20:56,-
신창광운대,양주인천,천안광운대,-
19:45,19:41,21:02,21:00
인천의정부,광운대서동탄,인천양주,영등포광명
19:46급,19:42특막,21:05급,21:01
동인천용산,용산동인천,동인천용산,의정부인천
19:49,19:44,21:06급막,21:05급
서동탄광운대,동두천인천,천안청량리,용산동인천
19:56,19:49급,21:10,21:06
인천소요산,용산동인천,인천의정부,광운대천안
19:58급,19:49급,21:15,21:11
동인천용산,청량리천안,신창광운대,광운대서동탄
-,19:53,21:20,21:15
-,광운대서동탄,인천연천,소요산인천
-,19:56급,21:24,21:20
-,용산동인천,서동탄광운대,의정부구로
-,19:57,21:27급,21:25급
-,양주인천,동인천용산,용산동인천
20:00,20:01,21:29,21:25
천안광운대,광운대천안,인천의정부,청량리신창
20:04급,20:02급,21:33,21:29
동인천용산,용산부평,서동탄동묘앞,연천인천
20:04급,20:06,21:38,21:34
신창청량리,의정부인천,인천소요산,광운대병점
20:08,20:08급,21:44급,21:38
인천양주,용산동인천,동인천용산,양주인천
20:15,20:10,21:45,21:41급
인천동두천,청량리서동탄,신창광운대,용산동인천
20:17급,20:14급,21:49,21:42막
동인천용산,용산동인천,인천양주,청량리신창
20:19,20:14,21:54,21:47
천안광운대,소요산인천,서동탄동묘앞,동두천인천
20:22급,20:17,21:58,21:49
동인천용산,영등포광명,인천동두천,영등포광명
20:23,20:21,21:59급,21:54
인천양주,광운대천안,동인천용산,광운대서동탄
20:26,20:25,-,21:56급
서동탄광운대,양주인천,-,용산동인천
20:27급,20:26급,-,21:59
동인천용산,용산동인천,-,양주인천
20:30,20:29,22:03,22:04
인천연천,광운대서동탄,천안청량리,광운대서동탄
20:38,20:32,22:07,22:10
인천의정부,연천인천,인천동묘앞,청량리천안
20:44급,20:35급,22:13,22:13급
동인천용산,용산동인천,병점광운대,용산동인천
20:44,20:36급막,22:15급,22:16
서동탄청량리,청량리신창,동인천용산,소요산인천
20:49,20:40,22:18막,22:21
인천소요산,양주인천,인천연천,광운대서동탄
20:50급,20:45,22:24,22:26
동인천용산,광운대신창,천안광운대,청량리병점
20:55,20:45급,22:29,22:28급
천안광운대,용산동인천,인천의정부,용산동인천
20:58급,20:50,22:30급,22:31
동인천용산,동두천인천,동인천용산,연천인천
-,20:52급,22:34,22:31막
-,용산동인천,병점광운대,영등포광명
-,20:55,22:44막,22:36막
-,광운대서동탄,인천소요산,광운대천안
-,20:59,22:48,22:40
-,양주인천,신창광운대,양주인천
21:01급,21:00,22:49급,22:45
천안청량리,영등포광명,동인천용산,광운대병점
21:06,21:05,22:58,22:45급
인천양주,광운대천안,서동탄광운대,용산동인천
21:08급,21:05급,-,22:50
동인천용산,용산동인천,-,의정부인천
21:10,21:09,-,22:57
신창광운대,의정부인천,-,광운대병점
21:14,21:13급,23:06급,23:00
인천의정부,용산동인천,동인천용산,동두천인천
21:20,21:14,23:08막,23:03급막
서동탄광운대,광운대서동탄,인천양주,용산동인천
21:24,21:19급,23:13,23:06
인천연천,용산구로,서동탄광운대,양주인천
21:27급,21:19,23:19막,23:12
동인천용산,동두천인천,인천의정부,광운대서동탄
21:29,21:25,23:26,23:18
서동탄광운대,청량리신창,서동탄서울역,소요산인천
21:32,21:26급,23:29급막,23:20급막
인천양주,용산동인천,동인천용산,용산부평
21:37급,21:29,23:32,23:23막
신창청량리,연천인천,인천광운대,청량리서동탄
21:40,21:33,23:44막,23:29
인천소요산,광운대서동탄,인천광운대,연천인천
21:44급,21:36급,23:57막,23:34급막
동인천용산,용산동인천,인천동묘앞,용산구로
21:45,21:38,-,23:35막
천안광운대,동두천인천,-,광운대병점
21:51,21:46,-,23:41막
인천의정부,양주인천,-,의정부인천
21:56,21:49,-,23:48
서동탄동묘앞,영등포광명,-,양주구로
21:59급,21:52,-,0:00
동인천용산,광운대신창,-,동두천구로
-,21:56,-,0:11
-,동두천인천,-,의정부구로
-,21:59급,-,00:23막
-,용산동인천,-,소요산구로
22:00,22:01,-,-
인천동두천,광운대병점,-,-
22:05급막,22:05,-,-
천안청량리,양주인천,-,-
22:10,22:09,-,-
인천양주,연천구로,-,-
22:14,22:13급,-,-
서동탄광운대,용산동인천,-,-
22:16급,22:13막,-,-
동인천용산,청량리신창,-,-
22:20,22:18,-,-
인천의정부,의정부인천,-,-
22:27,22:24,-,-
신창광운대,광운대서동탄,-,-
22:29급,22:27급,-,-
동인천용산,용산동인천,-,-
22:34막,22:30,-,-
인천연천,소요산인천,-,-
22:39급,22:31막,-,-
동인천용산,영등포광명,-,-
22:43,22:35막,-,-
신창광운대,청량리천안,-,-
22:50급막,22:39,-,-
동인천용산,연천인천,-,-
22:50,22:45,-,-
서동탄광운대,광운대서동탄,-,-
22:57막,22:45급,-,-
인천소요산,용산동인천,-,-
-,22:52,-,-
-,동두천인천,-,-
-,22:57,-,-
-,광운대병점,-,-
23:04막,23:01,-,-
인천양주,청량리구로,-,-
23:11,23:03급막,-,-
서동탄광운대,용산동인천,-,-
23:17막,23:07,-,-
인천의정부,의정부인천,-,-
23:26,23:13,-,-
서동탄동묘앞,광운대서동탄,-,-
23:37,23:19급막,-,-
천안광운대,용산부평,-,-
23:44막,23:23,-,-
인천광운대,광운대구로,-,-
23:54막,23:28,-,-
서동탄청량리,소요산인천,-,-
-,23:33막,-,-
-,광운대서동탄,-,-
-,23:39,-,-
-,연천인천,-,-
-,23:43,-,-
-,청량리구로,-,-
-,23:48막,-,-
-,의정부인천,-,-
-,23:58,-,-
-,양주구로,-,-
00:06막,0:12,-,-
인천동묘앞,양주구로,-,-
-,0:20,-,-
-,광운대구로,-,-
-,00:28막,-,-
-,의정부구로,-,-
