﻿종각방면,종로5가방면,종각방면,종로5가방면
평일,평일,주말,주말
05:23첫,05:27첫,05:23첫,05:27첫
광운대인천,구로동두천,광운대인천,구로동두천
5:30,5:31,05:30첫,5:31
창동인천,서울역의정부,동묘앞서동탄,서울역의정부
05:35첫,5:37,5:35,5:39
광운대서동탄,구로청량리,광운대인천,서울역양주
5:42,5:42,5:42,05:47첫
동묘앞인천,서울역양주,동묘앞인천,구로연천
5:47,5:47,5:47,5:52
동묘앞서동탄,구로동두천,광운대서동탄,구로청량리
5:52,5:51,5:53,5:57
의정부인천,서울역의정부,의정부인천,서울역광운대
5:58,5:55,6:03,6:01
양주인천,부평동두천,광운대서동탄,부평소요산
6:03,6:02,6:07,6:15
광운대서동탄,구로청량리,양주인천,인천양주
6:07,6:06,6:18,6:20
양주인천,서울역광운대,동묘앞인천,병점광운대
06:12급첫,6:15,6:21,6:26
청량리신창,인천양주,광운대병점,인천동두천
6:16,6:19,6:28,6:32
동묘앞인천,병점광운대,동묘앞서동탄,병점청량리
6:20,06:25급첫,6:31,6:38
광운대서동탄,인천동두천,소요산인천,인천연천
6:25,6:28,6:36,6:43
동묘앞인천,병점청량리,광운대병점,병점청량리
6:31,6:32,6:40,6:51
소요산인천,서울역양주,동묘앞인천,인천양주
06:37급첫,6:35,06:45첫,6:57
청량리천안,인천동두천,청량리신창,서동탄광운대
6:41,6:39,6:49,-
동묘앞인천,병점광운대,양주인천,-
6:45,6:42,6:53,-
광운대병점,구로청량리,광운대서동탄,-
6:49,06:48첫,6:57,-
양주인천,인천연천,광운대천안,-
06:53첫,6:52,7:03,7:04
광운대신창,서울역양주,연천인천,인천소요산
6:57,6:55,7:08,7:08
동묘앞인천,인천동두천,청량리천안,천안청량리
-,6:59,7:12,7:15
-,서동탄광운대,의정부인천,인천양주
7:00,7:04,07:17급첫,7:21
광운대서동탄,인천소요산,청량리천안,서동탄광운대
7:04,7:08,7:20,7:26
연천인천,천안청량리,광운대병점,인천동두천
7:08,7:14,7:24,7:31
청량리천안,인천동두천,광운대신창,신창광운대
7:12,7:18,7:28,7:36
의정부인천,서동탄광운대,동두천인천,인천양주
07:16급,7:22,7:32,7:40
청량리천안,인천동두천,동묘앞서동탄,서동탄청량리
7:20,7:26,7:36,7:44
광운대병점,병점청량리,양주인천,인천연천
7:24,7:31,7:45,7:47
동두천인천,신창광운대,소요산인천,천안광운대
7:27,7:35,07:49급,7:53
광운대신창,인천동두천,청량리천안,인천의정부
7:32,7:40,7:53,7:58
의정부서동탄,서동탄청량리,광운대서동탄,병점청량리
7:36,7:45,7:58,-
양주인천,인천연천,동두천인천,-
7:40,7:48,8:04,8:03
광운대신창,천안광운대,연천구로,인천양주
7:44,7:54,8:08,8:07
동두천인천,인천의정부,광운대신창,서동탄광운대
07:49급,7:58,8:13,8:11
청량리천안,병점청량리,동묘앞인천,신창광운대
7:53,-,08:17급,8:15
의정부서동탄,-,청량리천안,인천소요산
07:57급첫,-,8:20,8:19
동두천인천,-,광운대서동탄,병점청량리
8:00,8:03,8:26,8:22
청량리서동탄,인천소요산,동묘앞인천,인천의정부
8:03,8:06,8:30,8:26
연천인천,서동탄광운대,광운대신창,서동탄동묘앞
8:07,8:10,8:35,8:33
광운대신창,인천양주,동두천인천,인천동두천
8:11,8:13,08:39급,8:36
양주부평,신창광운대,청량리천안,천안청량리
08:15급,8:16,8:44,8:41
청량리천안,인천동두천,광운대서동탄,서동탄광운대
8:18,8:20,8:51,8:46
동두천인천,서동탄청량리,양주구로,인천연천
8:21,8:23,8:55,8:50
광운대서동탄,인천의정부,청량리천안,서동탄광운대
8:25,8:26,8:58,8:55
동두천구로,천안광운대,소요산인천,신창청량리
8:28,08:31급,9:04,9:00
양주인천,인천동두천,광운대서동탄,인천양주
8:31,8:35,9:08,9:06
광운대신창,서동탄광운대,연천인천,서동탄광운대
8:34,8:38,9:13,9:10
연천부평,인천양주,청량리천안,천안청량리
08:38급,8:42,9:16,9:14
청량리천안,서동탄동묘앞,양주인천,인천소요산
8:41,8:47,9:21,9:20
동두천인천,인천연천,광운대병점,인천광운대
8:43,8:50,9:26,9:23
광운대서동탄,천안청량리,동두천인천,천안광운대
8:48,8:55,09:30급첫,09:27급첫
양주인천,인천의정부,청량리신창,신창청량리
8:53,8:58,9:36,9:31
동두천부평,병점광운대,광운대서동탄,인천동두천
8:56,-,9:40,9:36
청량리천안,-,양주구로,서동탄동묘앞
9:00,9:03,9:44,9:42
소요산인천,인천양주,청량리신창,천안청량리
9:04,9:07,9:49,9:47
광운대서동탄,서동탄광운대,소요산인천,인천연천
09:09급,9:11,9:55,9:53
동두천인천,신창청량리,광운대병점,서동탄광운대
9:16,9:14,-,9:57
광운대신창,인천소요산,-,인천의정부
9:22,9:21,10:02,10:01
동두천인천,인천동묘앞,의정부인천,신창광운대
9:25,9:25,10:07,10:05급
광운대병점,신창광운대,청량리천안,천안청량리
9:30,09:29급첫,10:11,10:10
동두천인천,신창청량리,연천인천,인천소요산
09:34급,9:33,10:18,10:15
청량리천안,인천양주,광운대신창,천안광운대
9:37,9:37,10:23,10:21
의정부인천,서동탄광운대,양주인천,인천양주
9:42,9:41,10:27,10:27
광운대서동탄,인천동묘앞,청량리서동탄,서동탄광운대
9:49,9:48,10:34,10:31
소요산인천,인천연천,광운대신창,인천동두천
9:53,9:53,10:39,10:36
청량리신창,서동탄청량리,동두천인천,신창청량리
9:58,9:57,10:44급,10:40
광운대서동탄,인천의정부,청량리천안,인천양주
10:03,10:01,10:47,10:43
의정부인천,천안광운대,광운대인천,천안광운대
10:08,10:07급,10:52,10:47
청량리천안,신창청량리,광운대서동탄,인천연천
10:12,10:11,10:57,10:52
연천인천,인천소요산,소요산인천,서동탄광운대
10:21,10:15,-,10:56
광운대신창,천안광운대,-,인천의정부
10:25,10:20,11:01,11:01
동두천인천,인천양주,광운대구로,천안광운대
10:31,10:29급,11:06,11:06급
청량리서동탄,인천동두천,양주인천,천안청량리
10:35,10:33,11:10급,11:10
동두천인천,서동탄청량리,청량리천안,인천광운대
10:39,10:37,11:13,11:14
양주구로,인천양주,광운대신창,병점광운대
10:43급,10:42,11:17,11:18
청량리천안,신창광운대,연천인천,신창청량리
10:47,10:47,11:23,11:21
의정부인천,인천연천,광운대서동탄,인천양주
10:53,10:52,11:27,11:24
광운대서동탄,서동탄광운대,동두천인천,서동탄광운대
10:57,10:58,11:31,11:28급
양주서울역,인천의정부,광운대신창,천안청량리
11:02,11:01급,11:36,11:33
광운대신창,천안청량리,의정부인천,인천동두천
11:08,11:06,11:40급,11:36
연천인천,부평소요산,청량리천안,천안광운대
11:12급,11:12,11:43,11:41
청량리신창,인천양주,광운대천안,인천양주
11:16,11:18,11:48,11:46
청량리서동탄,신창광운대,양주인천,서동탄광운대
11:21,11:21,11:52,11:51급
동두천인천,구로의정부,청량리서동탄,천안청량리
11:27급,11:26급,11:56,11:56
동두천인천,신창청량리,소요산인천,인천연천
11:32,11:30,12:01급,12:02
광운대병점,인천양주,청량리천안,신창광운대
11:36,11:34,12:04,12:06
의정부인천,서동탄광운대,광운대신창,인천소요산
11:40급,11:38,12:09,12:11
청량리신창,천안청량리,연천인천,서동탄광운대
11:44,11:42급,12:13,12:15
광운대신창,인천동두천,광운대서동탄,인천양주
11:47,11:46,12:17,12:19
양주인천,서동탄광운대,양주인천,천안광운대
11:51,11:50,12:22,12:23
광운대서동탄,인천연천,광운대천안,인천의정부
11:57,11:54급,12:26,12:27급
소요산인천,천안청량리,동두천인천,천안청량리
-,11:59,12:31급,12:35
-,인천의정부,청량리천안,인천동두천
12:00급,12:03,12:36,12:39
청량리천안,천안광운대,의정부인천,천안광운대
12:06,12:07,12:40,12:44
연천인천,인천소요산,광운대신창,인천양주
12:14,12:12,12:46,12:48
청량리서동탄,서동탄광운대,양주인천,서동탄광운대
12:17,12:16,12:51,12:52
양주인천,인천양주,광운대서동탄,인천연천
12:23,12:20,12:55,12:55
광운대천안,신창광운대,소요산인천,신창광운대
12:28급,12:23,13:01,13:00급
동두천인천,인천의정부,광운대신창,천안청량리
12:33급,12:29급,13:06,13:07
청량리천안,신창청량리,연천인천,인천소요산
12:38,12:34급,13:11급,13:11
의정부인천,인천동두천,청량리천안,천안광운대
12:42,12:38,13:14,13:18
광운대천안,천안광운대,광운대서동탄,인천양주
12:46,12:44,13:18,13:23
양주인천,인천양주,양주인천,서동탄광운대
12:50,12:49,13:23,13:27
광운대서동탄,서동탄광운대,광운대천안,인천의정부
12:56,12:56,13:28,13:31급
소요산인천,인천연천,동두천인천,천안청량리
13:01,13:01,13:34급,13:37
광운대천안,서동탄광운대,청량리천안,인천동두천
13:06,13:07,13:38,13:40
양주인천,인천양주,광운대병점,신창광운대
13:11급,13:12,13:42,13:46
청량리신창,신창청량리,양주인천,인천양주
13:14,13:16,13:45,13:50
광운대서동탄,인천소요산,광운대서동탄,서동탄광운대
13:18,13:23,13:50,13:57급
의정부인천,서동탄광운대,소요산인천,천안청량리
13:22,13:28급,13:54,-
광운대천안,천안청량리,광운대신창,-
13:26급,13:32,14:02,14:01
동두천인천,인천양주,의정부인천,인천의정부
13:32,13:37,14:06급,14:07
양주인천,신창광운대,청량리천안,신창광운대
13:37,13:44급막,14:10,14:11
광운대병점,인천동두천,연천인천,인천소요산
13:41,13:49,14:14,14:18
의정부인천,서동탄광운대,광운대서동탄,서동탄광운대
13:45,13:53,14:20,14:22
광운대서동탄,인천연천,양주인천,인천양주
13:50,13:57급,14:27,14:28
소요산인천,천안청량리,광운대서동탄,인천동두천
13:54,-,14:32,14:32
청량리천안,-,동두천인천,신창청량리
14:02,14:01,14:36급,14:38
의정부인천,인천의정부,청량리천안,인천양주
14:07,14:06,14:41,14:41
광운대서동탄,신창청량리,양주인천,천안광운대
14:12,14:10,14:45,14:48
연천인천,인천소요산,광운대천안,인천연천
14:17급,14:15,14:51,14:53
청량리신창,서동탄광운대,소요산인천,서동탄광운대
14:20,14:21,14:56,14:57급
양주인천,인천양주,광운대서동탄,천안청량리
14:24,14:27,15:02,15:01
광운대서동탄,인천의정부,광운대천안,인천의정부
14:29급,14:32,15:07,15:05
동두천인천,신창청량리,의정부인천,신창광운대
14:34급,14:37,15:11급,15:09
청량리천안,인천광운대,청량리신창,인천소요산
14:39,14:41,15:16,15:15
광운대신창,천안광운대,연천인천,서동탄동묘앞
14:43,14:46,15:20,15:20
양주인천,인천연천,광운대서동탄,인천양주
14:47,14:50급,15:25,15:24
광운대서동탄,천안청량리,양주인천,천안광운대
14:54,14:55,15:31급,15:30급
소요산인천,인천양주,청량리천안,천안청량리
-,14:58,15:36,15:35
-,서동탄광운대,동두천인천,인천의정부
15:00,15:04,15:40,15:38
청량리천안,신창광운대,광운대신창,신창광운대
15:05,15:11,15:44,15:46
양주인천,인천소요산,의정부인천,인천연천
15:10급,15:16,15:48,15:49
청량리천안,서동탄청량리,소요산구로,서동탄광운대
15:14,15:20,15:52,15:53급
광운대서동탄,인천양주,광운대서동탄,천안청량리
15:19,15:24,15:57,15:57
연천인천,신창광운대,양주인천,인천의정부
15:26,15:29급,16:04급,16:02
양주인천,신창청량리,청량리천안,신창광운대
15:31급,15:32,16:07,16:07
청량리천안,인천의정부,광운대신창,인천소요산
15:39,15:38,16:12,16:12
광운대신창,천안광운대,연천인천,서동탄광운대
15:43,15:43,16:16,16:15
의정부인천,인천연천,광운대병점,인천양주
15:53,15:49급,16:19,16:18
청량리서동탄,신창청량리,양주인천,천안광운대
-,15:53,16:23,16:22
-,인천동묘앞,광운대서동탄,인천의정부
-,15:58,16:27,16:26급
-,인천의정부,동두천인천,천안청량리
16:00,16:01,16:30급,16:30
소요산인천,천안광운대,청량리천안,인천동두천
16:03,16:05,16:34,16:34
광운대천안,인천소요산,광운대천안,신창광운대
16:07,16:12,16:38,16:40
의정부인천,서동탄광운대,양주인천,서동탄광운대
16:12급,16:16,16:43,16:44
청량리천안,인천의정부,광운대서동탄,인천양주
16:15,16:19,16:47,16:49급
광운대서동탄,천안광운대,의정부인천,천안청량리
16:20,16:23,16:52,16:53
연천인천,인천동두천,광운대병점,인천연천
16:24,16:27급,16:56,16:57
양주인천,천안청량리,소요산인천,신창청량리
16:28급,16:31,17:00,17:01
청량리신창,인천양주,광운대천안,인천의정부
16:33급막,16:35,17:05,17:10
동두천인천,신창광운대,동두천구로,서동탄광운대
16:40,16:41,17:08,17:14
의정부인천,서동탄광운대,동묘앞인천,구로의정부
16:44,16:45,17:11급,17:18
광운대서동탄,인천연천,청량리신창,신창광운대
16:49,16:49급,17:15,17:22
양주인천,천안청량리,광운대서동탄,인천동묘앞
16:53,16:53,17:19,17:26급
동묘앞서동탄,인천양주,의정부인천,천안청량리
16:57,16:57,17:23,17:29
소요산인천,신창광운대,청량리천안,구로동두천
17:00,17:00,17:27,17:34
광운대천안,인천의정부,양주서울역,서동탄광운대
17:05,17:05,17:31,17:37
동묘앞인천,천안청량리,광운대서동탄,인천의정부
17:09급,17:08,17:37,17:41
청량리신창,부평소요산,의정부인천,천안광운대
17:13,17:12,17:41,17:47
광운대서동탄,서동탄광운대,광운대신창,인천양주
17:17,17:15,17:47,17:52
연천인천,인천양주,청량리천안,서동탄광운대
17:21,17:19,17:51,17:55급
광운대천안,신창광운대,소요산인천,천안청량리
17:25,17:23,18:01,18:01
양주인천,인천동묘앞,의정부인천,인천양주
17:29급,17:26급,18:05,18:05
청량리신창,천안청량리,광운대서동탄,신창광운대
17:33,17:29,18:09,18:10
광운대서동탄,부평동두천,연천인천,인천소요산
17:39,17:33,18:14,18:16
의정부인천,서동탄동묘앞,청량리천안,서동탄광운대
17:42,17:37,18:19,18:20급
광운대신창,인천양주,광운대서동탄,천안청량리
17:46,17:40,18:24,18:25
양주인천,신창광운대,양주인천,인천동두천
17:50,17:45,18:29급,18:28
청량리서동탄,인천연천,청량리신창,신창광운대
17:56,17:48급,18:33,18:32
소요산인천,천안청량리,광운대서동탄,구로양주
-,17:52,18:37,18:37
-,인천동두천,양주인천,인천광운대
-,17:55,18:40,18:41
-,서동탄광운대,광운대천안,병점광운대
-,17:59,18:44,18:45
-,인천의정부,의정부인천,인천동묘앞
18:01,18:04,18:49,18:50
광운대천안,천안광운대,소요산인천,서동탄광운대
18:04,18:08,18:52,18:54
의정부인천,인천양주,광운대서동탄,인천의정부
18:09,18:11급,18:57,18:59급
청량리서동탄,천안청량리,의정부인천,천안청량리
18:12,18:18,19:01급막,19:03
연천인천,서동탄광운대,청량리신창,인천동묘앞
18:17,18:23,19:06,19:07
광운대신창,인천양주,광운대신창,구로소요산
18:21,18:26,19:11,19:11
의정부인천,신창광운대,연천인천,신창광운대
18:26,18:32,19:18,19:14
청량리서동탄,인천동두천,광운대서동탄,인천의정부
18:30,18:36,19:24,19:19
양주인천,병점광운대,동두천인천,인천양주
18:35,18:40,19:28,19:24
광운대신창,인천양주,광운대신창,서동탄광운대
18:40,18:43급,19:31,19:29급
의정부인천,천안청량리,의정부인천,천안청량리
18:43,18:48,19:36,19:34
광운대천안,인천연천,청량리구로,인천양주
18:49,18:51,19:41,19:37
소요산인천,천안광운대,양주인천,신창광운대
18:52,18:54,19:45,19:40
광운대서동탄,부평동두천,광운대천안,인천연천
18:56,18:59,19:54,19:45
양주인천,서동탄청량리,소요산인천,서동탄광운대
19:00급,19:02,19:58,19:49
청량리천안,인천의정부,광운대신창,인천광운대
19:03,19:06,-,19:53
광운대신창,인천동묘앞,-,천안청량리
19:07,19:10,-,19:59
연천인천,신창광운대,-,인천동두천
19:11,19:14,20:03,20:04
광운대신창,인천양주,양주인천,신창광운대
19:15,19:18,20:07,20:08
양주인천,서동탄광운대,청량리서동탄,인천소요산
19:18,19:22,20:12,20:12
광운대서동탄,인천소요산,연천인천,서동탄동묘앞
19:22,19:26,20:17,20:18
동두천인천,신창광운대,동두천인천,인천양주
19:27급,19:30,20:21,20:21
청량리천안,인천동묘앞,광운대신창,천안광운대
19:30,19:33,20:26,20:27급
광운대서동탄,천안청량리,양주인천,천안청량리
19:34,19:37,20:30,20:31
양주인천,인천동두천,청량리구로,인천의정부
19:38,19:41,20:33,20:35
광운대천안,서동탄광운대,광운대서동탄,서동탄광운대
19:43,19:45,20:38,20:40
의정부인천,인천양주,의정부인천,인천동두천
19:48,19:48,20:43,20:43
청량리서동탄,천안광운대,광운대천안,신창청량리
19:52,19:54,20:48,20:48
소요산인천,서동탄광운대,광운대서동탄,인천양주
19:58,19:58,20:52,20:53
광운대천안,인천연천,소요산인천,구로연천
20:02,20:04,20:57,20:58
양주인천,신창광운대,의정부구로,병점광운대
20:06,20:08,21:03,21:03
광운대서동탄,인천의정부,청량리신창,신창청량리
20:10,20:12,21:06,21:07
연천인천,서동탄광운대,연천인천,인천의정부
20:14급막,20:19,21:11,21:11
청량리신창,인천소요산,광운대병점,서동탄광운대
20:17,20:22,21:15,21:16
양주인천,천안광운대,양주인천,인천소요산
20:22,20:26급,21:20막,21:19
광운대신창,신창청량리,청량리신창,천안광운대
20:28,20:31,21:25,21:25
동두천인천,인천양주,동두천인천,인천양주
20:32,20:38,21:31,21:29급막
광운대서동탄,인천동두천,광운대서동탄,천안청량리
20:37,20:42,21:36,21:33
양주인천,천안광운대,양주인천,인천의정부
20:42,20:46,21:41,21:38
광운대천안,인천양주,광운대서동탄,신창광운대
20:46,20:49,21:48,21:43
의정부인천,서동탄광운대,청량리천안,인천연천
20:51,20:53,21:53,21:47
광운대서동탄,인천연천,소요산인천,서동탄광운대
20:57,-,21:58,21:52
동두천인천,-,광운대서동탄,인천의정부
21:03,21:01,-,21:56
청량리신창,인천의정부,-,서동탄동묘앞
21:06,21:07,22:04,22:01
연천인천,서동탄청량리,청량리병점,인천소요산
21:10,21:12,22:08,22:08
광운대서동탄,인천소요산,연천인천,신창광운대
21:15,21:17,22:13막,22:12
동두천인천,천안광운대,광운대천안,인천양주
21:23,21:24급,22:17,22:17
양주인천,천안청량리,양주인천,서동탄동묘앞
21:29,21:29,22:22,22:21
광운대신창,인천양주,광운대병점,인천동두천
21:34,21:33,22:27,22:25
동두천인천,신창광운대,의정부인천,천안청량리
21:38,21:37,22:34,22:30
광운대병점,인천의정부,광운대병점,인천동묘앞
21:42,21:43,22:38,22:36
양주인천,서동탄광운대,동두천인천,병점광운대
21:47,21:47,22:43,22:41막
연천구로,인천연천,양주인천,인천연천
21:51막,21:52,22:49,22:46
청량리신창,서동탄광운대,광운대서동탄,천안광운대
21:55,21:55,22:55,22:52
의정부인천,인천양주,소요산인천,인천의정부
-,21:59급,-,22:57
-,신창청량리,-,병점광운대
22:01,22:03,23:01막,23:07막
광운대서동탄,인천소요산,청량리서동탄,인천소요산
22:07,22:08,23:06,23:11
소요산인천,천안광운대,연천인천,신창광운대
22:13막,22:14,23:12막,23:21
청량리천안,인천의정부,광운대병점,서동탄광운대
22:17,22:19,23:19막,23:31막
연천인천,서동탄동묘앞,의정부인천,인천양주
22:22,22:23,23:25,23:36
광운대서동탄,인천동두천,양주구로,서동탄광운대
22:30,22:28급막,23:38,23:42막
동두천인천,천안청량리,동두천구로,인천의정부
22:34,22:33,23:48,23:55
광운대병점,인천양주,의정부구로,인천광운대
22:39,22:37,00:00막,00:07막
청량리구로,서동탄광운대,소요산구로,인천광운대
22:44,22:43,-,00:20막
의정부인천,인천의정부,-,인천동묘앞
22:50,22:50,-,-
광운대서동탄,신창광운대,-,-
22:55,22:57막,-,-
양주서울역,인천연천,-,-
23:00,23:06,-,-
광운대구로,신창광운대,-,-
23:05,23:13,-,-
소요산인천,서동탄광운대,-,-
23:10막,23:20막,-,-
광운대서동탄,인천소요산,-,-
23:17,23:27막,-,-
연천인천,인천양주,-,-
23:21,23:33,-,-
청량리구로,서동탄광운대,-,-
23:25막,23:40막,-,-
의정부인천,인천의정부,-,-
23:35,23:49,-,-
양주구로,서동탄동묘앞,-,-
23:49,23:59,-,-
양주구로,천안광운대,-,-
23:57,-,-,-
광운대구로,-,-,-
00:05막,00:07막,-,-
의정부구로,인천광운대,-,-
0:23,00:17막,-,-
의정부서울역,서동탄청량리,-,-
00:54막,0:29,-,-
청량리서울역,인천동묘앞,-,-
-,00:55막,-,-
-,서울역동묘앞,-,-
