﻿제기동방면,회기방면,제기동방면,회기방면
평일,평일,주말,주말
05:11첫,05:39첫,05:11첫,05:39첫
광운대인천,구로동두천,광운대인천,구로동두천
5:18,5:43,5:23,5:43
창동인천,서울역의정부,광운대인천,서울역의정부
05:23첫,5:54,05:35첫,5:51
광운대서동탄,서울역양주,광운대서동탄,서울역양주
5:40,5:59,5:41,05:59첫
의정부인천,구로동두천,의정부인천,구로연천
5:46,-,5:51,-
양주인천,-,광운대서동탄,-
5:51,-,5:55,-
광운대서동탄,-,양주인천,-
5:55,-,6:09,6:09
양주인천,-,광운대병점,서울역광운대
06:00급첫,6:03,6:19,6:13
청량리신창,서울역의정부,소요산인천,부평소요산
6:08,6:07,6:24,6:27
광운대서동탄,부평동두천,광운대병점,인천양주
6:19,6:18,06:33첫,6:32
소요산인천,서울역광운대,청량리신창,병점광운대
06:25급첫,6:27,6:37,6:38
청량리천안,인천양주,양주인천,인천동두천
6:33,6:31,6:41,6:50
광운대병점,병점광운대,광운대서동탄,인천연천
6:37,06:37급첫,6:45,-
양주인천,인천동두천,광운대천안,-
06:41첫,6:44,6:51,-
광운대신창,서울역양주,연천인천,-
6:48,6:47,6:56,-
광운대서동탄,인천동두천,청량리천안,-
6:52,6:51,7:00,7:03
연천인천,병점광운대,의정부인천,인천양주
6:56,-,07:05급첫,7:09
청량리천안,-,청량리천안,서동탄광운대
7:00,07:00첫,7:08,7:16
의정부인천,인천연천,광운대병점,인천소요산
07:04급,7:04,7:12,7:27
청량리천안,서울역양주,광운대신창,인천양주
7:08,7:07,7:16,7:33
광운대병점,인천동두천,동두천인천,서동탄광운대
7:12,7:11,7:24,7:38
동두천인천,서동탄광운대,양주인천,인천동두천
7:15,7:16,7:33,7:43
광운대신창,인천소요산,소요산인천,신창광운대
7:20,7:26,07:37급,7:48
의정부서동탄,인천동두천,청량리천안,인천양주
7:24,7:30,7:41,7:56
양주인천,서동탄광운대,광운대서동탄,인천연천
7:28,7:34,7:46,7:59
광운대신창,인천동두천,동두천인천,천안광운대
7:32,7:43,7:52,-
동두천인천,신창광운대,연천구로,-
07:37급,7:47,7:56,-
청량리천안,인천동두천,광운대신창,-
7:41,7:57,08:05급,8:05
의정부서동탄,인천연천,청량리천안,인천의정부
07:45급첫,-,8:08,8:15
동두천인천,-,광운대서동탄,인천양주
7:48,-,8:18,8:19
청량리서동탄,-,광운대신창,서동탄광운대
7:51,-,8:23,8:23
연천인천,-,동두천인천,신창광운대
7:55,-,08:27급,8:27
광운대신창,-,청량리천안,인천소요산
7:59,-,8:32,8:34
양주부평,-,광운대서동탄,인천의정부
08:03급,8:00,8:39,8:45
청량리천안,천안광운대,양주구로,인천동두천
8:06,8:06,8:43,8:53
동두천인천,인천의정부,청량리천안,서동탄광운대
8:09,8:15,8:46,8:58
광운대서동탄,인천소요산,소요산인천,인천연천
8:13,8:18,8:52,-
동두천구로,서동탄광운대,광운대서동탄,-
8:16,8:22,8:56,-
양주인천,인천양주,연천인천,-
8:19,8:25,9:01,9:02
광운대신창,신창광운대,청량리천안,서동탄광운대
8:22,8:28,9:04,9:12
연천부평,인천동두천,양주인천,인천양주
08:26급,8:35,9:09,9:18
청량리천안,인천의정부,광운대병점,서동탄광운대
8:29,8:38,9:14,9:26
동두천인천,천안광운대,동두천인천,인천소요산
8:31,08:43급,09:18급첫,9:32
광운대서동탄,인천동두천,청량리신창,인천광운대
8:36,8:47,9:24,9:35
양주인천,서동탄광운대,광운대서동탄,천안광운대
8:41,8:50,9:28,9:43
동두천부평,인천양주,양주구로,인천동두천
8:44,8:59,9:32,9:59
청량리천안,인천연천,청량리신창,인천연천
8:48,-,9:37,-
소요산인천,-,소요산인천,-
8:52,-,9:43,-
광운대서동탄,-,광운대병점,-
08:57급,-,9:50,-
동두천인천,-,의정부인천,-
9:04,9:07,9:55,-
광운대신창,인천의정부,청량리천안,-
9:10,9:10,9:59,-
동두천인천,병점광운대,연천인천,-
9:13,9:15,10:06,10:05
광운대병점,인천양주,광운대신창,서동탄광운대
9:18,9:19,10:11,10:09
동두천인천,서동탄광운대,양주인천,인천의정부
09:22급,9:26,10:15,10:13
청량리천안,인천소요산,청량리서동탄,신창광운대
9:25,9:37,10:22,10:22
의정부인천,신창광운대,광운대신창,인천소요산
9:30,9:45,10:27,10:27
광운대서동탄,인천양주,동두천인천,천안광운대
9:37,9:49,10:32급,10:33
소요산인천,서동탄광운대,청량리천안,인천양주
9:41,-,10:35,10:39
청량리신창,-,광운대인천,서동탄광운대
9:46,-,10:40,10:43
광운대서동탄,-,광운대서동탄,인천동두천
9:51,-,10:45,10:52
의정부인천,-,소요산인천,인천양주
9:56,-,10:49,10:55
청량리천안,-,광운대구로,천안광운대
10:00,10:00,10:54,10:59
연천인천,인천연천,양주인천,인천연천
10:09,10:09,10:58급,-
광운대신창,인천의정부,청량리천안,-
10:13,10:13,11:01,11:04
동두천인천,천안광운대,광운대신창,서동탄광운대
10:19,10:23,11:05,11:08
청량리서동탄,인천소요산,연천인천,인천의정부
10:23,10:27,11:11,11:13
동두천인천,천안광운대,광운대서동탄,천안광운대
10:27,10:32,11:15,11:22
양주구로,인천양주,동두천인천,인천광운대
10:31급,10:41급,11:19,11:26
청량리천안,인천동두천,광운대신창,병점광운대
10:35,10:49,11:24,11:33
의정부인천,인천양주,의정부인천,인천양주
10:41,10:54,11:28급,11:36
광운대서동탄,신창광운대,청량리천안,서동탄광운대
10:45,10:59,11:31,11:45
양주서울역,인천연천,광운대천안,인천동두천
10:50,-,11:36,11:48
광운대신창,-,양주인천,천안광운대
10:56,-,11:40,11:53
연천인천,-,청량리서동탄,인천양주
11:00급,11:04,11:44,11:58
청량리신창,서동탄광운대,소요산인천,서동탄광운대
11:04,11:10,11:49급,-
청량리서동탄,인천의정부,청량리천안,-
11:09,11:18,11:52,-
동두천인천,부평소요산,광운대신창,-
11:15급,11:24,11:57,-
동두천인천,인천양주,연천인천,-
11:20,11:30,12:01,12:08
광운대병점,신창광운대,광운대서동탄,인천연천
11:24,11:33,12:05,12:14
의정부인천,구로의정부,양주인천,신창광운대
11:28급,11:42,12:10,12:18
청량리신창,인천양주,광운대천안,인천소요산
11:32,11:46,12:14,12:23
광운대신창,서동탄광운대,동두천인천,서동탄광운대
11:35,11:54급,12:19급,12:27
양주인천,인천동두천,청량리천안,인천양주
11:39,11:58,12:24,12:31
광운대서동탄,서동탄광운대,의정부인천,천안광운대
11:45,-,12:28,12:35
소요산인천,-,광운대신창,인천의정부
11:48급,-,12:34,12:47
청량리천안,-,양주인천,인천동두천
11:54,-,12:39,12:51
연천인천,-,광운대서동탄,천안광운대
12:02,12:02,12:43,12:56
청량리서동탄,인천연천,소요산인천,인천양주
12:05,12:11,12:49,-
양주인천,인천의정부,광운대신창,-
12:11,12:15,12:54,-
광운대천안,천안광운대,연천인천,-
12:16급,12:19,12:59급,-
동두천인천,인천소요산,청량리천안,-
12:21급,12:24,13:02,13:00
청량리천안,서동탄광운대,광운대서동탄,서동탄광운대
12:26,12:28,13:06,13:04
의정부인천,인천양주,양주인천,인천연천
12:30,12:32,13:11,13:07
광운대천안,신창광운대,광운대천안,신창광운대
12:34,12:35,13:16,13:19
양주인천,인천의정부,동두천인천,인천소요산
12:38,12:46급,13:22급,13:23
광운대서동탄,인천동두천,청량리천안,천안광운대
12:44,12:50,13:26,13:30
소요산인천,천안광운대,광운대병점,인천양주
12:49,12:56,13:30,13:35
광운대천안,인천양주,양주인천,서동탄광운대
12:54,-,13:33,13:39
양주인천,-,광운대서동탄,인천의정부
12:59급,-,13:38,13:49
청량리신창,-,소요산인천,인천동두천
13:02,13:01,13:42,13:52
광운대서동탄,서동탄광운대,광운대신창,신창광운대
13:06,13:08,13:50,13:58
의정부인천,인천연천,의정부인천,인천양주
13:10,13:13,13:54급,-
광운대천안,서동탄광운대,청량리천안,-
13:14급,13:19,13:58,-
동두천인천,인천양주,연천인천,-
13:20,13:28,14:02,14:02
양주인천,인천소요산,광운대서동탄,서동탄광운대
13:25,13:35,14:08,14:13
광운대병점,서동탄광운대,양주인천,인천의정부
13:29,13:44,14:15,14:19
의정부인천,인천양주,광운대서동탄,신창광운대
13:33,13:49,14:20,14:23
광운대서동탄,신창광운대,동두천인천,인천소요산
13:38,13:56급막,14:24급,14:30
소요산인천,인천동두천,청량리천안,서동탄광운대
13:42,-,14:29,14:34
청량리천안,-,양주인천,인천양주
13:50,-,14:33,14:40
의정부인천,-,광운대천안,인천동두천
13:55,-,14:39,14:50
광운대서동탄,-,소요산인천,인천양주
14:00,14:01,14:44,14:53
연천인천,서동탄광운대,광운대서동탄,천안광운대
14:05급,14:05,14:50,-
청량리신창,인천연천,광운대천안,-
14:08,14:13,14:55,-
양주인천,인천의정부,의정부인천,-
14:12,14:22,14:59급,-
광운대서동탄,인천소요산,청량리신창,-
14:17급,14:27,15:04,15:00
동두천인천,서동탄광운대,연천인천,인천연천
14:22급,14:33,15:08,15:05
청량리천안,인천양주,광운대서동탄,서동탄광운대
14:27,14:39,15:13,15:13
광운대신창,인천의정부,양주인천,인천의정부
14:31,14:49,15:19급,15:17
양주인천,인천광운대,청량리천안,신창광운대
14:35,14:53,15:24,15:21
광운대서동탄,천안광운대,동두천인천,인천소요산
14:42,14:58,15:28,15:32
소요산인천,인천연천,광운대신창,인천양주
14:48,-,15:32,15:36
청량리천안,-,의정부인천,천안광운대
14:53,-,15:36,15:47
양주인천,-,소요산구로,인천의정부
14:58급,-,15:40,15:50
청량리천안,-,광운대서동탄,신창광운대
15:02,15:07,15:45,15:58
광운대서동탄,인천양주,양주인천,인천연천
15:07,15:10,15:52급,-
연천인천,서동탄광운대,청량리천안,-
15:14,15:16,15:55,-
양주인천,신창광운대,광운대신창,-
15:19급,15:23,16:00,16:01
청량리천안,인천소요산,연천인천,서동탄광운대
15:27,15:32,16:04,16:09
광운대신창,인천양주,광운대병점,인천의정부
15:31,15:36,16:07,16:14
의정부인천,신창광운대,양주인천,신창광운대
15:41,15:44,16:11,16:19
청량리서동탄,인천의정부,광운대서동탄,인천소요산
15:48,15:50,16:15,16:24
소요산인천,천안광운대,동두천인천,서동탄광운대
15:51,15:55,16:18급,16:27
광운대천안,인천연천,청량리천안,인천양주
15:55,-,16:22,16:30
의정부인천,-,광운대천안,천안광운대
16:00급,16:10,16:26,16:34
청량리천안,인천의정부,양주인천,인천의정부
16:03,16:13,16:31,16:42
광운대서동탄,천안광운대,광운대서동탄,인천동두천
16:08,16:17,16:35,16:46
연천인천,인천소요산,의정부인천,신창광운대
16:12,16:24,16:40,16:52
양주인천,서동탄광운대,광운대병점,서동탄광운대
16:16급,16:28,16:44,16:56
청량리신창,인천의정부,소요산인천,인천양주
16:21급막,16:31,16:48,-
동두천인천,천안광운대,광운대천안,-
16:28,16:35,16:53,-
의정부인천,인천동두천,동두천구로,-
16:32,16:43,16:59급,-
광운대서동탄,인천양주,청량리신창,-
16:37,16:47,17:03,17:05
양주인천,신창광운대,광운대서동탄,인천연천
16:45,16:53,17:07,17:13
소요산인천,서동탄광운대,의정부인천,인천의정부
16:48,16:57,17:11,17:22
광운대천안,인천연천,청량리천안,서동탄광운대
16:57급,-,17:15,17:26
청량리신창,-,양주서울역,구로의정부
17:01,17:05,17:19,17:30
광운대서동탄,인천양주,광운대서동탄,신창광운대
17:05,17:09,17:25,17:41
연천인천,신창광운대,의정부인천,구로동두천
17:09,17:12,17:29,17:46
광운대천안,인천의정부,광운대신창,서동탄광운대
17:13,17:20,17:35,17:49
양주인천,부평소요산,청량리천안,인천의정부
17:17급,17:24,17:39,17:53
청량리신창,서동탄광운대,소요산인천,천안광운대
17:21,17:27,17:49,17:59
광운대서동탄,인천양주,의정부인천,인천양주
17:27,17:31,17:53,-
의정부인천,신창광운대,광운대서동탄,-
17:30,17:41,17:57,-
광운대신창,부평동두천,연천인천,-
17:34,17:49,18:02,18:04
양주인천,인천양주,청량리천안,서동탄광운대
17:38,17:52,18:07,18:13
청량리서동탄,신창광운대,광운대서동탄,인천양주
17:44,17:57,18:12,18:17
소요산인천,인천연천,양주인천,신창광운대
17:49,-,18:17급,18:22
광운대천안,-,청량리신창,인천소요산
17:52,-,18:21,18:28
의정부인천,-,광운대서동탄,서동탄광운대
17:57,-,18:25,18:37
청량리서동탄,-,양주인천,인천동두천
18:00,18:04,18:28,18:40
연천인천,인천동두천,광운대천안,신창광운대
18:05,18:07,18:32,18:44
광운대신창,서동탄광운대,의정부인천,구로양주
18:09,18:11,18:37,18:49
의정부인천,인천의정부,소요산인천,인천광운대
18:14,18:16,18:40,18:53
청량리서동탄,천안광운대,광운대서동탄,병점광운대
18:18,18:20,18:45,-
양주인천,인천양주,의정부인천,-
18:23,18:30,18:49급막,-
광운대신창,서동탄광운대,청량리신창,-
18:28,18:35,18:54,-
의정부인천,인천양주,광운대신창,-
18:31,18:38,18:59,-
광운대천안,신창광운대,연천인천,-
18:37,18:44,19:06,19:02
소요산인천,인천동두천,광운대서동탄,서동탄광운대
18:40,18:48,19:12,19:06
광운대서동탄,병점광운대,동두천인천,인천의정부
18:44,18:52,19:16,19:19
양주인천,인천양주,광운대신창,구로소요산
18:48급,-,19:19,19:23
청량리천안,-,의정부인천,신창광운대
18:51,-,19:24,19:26
광운대신창,-,청량리구로,인천의정부
18:55,-,19:29,19:31
연천인천,-,양주인천,인천양주
18:59,-,19:33,19:36
광운대신창,-,광운대천안,서동탄광운대
19:03,19:00,19:42,19:46
양주인천,인천연천,소요산인천,인천양주
19:06,19:03,19:46,19:49
광운대서동탄,천안광운대,광운대신창,신창광운대
19:10,19:06,19:51,19:52
동두천인천,부평동두천,양주인천,인천연천
19:15급,19:14,19:55,19:57
청량리천안,인천의정부,청량리서동탄,서동탄광운대
19:18,19:22,20:00,20:01
광운대서동탄,신창광운대,연천인천,인천광운대
19:22,19:26,20:05,20:11
양주인천,인천양주,동두천인천,인천동두천
19:26,19:30,20:09,20:16
광운대천안,서동탄광운대,광운대신창,신창광운대
19:31,19:34,20:14,20:20
의정부인천,인천소요산,양주인천,인천소요산
19:36,19:38,20:18,20:30
청량리서동탄,신창광운대,청량리구로,인천양주
19:40,19:49,20:21,20:33
소요산인천,인천동두천,광운대서동탄,천안광운대
19:46,19:53,20:26,20:43
광운대천안,서동탄광운대,의정부인천,인천의정부
19:50,19:57,20:31,20:47
양주인천,인천양주,광운대천안,서동탄광운대
19:54,-,20:36,20:52
광운대서동탄,-,광운대서동탄,인천동두천
19:58,-,20:40,-
연천인천,-,소요산인천,-
20:02급막,20:00,20:45,-
청량리신창,천안광운대,의정부구로,-
20:05,20:06,20:51,-
양주인천,서동탄광운대,청량리신창,-
20:10,20:10,20:54,-
광운대신창,인천연천,연천인천,-
20:16,20:16,20:59,-
동두천인천,신창광운대,광운대병점,-
20:20,20:20,21:03,21:00
광운대서동탄,인천의정부,양주인천,인천양주
20:25,20:24,21:08막,21:05
양주인천,서동탄광운대,청량리신창,구로연천
20:30,20:31,21:13,21:10
광운대천안,인천소요산,동두천인천,병점광운대
20:34,20:34,21:19,21:19
의정부인천,천안광운대,광운대서동탄,인천의정부
20:39,20:43,21:24,21:23
광운대서동탄,인천양주,양주인천,서동탄광운대
20:45,20:50,21:29,21:28
동두천인천,인천동두천,광운대서동탄,인천소요산
20:51,20:54,21:36,21:31
청량리신창,천안광운대,청량리천안,천안광운대
20:54,20:58,21:41,21:37
연천인천,인천양주,소요산인천,인천양주
20:58,-,21:46,21:45
광운대서동탄,-,광운대서동탄,인천의정부
21:03,21:01,21:52,21:50
동두천인천,서동탄광운대,청량리병점,신창광운대
21:11,21:05,21:56,21:55
양주인천,인천연천,연천인천,인천연천
21:17,21:13,-,21:59
광운대신창,인천의정부,-,서동탄광운대
21:22,21:24,22:01막,22:04
동두천인천,인천소요산,광운대천안,인천의정부
21:26,21:29,22:05,22:13
광운대병점,천안광운대,양주인천,인천소요산
21:30,21:41,22:10,22:20
양주인천,인천양주,광운대병점,신창광운대
21:35,21:45,22:15,22:24
연천구로,신창광운대,의정부인천,인천양주
21:39막,21:49,22:22,22:33
청량리신창,인천의정부,광운대병점,인천동두천
21:43,21:55,22:26,22:48
의정부인천,서동탄광운대,동두천인천,병점광운대
21:49,21:59,22:31,22:53막
광운대서동탄,인천연천,양주인천,인천연천
21:55,-,22:37,22:58
소요산인천,-,광운대서동탄,천안광운대
22:01막,22:04,22:43,-
청량리천안,서동탄광운대,소요산인천,-
22:05,22:07,22:49막,-
연천인천,인천양주,청량리서동탄,-
22:10,22:15,22:54,-
광운대서동탄,인천소요산,연천인천,-
22:18,22:20,23:00막,23:04
동두천인천,천안광운대,광운대병점,인천의정부
22:22,22:26,23:07막,23:09
광운대병점,인천의정부,의정부인천,병점광운대
22:27,22:35,23:13,23:19막
청량리구로,인천동두천,양주구로,인천소요산
22:32,22:45,23:26,23:23
의정부인천,인천양주,동두천구로,신창광운대
22:38,22:49,23:36,23:33
광운대서동탄,서동탄광운대,의정부구로,서동탄광운대
22:43,22:55,23:48막,23:43막
양주서울역,인천의정부,소요산구로,인천양주
22:48,-,-,23:48
광운대구로,-,-,서동탄광운대
22:53,-,-,23:54막
소요산인천,-,-,인천의정부
22:58막,-,-,0:07
광운대서동탄,-,-,인천광운대
23:05,23:02,-,00:19막
연천인천,신창광운대,-,인천광운대
23:09,23:09막,-,-
청량리구로,인천연천,-,-
23:13막,23:18,-,-
의정부인천,신창광운대,-,-
23:23,23:25,-,-
양주구로,서동탄광운대,-,-
23:37,23:32막,-,-
양주구로,인천소요산,-,-
23:45,23:39막,-,-
광운대구로,인천양주,-,-
23:53막,23:45,-,-
의정부구로,서동탄광운대,-,-
-,23:52막,-,-
-,인천의정부,-,-
0:11,0:11,-,-
의정부서울역,천안광운대,-,-
00:42막,00:19막,-,-
청량리서울역,인천광운대,-,-
