﻿사평방면,신반포방면,사평방면,신반포방면
평일,평일,주말,주말
05:36첫,05:34첫,05:35첫,05:34첫
동작중앙보훈병원,신논현개화,동작중앙보훈병원,신논현개화
05:46급첫,5:47,05:45급첫,5:48
당산중앙보훈병원,삼전개화,당산중앙보훈병원,삼전개화
5:50,-,5:48,-
여의도중앙보훈병원,-,여의도중앙보훈병원,-
06:00급,6:03,05:57급,-
김포공항중앙보훈병원,중앙보훈병원개화,김포공항중앙보훈병원,-
6:03,06:16급첫,6:00,6:05
염창중앙보훈병원,중앙보훈병원김포공항,염창중앙보훈병원,중앙보훈병원개화
06:11급,6:18,06:09급,6:16
김포공항중앙보훈병원,중앙보훈병원개화,김포공항중앙보훈병원,중앙보훈병원개화
6:15,06:29급,6:13,06:20급첫
마곡나루중앙보훈병원,중앙보훈병원김포공항,마곡나루중앙보훈병원,중앙보훈병원김포공항
06:22급,6:31,06:20급,6:29
김포공항중앙보훈병원,중앙보훈병원개화,김포공항중앙보훈병원,중앙보훈병원개화
6:25,06:42급,6:23,06:33급
개화중앙보훈병원,중앙보훈병원김포공항,개화중앙보훈병원,중앙보훈병원김포공항
06:34급,6:44,06:32급,6:42
김포공항중앙보훈병원,중앙보훈병원개화,김포공항중앙보훈병원,중앙보훈병원개화
6:37,06:55급,6:35,06:46급
개화중앙보훈병원,중앙보훈병원김포공항,개화중앙보훈병원,중앙보훈병원김포공항
06:46급,6:57,06:44급,6:54
김포공항중앙보훈병원,중앙보훈병원개화,김포공항중앙보훈병원,중앙보훈병원개화
6:49,-,6:47,06:58급
개화중앙보훈병원,-,개화중앙보훈병원,중앙보훈병원김포공항
06:58급,-,06:56급,-
김포공항중앙보훈병원,-,김포공항중앙보훈병원,-
7:01,07:08급,6:59,-
개화중앙보훈병원,중앙보훈병원김포공항,개화중앙보훈병원,-
7:08,7:10,07:08급,7:06
개화중앙보훈병원,중앙보훈병원개화,김포공항중앙보훈병원,중앙보훈병원개화
07:10급,07:21급,7:11,07:10급
김포공항중앙보훈병원,중앙보훈병원김포공항,개화중앙보훈병원,중앙보훈병원김포공항
7:17,7:23,07:20급,7:18
개화중앙보훈병원,중앙보훈병원개화,김포공항중앙보훈병원,중앙보훈병원개화
07:18급,7:29,7:23,07:22급
김포공항중앙보훈병원,중앙보훈병원개화,개화중앙보훈병원,중앙보훈병원김포공항
7:25,07:33급,07:32급,7:30
개화중앙보훈병원,중앙보훈병원김포공항,김포공항중앙보훈병원,중앙보훈병원개화
07:26급,7:41,7:35,07:34급
김포공항중앙보훈병원,중앙보훈병원개화,개화중앙보훈병원,중앙보훈병원김포공항
7:32,07:45급,07:44급,7:42
개화중앙보훈병원,중앙보훈병원김포공항,김포공항중앙보훈병원,중앙보훈병원개화
07:33급,7:53,7:47,07:46급
김포공항중앙보훈병원,중앙보훈병원개화,개화중앙보훈병원,중앙보훈병원김포공항
7:38,07:57급,07:56급,7:54
개화중앙보훈병원,중앙보훈병원김포공항,김포공항중앙보훈병원,중앙보훈병원개화
07:40급,-,7:59,07:58급
김포공항중앙보훈병원,-,개화중앙보훈병원,중앙보훈병원김포공항
7:45,-,08:08급,8:06
개화중앙보훈병원,-,김포공항중앙보훈병원,중앙보훈병원개화
07:47급,-,8:11,08:10급
김포공항중앙보훈병원,-,개화중앙보훈병원,중앙보훈병원김포공항
7:52,-,08:20급,8:18
개화중앙보훈병원,-,김포공항중앙보훈병원,중앙보훈병원개화
07:53급,-,8:23,08:22급
김포공항중앙보훈병원,-,개화중앙보훈병원,중앙보훈병원김포공항
7:59,-,08:32급,8:30
개화중앙보훈병원,-,김포공항중앙보훈병원,중앙보훈병원개화
08:00급,8:01,8:35,08:34급
김포공항중앙보훈병원,중앙보훈병원개화,개화중앙보훈병원,중앙보훈병원김포공항
8:06,08:08급,08:44급,8:42
개화중앙보훈병원,중앙보훈병원김포공항,김포공항중앙보훈병원,중앙보훈병원개화
08:07급,8:10,8:47,08:46급
김포공항중앙보훈병원,중앙보훈병원개화,개화중앙보훈병원,중앙보훈병원김포공항
8:13,08:17급,08:56급,8:54
개화중앙보훈병원,중앙보훈병원김포공항,김포공항중앙보훈병원,중앙보훈병원개화
08:14급,8:19,8:59,08:58급
김포공항중앙보훈병원,중앙보훈병원개화,개화중앙보훈병원,중앙보훈병원김포공항
8:19,08:25급,09:08급,9:06
개화중앙보훈병원,중앙보훈병원김포공항,김포공항중앙보훈병원,중앙보훈병원개화
08:21급,8:27,9:11,09:10급
김포공항중앙보훈병원,중앙보훈병원개화,개화중앙보훈병원,중앙보훈병원김포공항
8:26,08:33급,09:20급,9:18
개화중앙보훈병원,중앙보훈병원김포공항,김포공항중앙보훈병원,중앙보훈병원개화
08:28급,8:35,9:23,09:22급
김포공항중앙보훈병원,중앙보훈병원개화,개화중앙보훈병원,중앙보훈병원김포공항
8:33,08:41급,09:32급,9:30
개화중앙보훈병원,중앙보훈병원김포공항,김포공항중앙보훈병원,중앙보훈병원개화
08:34급,8:43,9:35,09:34급
김포공항중앙보훈병원,중앙보훈병원개화,개화중앙보훈병원,중앙보훈병원김포공항
8:40,08:48급,09:44급,9:42
개화중앙보훈병원,중앙보훈병원김포공항,김포공항중앙보훈병원,중앙보훈병원개화
08:41급,8:50,9:47,09:46급
김포공항중앙보훈병원,중앙보훈병원개화,개화중앙보훈병원,중앙보훈병원김포공항
8:47,08:55급,09:55급,9:54
개화중앙보훈병원,중앙보훈병원김포공항,김포공항중앙보훈병원,중앙보훈병원개화
08:48급,8:57,9:58,09:58급
김포공항중앙보훈병원,중앙보훈병원개화,개화중앙보훈병원,중앙보훈병원김포공항
8:54,-,10:06급,10:06
개화중앙보훈병원,-,김포공항중앙보훈병원,중앙보훈병원개화
08:55급,-,10:09,10:10급
김포공항중앙보훈병원,-,개화중앙보훈병원,중앙보훈병원김포공항
9:00,09:02급,10:17급,10:18
개화중앙보훈병원,중앙보훈병원김포공항,김포공항중앙보훈병원,중앙보훈병원개화
09:02급,9:04,10:20,10:22급
김포공항중앙보훈병원,중앙보훈병원개화,개화중앙보훈병원,중앙보훈병원김포공항
9:07,09:08급,10:28급,10:29
개화중앙보훈병원,중앙보훈병원김포공항,김포공항중앙보훈병원,중앙보훈병원개화
09:09급,9:10,10:31,10:33급
김포공항중앙보훈병원,중앙보훈병원개화,개화중앙보훈병원,중앙보훈병원김포공항
9:14,09:15급,10:39급,10:40
개화중앙보훈병원,중앙보훈병원김포공항,김포공항중앙보훈병원,중앙보훈병원개화
09:15급,9:17,10:42,10:44급
김포공항중앙보훈병원,중앙보훈병원개화,개화중앙보훈병원,중앙보훈병원김포공항
9:21,09:22급,10:50급,10:51
개화중앙보훈병원,중앙보훈병원김포공항,김포공항중앙보훈병원,중앙보훈병원개화
09:26급,9:24,10:53,10:55급
김포공항중앙보훈병원,중앙보훈병원개화,개화중앙보훈병원,중앙보훈병원김포공항
9:30,09:29급,11:01급,11:02
개화중앙보훈병원,중앙보훈병원김포공항,김포공항중앙보훈병원,중앙보훈병원개화
09:37급,9:31,11:04,11:06급
김포공항중앙보훈병원,중앙보훈병원개화,개화중앙보훈병원,중앙보훈병원김포공항
9:41,09:36급,11:12급,11:13
개화중앙보훈병원,중앙보훈병원김포공항,김포공항중앙보훈병원,중앙보훈병원개화
09:48급,9:38,11:15,11:17급
김포공항중앙보훈병원,중앙보훈병원개화,개화중앙보훈병원,중앙보훈병원김포공항
9:52,09:43급,11:23급,11:24
개화중앙보훈병원,중앙보훈병원김포공항,김포공항중앙보훈병원,중앙보훈병원개화
09:59급,9:45,11:26,11:28급
김포공항중앙보훈병원,중앙보훈병원개화,개화중앙보훈병원,중앙보훈병원김포공항
-,09:49급,11:34급,11:35
-,중앙보훈병원김포공항,김포공항중앙보훈병원,중앙보훈병원개화
-,9:51,11:37,11:39급
-,중앙보훈병원개화,개화중앙보훈병원,중앙보훈병원김포공항
-,09:56급,11:45급,11:46
-,중앙보훈병원김포공항,김포공항중앙보훈병원,중앙보훈병원개화
-,9:58,11:48,11:50급
-,중앙보훈병원개화,개화중앙보훈병원,중앙보훈병원김포공항
10:03,10:03급,11:56급,11:57
개화중앙보훈병원,중앙보훈병원김포공항,김포공항중앙보훈병원,중앙보훈병원개화
10:10급,10:05,11:59,-
김포공항중앙보훈병원,중앙보훈병원개화,개화중앙보훈병원,-
10:14,10:10급,12:07급,12:01급
개화중앙보훈병원,중앙보훈병원김포공항,김포공항중앙보훈병원,중앙보훈병원김포공항
10:21급,10:12,12:10,12:08
김포공항중앙보훈병원,중앙보훈병원개화,개화중앙보훈병원,중앙보훈병원개화
10:25,10:17급,12:18급,12:12급
개화중앙보훈병원,중앙보훈병원김포공항,김포공항중앙보훈병원,중앙보훈병원김포공항
10:32급,10:19,12:21,12:19
김포공항중앙보훈병원,중앙보훈병원개화,개화중앙보훈병원,중앙보훈병원개화
10:36,10:25급,12:29급,12:23급
개화중앙보훈병원,중앙보훈병원김포공항,김포공항중앙보훈병원,중앙보훈병원김포공항
10:43급,10:27,12:32,12:30
김포공항중앙보훈병원,중앙보훈병원개화,개화중앙보훈병원,중앙보훈병원개화
10:47,10:33,12:40급,12:34급
개화중앙보훈병원,중앙보훈병원개화,김포공항중앙보훈병원,중앙보훈병원김포공항
10:54급,10:36급,12:43,12:41
김포공항중앙보훈병원,중앙보훈병원김포공항,개화중앙보훈병원,중앙보훈병원개화
10:58,10:41,12:51급,12:45급
개화중앙보훈병원,중앙보훈병원개화,김포공항중앙보훈병원,중앙보훈병원김포공항
-,10:46급,12:54,12:52
-,중앙보훈병원김포공항,개화중앙보훈병원,중앙보훈병원개화
-,10:48,-,12:56급
-,중앙보훈병원개화,-,중앙보훈병원김포공항
-,10:54,13:02급,13:03
-,중앙보훈병원개화,김포공항중앙보훈병원,중앙보훈병원개화
-,10:58급,13:05,13:07급
-,중앙보훈병원김포공항,개화중앙보훈병원,중앙보훈병원김포공항
11:05급,11:06,13:13급,13:14
김포공항중앙보훈병원,중앙보훈병원개화,김포공항중앙보훈병원,중앙보훈병원개화
11:09,11:09급,13:16,13:18급
개화중앙보훈병원,중앙보훈병원김포공항,개화중앙보훈병원,중앙보훈병원김포공항
11:16급,11:17,13:24급,13:25
김포공항중앙보훈병원,중앙보훈병원개화,김포공항중앙보훈병원,중앙보훈병원개화
11:20,11:20급,13:27,13:29급
개화중앙보훈병원,중앙보훈병원김포공항,개화중앙보훈병원,중앙보훈병원김포공항
11:27급,11:28,13:35급,13:36
김포공항중앙보훈병원,중앙보훈병원개화,김포공항중앙보훈병원,중앙보훈병원개화
11:31,11:31급,13:38,13:40급
개화중앙보훈병원,중앙보훈병원김포공항,개화중앙보훈병원,중앙보훈병원김포공항
11:38급,11:39,13:46급,13:47
김포공항중앙보훈병원,중앙보훈병원개화,김포공항중앙보훈병원,중앙보훈병원개화
11:42,11:42급,13:49,13:51급
개화중앙보훈병원,중앙보훈병원김포공항,개화중앙보훈병원,중앙보훈병원김포공항
11:50급,11:50,13:57급,13:58
김포공항중앙보훈병원,중앙보훈병원개화,김포공항중앙보훈병원,중앙보훈병원개화
11:53,11:53급,14:00,14:02급
개화중앙보훈병원,중앙보훈병원김포공항,개화중앙보훈병원,중앙보훈병원김포공항
12:02급,12:01,14:08급,14:09
김포공항중앙보훈병원,중앙보훈병원개화,김포공항중앙보훈병원,중앙보훈병원개화
12:05,12:04급,14:11,14:13급
개화중앙보훈병원,중앙보훈병원김포공항,개화중앙보훈병원,중앙보훈병원김포공항
12:13급,12:12,14:19급,14:20
김포공항중앙보훈병원,중앙보훈병원개화,김포공항중앙보훈병원,중앙보훈병원개화
12:17,12:15급,14:22,14:24급
개화중앙보훈병원,중앙보훈병원김포공항,개화중앙보훈병원,중앙보훈병원김포공항
12:24급,12:23,14:30급,14:31
김포공항중앙보훈병원,중앙보훈병원개화,김포공항중앙보훈병원,중앙보훈병원개화
12:28,12:26급,14:33,14:35급
개화중앙보훈병원,중앙보훈병원김포공항,개화중앙보훈병원,중앙보훈병원김포공항
12:35급,12:34,14:41급,14:42
김포공항중앙보훈병원,중앙보훈병원개화,김포공항중앙보훈병원,중앙보훈병원개화
12:39,12:37급,14:44,14:46급
개화중앙보훈병원,중앙보훈병원김포공항,개화중앙보훈병원,중앙보훈병원김포공항
12:46급,12:45,14:52급,14:53
김포공항중앙보훈병원,중앙보훈병원개화,김포공항중앙보훈병원,중앙보훈병원개화
12:50,12:48급,14:55,14:57급
개화중앙보훈병원,중앙보훈병원김포공항,개화중앙보훈병원,중앙보훈병원김포공항
12:57급,12:56,15:03급,15:04
김포공항중앙보훈병원,중앙보훈병원개화,김포공항중앙보훈병원,중앙보훈병원개화
13:01,13:00급,15:06,15:08급
개화중앙보훈병원,중앙보훈병원김포공항,개화중앙보훈병원,중앙보훈병원김포공항
13:08급,13:08,15:14급,15:15
김포공항중앙보훈병원,중앙보훈병원개화,김포공항중앙보훈병원,중앙보훈병원개화
13:12,13:12급,15:17,15:19급
개화중앙보훈병원,중앙보훈병원김포공항,개화중앙보훈병원,중앙보훈병원김포공항
13:19급,13:20,15:25급,15:26
김포공항중앙보훈병원,중앙보훈병원개화,김포공항중앙보훈병원,중앙보훈병원개화
13:23,13:23급,15:28,15:30급
개화중앙보훈병원,중앙보훈병원김포공항,개화중앙보훈병원,중앙보훈병원김포공항
13:30급,13:31,15:36급,15:37
김포공항중앙보훈병원,중앙보훈병원개화,김포공항중앙보훈병원,중앙보훈병원개화
13:34,13:34급,15:39,15:41급
개화중앙보훈병원,중앙보훈병원김포공항,개화중앙보훈병원,중앙보훈병원김포공항
13:41급,13:42,15:47급,15:48
김포공항중앙보훈병원,중앙보훈병원개화,김포공항중앙보훈병원,중앙보훈병원개화
13:45,13:45급,15:50,15:52급
개화중앙보훈병원,중앙보훈병원김포공항,개화중앙보훈병원,중앙보훈병원김포공항
13:52급,13:53,15:58급,15:59
김포공항중앙보훈병원,중앙보훈병원개화,김포공항중앙보훈병원,중앙보훈병원개화
13:56,13:56급,16:01,16:03급
개화중앙보훈병원,중앙보훈병원김포공항,개화중앙보훈병원,중앙보훈병원김포공항
14:03급,14:04,16:09급,16:10
김포공항중앙보훈병원,중앙보훈병원개화,김포공항중앙보훈병원,중앙보훈병원개화
14:07,14:07급,16:12,16:14급
개화중앙보훈병원,중앙보훈병원김포공항,개화중앙보훈병원,중앙보훈병원김포공항
14:14급,14:15,16:20급,16:21
김포공항중앙보훈병원,중앙보훈병원개화,김포공항중앙보훈병원,중앙보훈병원개화
14:18,14:18급,16:23,16:25급
개화중앙보훈병원,중앙보훈병원김포공항,개화중앙보훈병원,중앙보훈병원김포공항
14:25급,14:26,16:31급,16:32
김포공항중앙보훈병원,중앙보훈병원개화,김포공항중앙보훈병원,중앙보훈병원개화
14:29,14:29급,16:34,16:36급
개화중앙보훈병원,중앙보훈병원김포공항,개화중앙보훈병원,중앙보훈병원김포공항
14:37급,14:37,16:42급,16:43
김포공항중앙보훈병원,중앙보훈병원개화,김포공항중앙보훈병원,중앙보훈병원개화
14:40,14:40급,16:45,16:47급
개화중앙보훈병원,중앙보훈병원김포공항,개화중앙보훈병원,중앙보훈병원김포공항
14:49급,14:48,16:53급,16:54
김포공항중앙보훈병원,중앙보훈병원개화,김포공항중앙보훈병원,중앙보훈병원개화
14:52,14:51급,16:56,16:58급
개화중앙보훈병원,중앙보훈병원김포공항,개화중앙보훈병원,중앙보훈병원김포공항
-,14:59,17:04급,17:05
-,중앙보훈병원개화,김포공항중앙보훈병원,중앙보훈병원개화
15:01급,15:02급,17:07,17:09급
김포공항중앙보훈병원,중앙보훈병원김포공항,개화중앙보훈병원,중앙보훈병원김포공항
15:04,15:10,17:15급,17:16
개화중앙보훈병원,중앙보훈병원개화,김포공항중앙보훈병원,중앙보훈병원개화
15:11급,15:13급,17:18,17:20급
김포공항중앙보훈병원,중앙보훈병원김포공항,개화중앙보훈병원,중앙보훈병원김포공항
15:15,15:21,17:26급,17:27
개화중앙보훈병원,중앙보훈병원개화,김포공항중앙보훈병원,중앙보훈병원개화
15:22급,15:24급,17:29,17:31급
김포공항중앙보훈병원,중앙보훈병원김포공항,개화중앙보훈병원,중앙보훈병원김포공항
15:26,15:32,17:37급,17:38
개화중앙보훈병원,중앙보훈병원개화,김포공항중앙보훈병원,중앙보훈병원개화
15:33급,15:35급,17:40,17:42급
김포공항중앙보훈병원,중앙보훈병원김포공항,개화중앙보훈병원,중앙보훈병원김포공항
15:37,15:43,17:48급,17:49
개화중앙보훈병원,중앙보훈병원개화,김포공항중앙보훈병원,중앙보훈병원개화
15:44급,15:47급,17:51,17:53급
김포공항중앙보훈병원,중앙보훈병원김포공항,개화중앙보훈병원,중앙보훈병원김포공항
15:48,15:55,17:59급,-
개화중앙보훈병원,중앙보훈병원개화,김포공항중앙보훈병원,-
15:55급,15:59급,18:02,18:00
김포공항중앙보훈병원,중앙보훈병원김포공항,개화중앙보훈병원,중앙보훈병원개화
15:59,-,18:10급,18:04급
개화중앙보훈병원,-,김포공항중앙보훈병원,중앙보훈병원김포공항
16:06급,16:07,18:13,18:11
김포공항중앙보훈병원,중앙보훈병원개화,개화중앙보훈병원,중앙보훈병원개화
16:10,16:10급,18:21급,18:15급
개화중앙보훈병원,중앙보훈병원김포공항,김포공항중앙보훈병원,중앙보훈병원김포공항
16:17급,16:18,18:24,18:22
김포공항중앙보훈병원,중앙보훈병원개화,개화중앙보훈병원,중앙보훈병원개화
16:21,16:21급,18:32급,18:26급
개화중앙보훈병원,중앙보훈병원김포공항,김포공항중앙보훈병원,중앙보훈병원김포공항
16:28급,16:29,18:35,18:33
김포공항중앙보훈병원,중앙보훈병원개화,개화중앙보훈병원,중앙보훈병원개화
16:32,16:32급,18:43급,18:37급
개화중앙보훈병원,중앙보훈병원김포공항,김포공항중앙보훈병원,중앙보훈병원김포공항
16:38,16:40,18:46,18:44
개화중앙보훈병원,중앙보훈병원개화,개화중앙보훈병원,중앙보훈병원개화
16:39급,16:43급,18:54급,18:48급
김포공항중앙보훈병원,중앙보훈병원김포공항,김포공항중앙보훈병원,중앙보훈병원김포공항
16:43,16:51,18:57,18:55
개화중앙보훈병원,중앙보훈병원개화,개화중앙보훈병원,중앙보훈병원개화
16:50급,16:54급,-,18:59급
김포공항중앙보훈병원,중앙보훈병원김포공항,-,중앙보훈병원김포공항
16:54,-,19:05급,19:06
개화중앙보훈병원,-,김포공항중앙보훈병원,중앙보훈병원개화
17:01급,17:02,19:08,19:10급
김포공항중앙보훈병원,중앙보훈병원개화,개화중앙보훈병원,중앙보훈병원김포공항
17:05,17:05급,19:16급,19:17
개화중앙보훈병원,중앙보훈병원김포공항,김포공항중앙보훈병원,중앙보훈병원개화
17:10,17:13,19:19,19:21급
개화중앙보훈병원,중앙보훈병원개화,개화중앙보훈병원,중앙보훈병원김포공항
17:12급,17:16급,19:27급,19:28
김포공항중앙보훈병원,중앙보훈병원김포공항,김포공항중앙보훈병원,중앙보훈병원개화
17:18,17:24,19:30,19:32급
개화중앙보훈병원,중앙보훈병원개화,개화중앙보훈병원,중앙보훈병원김포공항
17:20급,17:27급,19:38급,19:39
김포공항중앙보훈병원,중앙보훈병원김포공항,김포공항중앙보훈병원,중앙보훈병원개화
17:27,17:35,19:41,19:43급
개화중앙보훈병원,중앙보훈병원개화,개화중앙보훈병원,중앙보훈병원김포공항
17:28급,17:38급,19:49급,19:50
김포공항중앙보훈병원,중앙보훈병원김포공항,김포공항중앙보훈병원,중앙보훈병원개화
17:34,17:46,19:52,19:54급
개화중앙보훈병원,중앙보훈병원개화,개화중앙보훈병원,중앙보훈병원김포공항
17:35급,17:49급,20:00급,20:01
김포공항중앙보훈병원,중앙보훈병원김포공항,김포공항중앙보훈병원,중앙보훈병원개화
17:41,17:57,20:03,20:05급
개화중앙보훈병원,중앙보훈병원개화,개화중앙보훈병원,중앙보훈병원김포공항
17:42급,-,20:11급,20:12
김포공항중앙보훈병원,-,김포공항중앙보훈병원,중앙보훈병원개화
17:48,-,20:14,20:16급
개화중앙보훈병원,-,개화중앙보훈병원,중앙보훈병원김포공항
17:49급,-,20:22급,20:23
김포공항중앙보훈병원,-,김포공항중앙보훈병원,중앙보훈병원개화
17:55,-,20:25,20:27급
개화중앙보훈병원,-,개화중앙보훈병원,중앙보훈병원김포공항
17:57급,-,20:33급,20:34
김포공항중앙보훈병원,-,김포공항중앙보훈병원,중앙보훈병원개화
18:03,18:00급,20:36,20:38급
개화중앙보훈병원,중앙보훈병원김포공항,개화중앙보훈병원,중앙보훈병원김포공항
18:04급,18:04,20:45급,20:45
김포공항중앙보훈병원,중앙보훈병원개화,김포공항중앙보훈병원,중앙보훈병원개화
18:10,18:11급,20:48,20:49급
개화중앙보훈병원,중앙보훈병원김포공항,개화중앙보훈병원,중앙보훈병원김포공항
18:11급,18:13,20:57급,20:56
김포공항중앙보훈병원,중앙보훈병원개화,김포공항중앙보훈병원,중앙보훈병원개화
18:17,18:19급,21:00,21:00급
개화중앙보훈병원,중앙보훈병원김포공항,개화중앙보훈병원,중앙보훈병원김포공항
18:18급,18:21,21:09급,21:07
김포공항중앙보훈병원,중앙보훈병원개화,김포공항중앙보훈병원,중앙보훈병원개화
18:24,18:27급,21:12,21:11급
개화중앙보훈병원,중앙보훈병원김포공항,개화중앙보훈병원,중앙보훈병원김포공항
18:25급,18:29,21:21급,21:18
김포공항중앙보훈병원,중앙보훈병원개화,김포공항중앙보훈병원,중앙보훈병원개화
18:31,18:35급,21:24,21:22급
개화중앙보훈병원,중앙보훈병원김포공항,개화중앙보훈병원,중앙보훈병원김포공항
18:32급,18:37,21:33급,21:29
김포공항중앙보훈병원,중앙보훈병원개화,김포공항중앙보훈병원,중앙보훈병원개화
18:38,18:43급,21:36,21:33급
개화중앙보훈병원,중앙보훈병원김포공항,개화중앙보훈병원,중앙보훈병원김포공항
18:40급,18:45,21:45급,21:40
김포공항중앙보훈병원,중앙보훈병원개화,김포공항중앙보훈병원,중앙보훈병원개화
18:46,18:50급,21:48,21:44급
개화중앙보훈병원,중앙보훈병원김포공항,개화중앙보훈병원,중앙보훈병원김포공항
18:47급,18:52,21:57급,21:52
김포공항중앙보훈병원,중앙보훈병원개화,김포공항중앙보훈병원,중앙보훈병원개화
18:53,18:57급,-,21:56급
개화중앙보훈병원,중앙보훈병원김포공항,-,중앙보훈병원김포공항
18:54급,18:59,22:00,22:04
김포공항중앙보훈병원,중앙보훈병원개화,개화중앙보훈병원,중앙보훈병원개화
19:00,19:05급,22:09급,22:08급
개화중앙보훈병원,중앙보훈병원김포공항,김포공항중앙보훈병원,중앙보훈병원김포공항
19:01급,19:07,22:12,22:16
김포공항중앙보훈병원,중앙보훈병원개화,개화중앙보훈병원,중앙보훈병원개화
19:07,19:12급,22:21급,22:20급
개화중앙보훈병원,중앙보훈병원김포공항,김포공항중앙보훈병원,중앙보훈병원김포공항
19:08급,19:14,22:24,22:28
김포공항중앙보훈병원,중앙보훈병원개화,개화중앙보훈병원,중앙보훈병원개화
19:14,19:19급,22:34급,22:32급
개화중앙보훈병원,중앙보훈병원김포공항,김포공항중앙보훈병원,중앙보훈병원김포공항
19:15급,19:21,22:37,22:40
김포공항중앙보훈병원,중앙보훈병원개화,개화중앙보훈병원,중앙보훈병원개화
19:21,19:26급,22:47급,22:44급
개화중앙보훈병원,중앙보훈병원김포공항,김포공항중앙보훈병원,중앙보훈병원김포공항
19:23급,19:28,22:50,22:52
김포공항중앙보훈병원,중앙보훈병원개화,개화중앙보훈병원,중앙보훈병원개화
19:29,19:33급,-,22:56급
개화중앙보훈병원,중앙보훈병원김포공항,-,중앙보훈병원김포공항
19:30급,19:35,23:00급막,23:05
김포공항중앙보훈병원,중앙보훈병원개화,김포공항중앙보훈병원,중앙보훈병원개화
19:36,19:40급,23:03,23:09급
개화중앙보훈병원,중앙보훈병원김포공항,개화중앙보훈병원,중앙보훈병원김포공항
19:37급,19:42,23:13,23:18막
김포공항중앙보훈병원,중앙보훈병원개화,개화중앙보훈병원,중앙보훈병원개화
19:44,19:48급,23:24,23:22급
개화중앙보훈병원,중앙보훈병원김포공항,개화중앙보훈병원,중앙보훈병원김포공항
19:46급,19:50,23:37막,23:31막
김포공항중앙보훈병원,중앙보훈병원개화,개화중앙보훈병원,중앙보훈병원염창
19:53,19:55급,23:50막,23:35급막
개화중앙보훈병원,중앙보훈병원김포공항,개화신논현,중앙보훈병원김포공항
19:55급,19:57,-,23:44막
김포공항중앙보훈병원,중앙보훈병원개화,-,중앙보훈병원여의도
20:01,20:02급,-,23:55막
개화중앙보훈병원,중앙보훈병원김포공항,-,중앙보훈병원동작
20:06급,20:04,-,-
김포공항중앙보훈병원,중앙보훈병원개화,-,-
20:10,20:09급,-,-
개화중앙보훈병원,중앙보훈병원김포공항,-,-
20:17급,20:11,-,-
김포공항중앙보훈병원,중앙보훈병원개화,-,-
20:21,20:16급,-,-
개화중앙보훈병원,중앙보훈병원김포공항,-,-
20:28급,20:18,-,-
김포공항중앙보훈병원,중앙보훈병원개화,-,-
20:32,20:23급,-,-
개화중앙보훈병원,중앙보훈병원김포공항,-,-
20:39급,20:25,-,-
김포공항중앙보훈병원,중앙보훈병원개화,-,-
20:43,20:31급,-,-
개화중앙보훈병원,중앙보훈병원김포공항,-,-
20:50급,20:33,-,-
김포공항중앙보훈병원,중앙보훈병원개화,-,-
20:54,20:38급,-,-
개화중앙보훈병원,중앙보훈병원김포공항,-,-
-,20:40,-,-
-,중앙보훈병원개화,-,-
-,20:45급,-,-
-,중앙보훈병원김포공항,-,-
-,20:47,-,-
-,중앙보훈병원개화,-,-
-,20:55급,-,-
-,중앙보훈병원김포공항,-,-
-,20:57,-,-
-,중앙보훈병원개화,-,-
21:01급,21:03,-,-
김포공항중앙보훈병원,중앙보훈병원개화,-,-
21:05,21:06급,-,-
개화중앙보훈병원,중앙보훈병원김포공항,-,-
21:12급,21:10,-,-
김포공항중앙보훈병원,중앙보훈병원개화,-,-
21:16,21:14,-,-
개화중앙보훈병원,중앙보훈병원개화,-,-
21:23급,21:17급,-,-
김포공항중앙보훈병원,중앙보훈병원김포공항,-,-
21:27,21:25,-,-
개화중앙보훈병원,중앙보훈병원개화,-,-
21:34급,21:28급,-,-
김포공항중앙보훈병원,중앙보훈병원김포공항,-,-
21:38,21:36,-,-
개화중앙보훈병원,중앙보훈병원개화,-,-
21:45급,21:39급,-,-
김포공항중앙보훈병원,중앙보훈병원김포공항,-,-
21:49,21:47,-,-
개화중앙보훈병원,중앙보훈병원개화,-,-
21:56급,21:50급,-,-
김포공항중앙보훈병원,중앙보훈병원김포공항,-,-
-,21:58,-,-
-,중앙보훈병원개화,-,-
22:00,22:01급,-,-
개화중앙보훈병원,중앙보훈병원김포공항,-,-
22:07급,22:09,-,-
김포공항중앙보훈병원,중앙보훈병원개화,-,-
22:11,22:12급,-,-
개화중앙보훈병원,중앙보훈병원김포공항,-,-
22:18급,22:20,-,-
김포공항중앙보훈병원,중앙보훈병원개화,-,-
22:22,22:23급,-,-
개화중앙보훈병원,중앙보훈병원김포공항,-,-
22:29급,22:31,-,-
김포공항중앙보훈병원,중앙보훈병원개화,-,-
22:33,22:34급,-,-
개화중앙보훈병원,중앙보훈병원김포공항,-,-
22:40급,22:41,-,-
김포공항중앙보훈병원,중앙보훈병원개화,-,-
22:44,22:44급,-,-
개화중앙보훈병원,중앙보훈병원김포공항,-,-
22:51급,22:52,-,-
김포공항중앙보훈병원,중앙보훈병원개화,-,-
22:55,22:55급,-,-
개화중앙보훈병원,중앙보훈병원김포공항,-,-
23:02급,23:03,-,-
김포공항중앙보훈병원,중앙보훈병원개화,-,-
23:06,23:06급,-,-
개화중앙보훈병원,중앙보훈병원김포공항,-,-
23:13급,23:14,-,-
김포공항중앙보훈병원,중앙보훈병원개화,-,-
23:17,23:17급,-,-
개화중앙보훈병원,중앙보훈병원김포공항,-,-
23:24급,23:25,-,-
김포공항중앙보훈병원,중앙보훈병원개화,-,-
23:28,23:28급,-,-
개화중앙보훈병원,중앙보훈병원김포공항,-,-
23:35급,23:36,-,-
김포공항중앙보훈병원,중앙보훈병원개화,-,-
23:39,23:39급,-,-
개화중앙보훈병원,중앙보훈병원김포공항,-,-
23:46급,23:47,-,-
김포공항중앙보훈병원,중앙보훈병원개화,-,-
23:50,23:50급,-,-
개화중앙보훈병원,중앙보훈병원김포공항,-,-
23:57급막,23:58,-,-
김포공항중앙보훈병원,중앙보훈병원개화,-,-
0:01,00:01급,-,-
개화중앙보훈병원,중앙보훈병원김포공항,-,-
0:10,00:09막,-,-
개화중앙보훈병원,중앙보훈병원개화,-,-
0:16,00:12급,-,-
개화중앙보훈병원,중앙보훈병원김포공항,-,-
00:29막,00:20막,-,-
개화중앙보훈병원,중앙보훈병원마곡나루,-,-
00:41막,00:23급,-,-
개화삼전,중앙보훈병원김포공항,-,-
00:53막,00:31막,-,-
개화신논현,중앙보훈병원염창,-,-
-,00:34급막,-,-
-,중앙보훈병원김포공항,-,-
-,00:42막,-,-
-,중앙보훈병원여의도,-,-
-,00:52막,-,-
-,중앙보훈병원동작,-,-
