﻿노들방면,샛강방면,노들방면,샛강방면,,,
평일,평일,주말,주말,,,
05:34첫,05:36첫,05:34첫,05:36첫,,,
여의도중앙보훈병원,동작개화,여의도중앙보훈병원,동작개화,,,
05:37급첫,5:47,05:37급첫,5:46,,,
당산중앙보훈병원,신논현개화,당산중앙보훈병원,신논현개화,,,
5:47,-,5:45,-,,,
염창중앙보훈병원,-,염창중앙보훈병원,-,,,
05:52급,-,05:50급,-,,,
김포공항중앙보훈병원,-,김포공항중앙보훈병원,-,,,
5:59,-,5:58,-,,,
마곡나루중앙보훈병원,-,마곡나루중앙보훈병원,-,,,
06:03급,6:00,06:02급,6:00,,,
김포공항중앙보훈병원,삼전개화,김포공항중앙보훈병원,삼전개화,,,
6:10,6:15,6:09,6:17,,,
개화중앙보훈병원,중앙보훈병원개화,개화중앙보훈병원,중앙보훈병원개화,,,
06:14급,06:24급첫,06:12급,06:27급첫,,,
김포공항중앙보훈병원,중앙보훈병원김포공항,김포공항중앙보훈병원,중앙보훈병원김포공항,,,
6:22,6:30,6:21,6:30,,,
개화중앙보훈병원,중앙보훈병원개화,개화중앙보훈병원,중앙보훈병원개화,,,
06:26급,06:38급,06:25급,06:40급,,,
김포공항중앙보훈병원,중앙보훈병원김포공항,김포공항중앙보훈병원,중앙보훈병원김포공항,,,
6:34,6:43,6:33,6:43,,,
개화중앙보훈병원,중앙보훈병원개화,개화중앙보훈병원,중앙보훈병원개화,,,
06:38급,06:51급,06:37급,06:53급,,,
김포공항중앙보훈병원,중앙보훈병원김포공항,김포공항중앙보훈병원,중앙보훈병원김포공항,,,
6:46,6:56,6:45,6:56,,,
개화중앙보훈병원,중앙보훈병원개화,개화중앙보훈병원,중앙보훈병원개화,,,
06:50급,-,06:49급,-,,,
김포공항중앙보훈병원,-,김포공항중앙보훈병원,-,,,
6:55,-,6:57,-,,,
개화중앙보훈병원,-,개화중앙보훈병원,-,,,
07:02급,07:04급,07:01급,07:05급,,,
김포공항중앙보훈병원,중앙보훈병원김포공항,김포공항중앙보훈병원,중앙보훈병원김포공항,,,
7:04,7:09,7:09,7:08,,,
개화중앙보훈병원,중앙보훈병원개화,개화중앙보훈병원,중앙보훈병원개화,,,
07:10급,07:17급,07:13급,07:17급,,,
김포공항중앙보훈병원,중앙보훈병원김포공항,김포공항중앙보훈병원,중앙보훈병원김포공항,,,
7:12,7:22,7:21,7:20,,,
개화중앙보훈병원,중앙보훈병원개화,개화중앙보훈병원,중앙보훈병원개화,,,
07:17급,07:30급,07:25급,07:29급,,,
김포공항중앙보훈병원,중앙보훈병원김포공항,김포공항중앙보훈병원,중앙보훈병원김포공항,,,
7:19,7:35,7:33,7:32,,,
개화중앙보훈병원,중앙보훈병원개화,개화중앙보훈병원,중앙보훈병원개화,,,
07:24급,07:41급,07:37급,07:41급,,,
김포공항중앙보훈병원,중앙보훈병원김포공항,김포공항중앙보훈병원,중앙보훈병원김포공항,,,
7:26,7:44,7:45,7:44,,,
개화중앙보훈병원,중앙보훈병원개화,개화중앙보훈병원,중앙보훈병원개화,,,
07:31급,07:53급,07:49급,07:53급,,,
김포공항중앙보훈병원,중앙보훈병원김포공항,김포공항중앙보훈병원,중앙보훈병원김포공항,,,
7:32,7:56,7:57,7:56,,,
개화중앙보훈병원,중앙보훈병원개화,개화중앙보훈병원,중앙보훈병원개화,,,
07:37급,-,08:01급,08:05급,,,
김포공항중앙보훈병원,-,김포공항중앙보훈병원,중앙보훈병원김포공항,,,
7:39,-,8:09,8:08,,,
개화중앙보훈병원,-,개화중앙보훈병원,중앙보훈병원개화,,,
07:44급,-,08:13급,08:17급,,,
김포공항중앙보훈병원,-,김포공항중앙보훈병원,중앙보훈병원김포공항,,,
7:46,-,8:21,8:20,,,
개화중앙보훈병원,-,개화중앙보훈병원,중앙보훈병원개화,,,
07:51급,-,08:25급,08:29급,,,
김포공항중앙보훈병원,-,김포공항중앙보훈병원,중앙보훈병원김포공항,,,
7:53,-,8:33,8:32,,,
개화중앙보훈병원,-,개화중앙보훈병원,중앙보훈병원개화,,,
07:58급,-,08:37급,08:41급,,,
김포공항중앙보훈병원,-,김포공항중앙보훈병원,중앙보훈병원김포공항,,,
8:00,08:05급,8:45,8:44,,,
개화중앙보훈병원,중앙보훈병원김포공항,개화중앙보훈병원,중앙보훈병원개화,,,
08:05급,8:08,08:49급,08:53급,,,
김포공항중앙보훈병원,중앙보훈병원개화,김포공항중앙보훈병원,중앙보훈병원김포공항,,,
8:07,8:14,8:57,8:56,,,
개화중앙보훈병원,중앙보훈병원개화,개화중앙보훈병원,중앙보훈병원개화,,,
08:12급,08:16급,09:01급,09:05급,,,
김포공항중앙보훈병원,중앙보훈병원김포공항,김포공항중앙보훈병원,중앙보훈병원김포공항,,,
8:13,8:22,9:09,9:08,,,
개화중앙보훈병원,중앙보훈병원개화,개화중앙보훈병원,중앙보훈병원개화,,,
08:18급,08:24급,09:13급,09:17급,,,
김포공항중앙보훈병원,중앙보훈병원김포공항,김포공항중앙보훈병원,중앙보훈병원김포공항,,,
8:20,8:31,9:21,9:20,,,
개화중앙보훈병원,중앙보훈병원개화,개화중앙보훈병원,중앙보훈병원개화,,,
08:25급,08:33급,09:25급,09:29급,,,
김포공항중앙보훈병원,중앙보훈병원김포공항,김포공항중앙보훈병원,중앙보훈병원김포공항,,,
8:27,8:40,9:33,9:32,,,
개화중앙보훈병원,중앙보훈병원개화,개화중앙보훈병원,중앙보훈병원개화,,,
08:32급,08:42급,09:36급,09:41급,,,
김포공항중앙보훈병원,중앙보훈병원김포공항,김포공항중앙보훈병원,중앙보훈병원김포공항,,,
8:34,8:48,9:44,9:44,,,
개화중앙보훈병원,중앙보훈병원개화,개화중앙보훈병원,중앙보훈병원개화,,,
08:39급,08:50급,09:47급,09:53급,,,
김포공항중앙보훈병원,중앙보훈병원김포공항,김포공항중앙보훈병원,중앙보훈병원김포공항,,,
8:41,8:56,9:55,9:56,,,
개화중앙보훈병원,중앙보훈병원개화,개화중앙보훈병원,중앙보훈병원개화,,,
08:46급,08:57급,09:58급,-,,,
김포공항중앙보훈병원,중앙보훈병원김포공항,김포공항중앙보훈병원,-,,,
8:48,-,10:06,10:05급,,,
개화중앙보훈병원,-,개화중앙보훈병원,중앙보훈병원김포공항,,,
08:53급,-,10:09급,10:08,,,
김포공항중앙보훈병원,-,김포공항중앙보훈병원,중앙보훈병원개화,,,
8:54,-,10:17,10:17급,,,
개화중앙보훈병원,-,개화중앙보훈병원,중앙보훈병원김포공항,,,
08:59급,-,10:20급,10:20,,,
김포공항중앙보훈병원,-,김포공항중앙보훈병원,중앙보훈병원개화,,,
9:01,9:03,10:28,10:29급,,,
개화중앙보훈병원,중앙보훈병원개화,개화중앙보훈병원,중앙보훈병원김포공항,,,
09:07급,09:04급,10:31급,10:32,,,
김포공항중앙보훈병원,중앙보훈병원김포공항,김포공항중앙보훈병원,중앙보훈병원개화,,,
9:08,9:09,10:39,10:40급,,,
개화중앙보훈병원,중앙보훈병원개화,개화중앙보훈병원,중앙보훈병원김포공항,,,
9:15,09:11급,10:42급,10:43,,,
개화중앙보훈병원,중앙보훈병원김포공항,김포공항중앙보훈병원,중앙보훈병원개화,,,
09:18급,9:16,10:50,10:51급,,,
김포공항중앙보훈병원,중앙보훈병원개화,개화중앙보훈병원,중앙보훈병원김포공항,,,
9:26,09:18급,10:53급,10:54,,,
개화중앙보훈병원,중앙보훈병원김포공항,김포공항중앙보훈병원,중앙보훈병원개화,,,
09:29급,9:23,11:01,11:02급,,,
김포공항중앙보훈병원,중앙보훈병원개화,개화중앙보훈병원,중앙보훈병원김포공항,,,
9:37,09:25급,11:04급,11:05,,,
개화중앙보훈병원,중앙보훈병원김포공항,김포공항중앙보훈병원,중앙보훈병원개화,,,
09:40급,9:30,11:12,11:13급,,,
김포공항중앙보훈병원,중앙보훈병원개화,개화중앙보훈병원,중앙보훈병원김포공항,,,
9:48,09:31급,11:15급,11:16,,,
개화중앙보훈병원,중앙보훈병원김포공항,김포공항중앙보훈병원,중앙보훈병원개화,,,
09:51급,9:37,11:23,11:24급,,,
김포공항중앙보훈병원,중앙보훈병원개화,개화중앙보훈병원,중앙보훈병원김포공항,,,
9:59,09:38급,11:26급,11:27,,,
개화중앙보훈병원,중앙보훈병원김포공항,김포공항중앙보훈병원,중앙보훈병원개화,,,
-,9:44,11:34,11:35급,,,
-,중앙보훈병원개화,개화중앙보훈병원,중앙보훈병원김포공항,,,
-,09:45급,11:37급,11:38,,,
-,중앙보훈병원김포공항,김포공항중앙보훈병원,중앙보훈병원개화,,,
-,9:50,11:45,11:46급,,,
-,중앙보훈병원개화,개화중앙보훈병원,중앙보훈병원김포공항,,,
-,09:52급,11:48급,11:49,,,
-,중앙보훈병원김포공항,김포공항중앙보훈병원,중앙보훈병원개화,,,
-,9:57,11:56,11:57급,,,
-,중앙보훈병원개화,개화중앙보훈병원,중앙보훈병원김포공항,,,
-,09:59급,11:59급,-,,,
-,중앙보훈병원김포공항,김포공항중앙보훈병원,-,,,
10:02급,10:04,12:07,12:00,,,
김포공항중앙보훈병원,중앙보훈병원개화,개화중앙보훈병원,중앙보훈병원개화,,,
10:10,10:06급,12:10급,12:08급,,,
개화중앙보훈병원,중앙보훈병원김포공항,김포공항중앙보훈병원,중앙보훈병원김포공항,,,
10:13급,10:11,12:18,12:11,,,
김포공항중앙보훈병원,중앙보훈병원개화,개화중앙보훈병원,중앙보훈병원개화,,,
10:21,10:12급,12:21급,12:19급,,,
개화중앙보훈병원,중앙보훈병원김포공항,김포공항중앙보훈병원,중앙보훈병원김포공항,,,
10:24급,10:18,12:29,12:22,,,
김포공항중앙보훈병원,중앙보훈병원개화,개화중앙보훈병원,중앙보훈병원개화,,,
10:32,10:19급,12:32급,12:30급,,,
개화중앙보훈병원,중앙보훈병원김포공항,김포공항중앙보훈병원,중앙보훈병원김포공항,,,
10:35급,10:25,12:40,12:33,,,
김포공항중앙보훈병원,중앙보훈병원개화,개화중앙보훈병원,중앙보훈병원개화,,,
10:43,10:26급,12:43급,12:41급,,,
개화중앙보훈병원,중앙보훈병원김포공항,김포공항중앙보훈병원,중앙보훈병원김포공항,,,
10:46급,10:31,12:51,12:44,,,
김포공항중앙보훈병원,중앙보훈병원개화,개화중앙보훈병원,중앙보훈병원개화,,,
10:54,10:33급,12:54급,12:52급,,,
개화중앙보훈병원,중앙보훈병원김포공항,김포공항중앙보훈병원,중앙보훈병원김포공항,,,
10:57급,10:39,-,12:55,,,
김포공항중앙보훈병원,중앙보훈병원개화,-,중앙보훈병원개화,,,
-,10:44급,13:02,13:03급,,,
-,중앙보훈병원김포공항,개화중앙보훈병원,중앙보훈병원김포공항,,,
-,10:48,13:05급,13:06,,,
-,중앙보훈병원개화,김포공항중앙보훈병원,중앙보훈병원개화,,,
-,10:53,13:13,13:14급,,,
-,중앙보훈병원개화,개화중앙보훈병원,중앙보훈병원김포공항,,,
-,10:55급,13:16급,13:17,,,
-,중앙보훈병원김포공항,김포공항중앙보훈병원,중앙보훈병원개화,,,
11:05,11:01,13:24,13:25급,,,
개화중앙보훈병원,중앙보훈병원개화,개화중앙보훈병원,중앙보훈병원김포공항,,,
11:08급,11:06급,13:27급,13:28,,,
김포공항중앙보훈병원,중앙보훈병원김포공항,김포공항중앙보훈병원,중앙보훈병원개화,,,
11:16,11:09,13:35,13:36급,,,
개화중앙보훈병원,중앙보훈병원개화,개화중앙보훈병원,중앙보훈병원김포공항,,,
11:19급,11:17급,13:38급,13:39,,,
김포공항중앙보훈병원,중앙보훈병원김포공항,김포공항중앙보훈병원,중앙보훈병원개화,,,
11:27,11:21,13:46,13:47급,,,
개화중앙보훈병원,중앙보훈병원개화,개화중앙보훈병원,중앙보훈병원김포공항,,,
11:30급,11:28급,13:49급,13:50,,,
김포공항중앙보훈병원,중앙보훈병원김포공항,김포공항중앙보훈병원,중앙보훈병원개화,,,
11:38,11:32,13:57,13:58급,,,
개화중앙보훈병원,중앙보훈병원개화,개화중앙보훈병원,중앙보훈병원김포공항,,,
11:42급,11:39급,14:00급,14:01,,,
김포공항중앙보훈병원,중앙보훈병원김포공항,김포공항중앙보훈병원,중앙보훈병원개화,,,
11:50,11:43,14:08,14:09급,,,
개화중앙보훈병원,중앙보훈병원개화,개화중앙보훈병원,중앙보훈병원김포공항,,,
11:54급,11:50급,14:11급,14:12,,,
김포공항중앙보훈병원,중앙보훈병원김포공항,김포공항중앙보훈병원,중앙보훈병원개화,,,
-,11:54,14:19,14:20급,,,
-,중앙보훈병원개화,개화중앙보훈병원,중앙보훈병원김포공항,,,
12:02,12:01급,14:22급,14:23,,,
개화중앙보훈병원,중앙보훈병원김포공항,김포공항중앙보훈병원,중앙보훈병원개화,,,
12:05급,12:05,14:30,14:31급,,,
김포공항중앙보훈병원,중앙보훈병원개화,개화중앙보훈병원,중앙보훈병원김포공항,,,
12:13,12:12급,14:33급,14:34,,,
개화중앙보훈병원,중앙보훈병원김포공항,김포공항중앙보훈병원,중앙보훈병원개화,,,
12:16급,12:16,14:41,14:42급,,,
김포공항중앙보훈병원,중앙보훈병원개화,개화중앙보훈병원,중앙보훈병원김포공항,,,
12:24,12:23급,14:44급,14:45,,,
개화중앙보훈병원,중앙보훈병원김포공항,김포공항중앙보훈병원,중앙보훈병원개화,,,
12:27급,12:27,14:52,14:53급,,,
김포공항중앙보훈병원,중앙보훈병원개화,개화중앙보훈병원,중앙보훈병원김포공항,,,
12:35,12:34급,14:55급,14:56,,,
개화중앙보훈병원,중앙보훈병원김포공항,김포공항중앙보훈병원,중앙보훈병원개화,,,
12:38급,12:38,15:03,15:04급,,,
김포공항중앙보훈병원,중앙보훈병원개화,개화중앙보훈병원,중앙보훈병원김포공항,,,
12:46,12:45급,15:06급,15:07,,,
개화중앙보훈병원,중앙보훈병원김포공항,김포공항중앙보훈병원,중앙보훈병원개화,,,
12:49급,12:49,15:14,15:15급,,,
김포공항중앙보훈병원,중앙보훈병원개화,개화중앙보훈병원,중앙보훈병원김포공항,,,
12:57,12:56급,15:17급,15:18,,,
개화중앙보훈병원,중앙보훈병원김포공항,김포공항중앙보훈병원,중앙보훈병원개화,,,
13:00급,13:00,15:25,15:26급,,,
김포공항중앙보훈병원,중앙보훈병원개화,개화중앙보훈병원,중앙보훈병원김포공항,,,
13:08,13:08급,15:28급,15:29,,,
개화중앙보훈병원,중앙보훈병원김포공항,김포공항중앙보훈병원,중앙보훈병원개화,,,
13:11급,13:11,15:36,15:37급,,,
김포공항중앙보훈병원,중앙보훈병원개화,개화중앙보훈병원,중앙보훈병원김포공항,,,
13:19,13:20급,15:39급,15:40,,,
개화중앙보훈병원,중앙보훈병원김포공항,김포공항중앙보훈병원,중앙보훈병원개화,,,
13:22급,13:23,15:47,15:48급,,,
김포공항중앙보훈병원,중앙보훈병원개화,개화중앙보훈병원,중앙보훈병원김포공항,,,
13:30,13:31급,15:50급,15:51,,,
개화중앙보훈병원,중앙보훈병원김포공항,김포공항중앙보훈병원,중앙보훈병원개화,,,
13:33급,13:35,15:58,15:59급,,,
김포공항중앙보훈병원,중앙보훈병원개화,개화중앙보훈병원,중앙보훈병원김포공항,,,
13:41,13:42급,16:01급,16:02,,,
개화중앙보훈병원,중앙보훈병원김포공항,김포공항중앙보훈병원,중앙보훈병원개화,,,
13:44급,13:46,16:09,16:10급,,,
김포공항중앙보훈병원,중앙보훈병원개화,개화중앙보훈병원,중앙보훈병원김포공항,,,
13:52,13:53급,16:12급,16:13,,,
개화중앙보훈병원,중앙보훈병원김포공항,김포공항중앙보훈병원,중앙보훈병원개화,,,
13:55급,13:57,16:20,16:21급,,,
김포공항중앙보훈병원,중앙보훈병원개화,개화중앙보훈병원,중앙보훈병원김포공항,,,
14:03,14:04급,16:23급,16:24,,,
개화중앙보훈병원,중앙보훈병원김포공항,김포공항중앙보훈병원,중앙보훈병원개화,,,
14:06급,14:08,16:31,16:32급,,,
김포공항중앙보훈병원,중앙보훈병원개화,개화중앙보훈병원,중앙보훈병원김포공항,,,
14:14,14:15급,16:34급,16:35,,,
개화중앙보훈병원,중앙보훈병원김포공항,김포공항중앙보훈병원,중앙보훈병원개화,,,
14:17급,14:19,16:42,16:43급,,,
김포공항중앙보훈병원,중앙보훈병원개화,개화중앙보훈병원,중앙보훈병원김포공항,,,
14:25,14:26급,16:45급,16:46,,,
개화중앙보훈병원,중앙보훈병원김포공항,김포공항중앙보훈병원,중앙보훈병원개화,,,
14:29급,14:30,16:53,16:54급,,,
김포공항중앙보훈병원,중앙보훈병원개화,개화중앙보훈병원,중앙보훈병원김포공항,,,
14:37,14:37급,16:56급,16:57,,,
개화중앙보훈병원,중앙보훈병원김포공항,김포공항중앙보훈병원,중앙보훈병원개화,,,
14:41급,14:41,17:04,17:05급,,,
김포공항중앙보훈병원,중앙보훈병원개화,개화중앙보훈병원,중앙보훈병원김포공항,,,
14:49,14:48급,17:07급,17:08,,,
개화중앙보훈병원,중앙보훈병원김포공항,김포공항중앙보훈병원,중앙보훈병원개화,,,
14:52급,14:52,17:15,17:16급,,,
김포공항중앙보훈병원,중앙보훈병원개화,개화중앙보훈병원,중앙보훈병원김포공항,,,
-,14:59급,17:18급,17:19,,,
-,중앙보훈병원김포공항,김포공항중앙보훈병원,중앙보훈병원개화,,,
15:00,15:03,17:26,17:27급,,,
개화중앙보훈병원,중앙보훈병원개화,개화중앙보훈병원,중앙보훈병원김포공항,,,
15:03급,15:10급,17:29급,17:30,,,
김포공항중앙보훈병원,중앙보훈병원김포공항,김포공항중앙보훈병원,중앙보훈병원개화,,,
15:11,15:14,17:37,17:38급,,,
개화중앙보훈병원,중앙보훈병원개화,개화중앙보훈병원,중앙보훈병원김포공항,,,
15:14급,15:21급,17:40급,17:41,,,
김포공항중앙보훈병원,중앙보훈병원김포공항,김포공항중앙보훈병원,중앙보훈병원개화,,,
15:22,15:25,17:48,17:49급,,,
개화중앙보훈병원,중앙보훈병원개화,개화중앙보훈병원,중앙보훈병원김포공항,,,
15:25급,15:32급,17:51급,17:52,,,
김포공항중앙보훈병원,중앙보훈병원김포공항,김포공항중앙보훈병원,중앙보훈병원개화,,,
15:33,15:36,17:59,-,,,
개화중앙보훈병원,중앙보훈병원개화,개화중앙보훈병원,-,,,
15:36급,15:43급,18:02급,18:00급,,,
김포공항중앙보훈병원,중앙보훈병원김포공항,김포공항중앙보훈병원,중앙보훈병원김포공항,,,
15:44,15:47,18:10,18:03,,,
개화중앙보훈병원,중앙보훈병원개화,개화중앙보훈병원,중앙보훈병원개화,,,
15:47급,15:55급,18:13급,18:11급,,,
김포공항중앙보훈병원,중앙보훈병원김포공항,김포공항중앙보훈병원,중앙보훈병원김포공항,,,
15:55,15:58,18:21,18:14,,,
개화중앙보훈병원,중앙보훈병원개화,개화중앙보훈병원,중앙보훈병원개화,,,
15:58급,-,18:24급,18:22급,,,
김포공항중앙보훈병원,-,김포공항중앙보훈병원,중앙보훈병원김포공항,,,
16:06,16:07급,18:32,18:25,,,
개화중앙보훈병원,중앙보훈병원김포공항,개화중앙보훈병원,중앙보훈병원개화,,,
16:09급,16:10,18:35급,18:33급,,,
김포공항중앙보훈병원,중앙보훈병원개화,김포공항중앙보훈병원,중앙보훈병원김포공항,,,
16:17,16:18급,18:43,18:36,,,
개화중앙보훈병원,중앙보훈병원김포공항,개화중앙보훈병원,중앙보훈병원개화,,,
16:20급,16:22,18:46급,18:44급,,,
김포공항중앙보훈병원,중앙보훈병원개화,김포공항중앙보훈병원,중앙보훈병원김포공항,,,
16:24,16:29급,18:54,18:47,,,
개화중앙보훈병원,중앙보훈병원김포공항,개화중앙보훈병원,중앙보훈병원개화,,,
16:28,16:33,18:57급,18:55급,,,
개화중앙보훈병원,중앙보훈병원개화,김포공항중앙보훈병원,중앙보훈병원김포공항,,,
16:31급,16:40급,-,18:58,,,
김포공항중앙보훈병원,중앙보훈병원김포공항,-,중앙보훈병원개화,,,
16:39,16:44,19:05,19:06급,,,
개화중앙보훈병원,중앙보훈병원개화,개화중앙보훈병원,중앙보훈병원김포공항,,,
16:42급,16:51급,19:08급,19:09,,,
김포공항중앙보훈병원,중앙보훈병원김포공항,김포공항중앙보훈병원,중앙보훈병원개화,,,
16:50,16:55,19:16,19:17급,,,
개화중앙보훈병원,중앙보훈병원개화,개화중앙보훈병원,중앙보훈병원김포공항,,,
16:53급,-,19:19급,19:20,,,
김포공항중앙보훈병원,-,김포공항중앙보훈병원,중앙보훈병원개화,,,
16:57,-,19:27,19:28급,,,
개화중앙보훈병원,-,개화중앙보훈병원,중앙보훈병원김포공항,,,
17:04급,17:02급,19:30급,19:31,,,
김포공항중앙보훈병원,중앙보훈병원김포공항,김포공항중앙보훈병원,중앙보훈병원개화,,,
17:05,17:06,19:38,19:39급,,,
개화중앙보훈병원,중앙보훈병원개화,개화중앙보훈병원,중앙보훈병원김포공항,,,
17:12급,17:13급,19:41급,19:42,,,
김포공항중앙보훈병원,중앙보훈병원김포공항,김포공항중앙보훈병원,중앙보훈병원개화,,,
17:14,17:17,19:49,19:50급,,,
개화중앙보훈병원,중앙보훈병원개화,개화중앙보훈병원,중앙보훈병원김포공항,,,
17:19급,17:24급,19:52급,19:53,,,
김포공항중앙보훈병원,중앙보훈병원김포공항,김포공항중앙보훈병원,중앙보훈병원개화,,,
17:21,17:28,20:00,20:01급,,,
개화중앙보훈병원,중앙보훈병원개화,개화중앙보훈병원,중앙보훈병원김포공항,,,
17:26급,17:35급,20:03급,20:04,,,
김포공항중앙보훈병원,중앙보훈병원김포공항,김포공항중앙보훈병원,중앙보훈병원개화,,,
17:28,17:39,20:11,20:12급,,,
개화중앙보훈병원,중앙보훈병원개화,개화중앙보훈병원,중앙보훈병원김포공항,,,
17:33급,17:46급,20:14급,20:15,,,
김포공항중앙보훈병원,중앙보훈병원김포공항,김포공항중앙보훈병원,중앙보훈병원개화,,,
17:35,17:50,20:22,20:23급,,,
개화중앙보훈병원,중앙보훈병원개화,개화중앙보훈병원,중앙보훈병원김포공항,,,
17:41급,17:57급,20:26급,20:26,,,
김포공항중앙보훈병원,중앙보훈병원김포공항,김포공항중앙보훈병원,중앙보훈병원개화,,,
17:43,-,20:34,20:34급,,,
개화중앙보훈병원,-,개화중앙보훈병원,중앙보훈병원김포공항,,,
17:48급,-,20:38급,20:37,,,
김포공항중앙보훈병원,-,김포공항중앙보훈병원,중앙보훈병원개화,,,
17:50,-,20:46,20:45급,,,
개화중앙보훈병원,-,개화중앙보훈병원,중앙보훈병원김포공항,,,
17:55급,-,20:50급,20:48,,,
김포공항중앙보훈병원,-,김포공항중앙보훈병원,중앙보훈병원개화,,,
17:57,-,20:58,20:56급,,,
개화중앙보훈병원,-,개화중앙보훈병원,중앙보훈병원김포공항,,,
18:02급,18:01,-,20:59,,,
김포공항중앙보훈병원,중앙보훈병원개화,-,중앙보훈병원개화,,,
18:04,18:08급,21:02급,21:07급,,,
개화중앙보훈병원,중앙보훈병원김포공항,김포공항중앙보훈병원,중앙보훈병원김포공항,,,
18:09급,18:12,21:10,21:10,,,
김포공항중앙보훈병원,중앙보훈병원개화,개화중앙보훈병원,중앙보훈병원개화,,,
18:11,18:17,21:14급,21:18급,,,
개화중앙보훈병원,중앙보훈병원개화,김포공항중앙보훈병원,중앙보훈병원김포공항,,,
18:16급,18:19급,21:22,21:21,,,
김포공항중앙보훈병원,중앙보훈병원김포공항,개화중앙보훈병원,중앙보훈병원개화,,,
18:18,18:25,21:25급,21:29급,,,
개화중앙보훈병원,중앙보훈병원개화,김포공항중앙보훈병원,중앙보훈병원김포공항,,,
18:24급,18:27급,21:34,21:32,,,
김포공항중앙보훈병원,중앙보훈병원김포공항,개화중앙보훈병원,중앙보훈병원개화,,,
18:26,18:34,21:37급,21:40급,,,
개화중앙보훈병원,중앙보훈병원개화,김포공항중앙보훈병원,중앙보훈병원김포공항,,,
18:31급,18:35급,21:46,21:43,,,
김포공항중앙보훈병원,중앙보훈병원김포공항,개화중앙보훈병원,중앙보훈병원개화,,,
18:33,18:42,21:49급,21:51급,,,
개화중앙보훈병원,중앙보훈병원개화,김포공항중앙보훈병원,중앙보훈병원김포공항,,,
18:38급,18:43급,21:58,21:54,,,
김포공항중앙보훈병원,중앙보훈병원김포공항,개화중앙보훈병원,중앙보훈병원개화,,,
18:40,18:50,22:01급,22:03급,,,
개화중앙보훈병원,중앙보훈병원개화,김포공항중앙보훈병원,중앙보훈병원김포공항,,,
18:45급,18:51급,22:10,22:06,,,
김포공항중앙보훈병원,중앙보훈병원김포공항,개화중앙보훈병원,중앙보훈병원개화,,,
18:47,18:58,22:13급,22:15급,,,
개화중앙보훈병원,중앙보훈병원개화,김포공항중앙보훈병원,중앙보훈병원김포공항,,,
18:52급,18:59급,22:23,22:18,,,
김포공항중앙보훈병원,중앙보훈병원김포공항,개화중앙보훈병원,중앙보훈병원개화,,,
18:54,-,22:26급,22:27급,,,
개화중앙보훈병원,-,김포공항중앙보훈병원,중앙보훈병원김포공항,,,
18:59급,-,22:36,22:30,,,
김포공항중앙보훈병원,-,개화중앙보훈병원,중앙보훈병원개화,,,
19:01,19:05,22:39급,22:39급,,,
개화중앙보훈병원,중앙보훈병원개화,김포공항중앙보훈병원,중앙보훈병원김포공항,,,
19:07급,19:06급,22:49,22:42,,,
김포공항중앙보훈병원,중앙보훈병원김포공항,개화중앙보훈병원,중앙보훈병원개화,,,
19:09,19:12,22:52급막,22:51급,,,
개화중앙보훈병원,중앙보훈병원개화,김포공항중앙보훈병원,중앙보훈병원김포공항,,,
19:14급,19:14급,-,22:54,,,
김포공항중앙보훈병원,중앙보훈병원김포공항,-,중앙보훈병원개화,,,
19:16,19:19,23:01,23:03급,,,
개화중앙보훈병원,중앙보훈병원개화,개화중앙보훈병원,중앙보훈병원김포공항,,,
19:21급,19:21급,23:12,23:07,,,
김포공항중앙보훈병원,중앙보훈병원김포공항,개화중앙보훈병원,중앙보훈병원개화,,,
19:23,19:26,23:25막,23:16급,,,
개화중앙보훈병원,중앙보훈병원개화,개화중앙보훈병원,중앙보훈병원김포공항,,,
19:29급,19:28급,23:38막,23:20,,,
김포공항중앙보훈병원,중앙보훈병원김포공항,개화신논현,중앙보훈병원개화,,,
19:30,19:34,23:51막,23:29급,,,
개화중앙보훈병원,중앙보훈병원개화,개화동작,중앙보훈병원김포공항,,,
19:38급,19:35급,-,23:33막,,,
김포공항중앙보훈병원,중앙보훈병원김포공항,-,중앙보훈병원개화,,,
19:39,19:41,-,23:42급막,,,
개화중앙보훈병원,중앙보훈병원개화,-,중앙보훈병원김포공항,,,
19:47급,19:42급,-,23:45막,,,
김포공항중앙보훈병원,중앙보훈병원김포공항,-,중앙보훈병원염창,,,
19:48,19:48,-,23:56막,,,
개화중앙보훈병원,중앙보훈병원개화,-,중앙보훈병원여의도,,,
19:55,19:49급,-,-,,,
개화중앙보훈병원,중앙보훈병원김포공항,-,-,,,
19:58급,19:55,-,-,,,
김포공항중앙보훈병원,중앙보훈병원개화,-,-,,,
-,19:57급,-,-,,,
-,중앙보훈병원김포공항,-,-,,,
20:06,20:02,-,-,,,
개화중앙보훈병원,중앙보훈병원개화,-,-,,,
20:09급,20:04급,-,-,,,
김포공항중앙보훈병원,중앙보훈병원김포공항,-,-,,,
20:17,20:09,-,-,,,
개화중앙보훈병원,중앙보훈병원개화,-,-,,,
20:20급,20:11급,-,-,,,
김포공항중앙보훈병원,중앙보훈병원김포공항,-,-,,,
20:28,20:17,-,-,,,
개화중앙보훈병원,중앙보훈병원개화,-,-,,,
20:31급,20:18급,-,-,,,
김포공항중앙보훈병원,중앙보훈병원김포공항,-,-,,,
20:39,20:24,-,-,,,
개화중앙보훈병원,중앙보훈병원개화,-,-,,,
20:42급,20:25급,-,-,,,
김포공항중앙보훈병원,중앙보훈병원김포공항,-,-,,,
20:50,20:31,-,-,,,
개화중앙보훈병원,중앙보훈병원개화,-,-,,,
20:53급,20:32급,-,-,,,
김포공항중앙보훈병원,중앙보훈병원김포공항,-,-,,,
-,20:38,-,-,,,
-,중앙보훈병원개화,-,-,,,
-,20:40급,-,-,,,
-,중앙보훈병원김포공항,-,-,,,
-,20:45,-,-,,,
-,중앙보훈병원개화,-,-,,,
-,20:47급,-,-,,,
-,중앙보훈병원김포공항,-,-,,,
-,20:52,-,-,,,
-,중앙보훈병원개화,-,-,,,
-,20:54급,-,-,,,
-,중앙보훈병원김포공항,-,-,,,
21:01,21:00,-,-,,,
개화중앙보훈병원,중앙보훈병원개화,-,-,,,
21:04급,21:03급,-,-,,,
김포공항중앙보훈병원,중앙보훈병원김포공항,-,-,,,
21:12,21:09,-,-,,,
개화중앙보훈병원,중앙보훈병원개화,-,-,,,
21:15급,21:14급,-,-,,,
김포공항중앙보훈병원,중앙보훈병원김포공항,-,-,,,
21:23,21:18,-,-,,,
개화중앙보훈병원,중앙보훈병원개화,-,-,,,
21:26급,21:23,-,-,,,
김포공항중앙보훈병원,중앙보훈병원개화,-,-,,,
21:34,21:25급,-,-,,,
개화중앙보훈병원,중앙보훈병원김포공항,-,-,,,
21:37급,21:29,-,-,,,
김포공항중앙보훈병원,중앙보훈병원개화,-,-,,,
21:45,21:36급,-,-,,,
개화중앙보훈병원,중앙보훈병원김포공항,-,-,,,
21:48급,21:40,-,-,,,
김포공항중앙보훈병원,중앙보훈병원개화,-,-,,,
21:56,21:47급,-,-,,,
개화중앙보훈병원,중앙보훈병원김포공항,-,-,,,
21:59급,21:51,-,-,,,
김포공항중앙보훈병원,중앙보훈병원개화,-,-,,,
-,21:58급,-,-,,,
-,중앙보훈병원김포공항,-,-,,,
22:07,22:02,-,-,,,
개화중앙보훈병원,중앙보훈병원개화,-,-,,,
22:10급,22:09급,-,-,,,
김포공항중앙보훈병원,중앙보훈병원김포공항,-,-,,,
22:18,22:13,-,-,,,
개화중앙보훈병원,중앙보훈병원개화,-,-,,,
22:21급,22:20급,-,-,,,
김포공항중앙보훈병원,중앙보훈병원김포공항,-,-,,,
22:29,22:24,-,-,,,
개화중앙보훈병원,중앙보훈병원개화,-,-,,,
22:32급,22:31급,-,-,,,
김포공항중앙보훈병원,중앙보훈병원김포공항,-,-,,,
22:40,22:35,-,-,,,
개화중앙보훈병원,중앙보훈병원개화,-,-,,,
22:43급,22:43급,-,-,,,
김포공항중앙보훈병원,중앙보훈병원김포공항,-,-,,,
22:51,22:46,-,-,,,
개화중앙보훈병원,중앙보훈병원개화,-,-,,,
22:54급,22:53급,-,-,,,
김포공항중앙보훈병원,중앙보훈병원김포공항,-,-,,,
-,22:56,-,-,,,
-,중앙보훈병원개화,-,-,,,
23:02,23:03급,-,-,,,
개화중앙보훈병원,중앙보훈병원김포공항,-,-,,,
23:05급,23:07,-,-,,,
김포공항중앙보훈병원,중앙보훈병원개화,-,-,,,
23:13,23:14급,-,-,,,
개화중앙보훈병원,중앙보훈병원김포공항,-,-,,,
23:16급,23:18,-,-,,,
김포공항중앙보훈병원,중앙보훈병원개화,-,-,,,
23:24,23:25급,-,-,,,
개화중앙보훈병원,중앙보훈병원김포공항,-,-,,,
23:27급,23:29,-,-,,,
김포공항중앙보훈병원,중앙보훈병원개화,-,-,,,
23:35,23:36급,-,-,,,
개화중앙보훈병원,중앙보훈병원김포공항,-,-,,,
23:38급,23:40,-,-,,,
김포공항중앙보훈병원,중앙보훈병원개화,-,-,,,
23:46,23:47급,-,-,,,
개화중앙보훈병원,중앙보훈병원김포공항,-,-,,,
23:49급막,23:51,-,-,,,
김포공항중앙보훈병원,중앙보훈병원개화,-,-,,,
23:57,23:58급,-,-,,,
개화중앙보훈병원,중앙보훈병원김포공항,-,-,,,
0:05,0:02,-,-,,,
개화중앙보훈병원,중앙보훈병원개화,-,-,,,
00:17막,00:09급,-,-,,,
개화중앙보훈병원,중앙보훈병원김포공항,-,-,,,
00:29막,0:13,-,-,,,
개화삼전,중앙보훈병원개화,-,-,,,
00:41막,00:20급,-,-,,,
개화신논현,중앙보훈병원김포공항,-,-,,,
00:54막,00:24막,-,-,,,
개화동작,중앙보훈병원개화,-,-,,,
-,00:31급,-,-,,,
-,중앙보훈병원김포공항,-,-,,,
-,00:34막,-,-,,,
-,중앙보훈병원마곡나루,-,-,,,
-,00:42급막,-,-,,,
-,중앙보훈병원김포공항,-,-,,,
-,00:46막,-,-,,,
-,중앙보훈병원염창,-,-,,,
-,00:55막,-,-,,,
-,중앙보훈병원여의도,-,-,,,
