﻿흑석방면,노량진방면,흑석방면,노량진방면,,,
평일,평일,주말,주말,,,
05:36첫,05:34첫,05:36첫,05:34첫,,,
여의도중앙보훈병원,동작개화,여의도중앙보훈병원,동작개화,,,
5:50,5:45,5:48,5:44,,,
염창중앙보훈병원,신논현개화,염창중앙보훈병원,신논현개화,,,
-,5:58,-,5:58,,,
-,삼전개화,-,삼전개화,,,
6:02,6:13,6:00,6:15,,,
마곡나루중앙보훈병원,중앙보훈병원개화,마곡나루중앙보훈병원,중앙보훈병원개화,,,
6:12,6:28,6:11,6:28,,,
개화중앙보훈병원,중앙보훈병원개화,개화중앙보훈병원,중앙보훈병원개화,,,
6:24,6:41,6:23,6:41,,,
개화중앙보훈병원,중앙보훈병원개화,개화중앙보훈병원,중앙보훈병원개화,,,
6:36,6:54,6:35,6:54,,,
개화중앙보훈병원,중앙보훈병원개화,개화중앙보훈병원,중앙보훈병원개화,,,
6:48,-,6:47,-,,,
개화중앙보훈병원,-,개화중앙보훈병원,-,,,
6:57,-,6:59,-,,,
개화중앙보훈병원,-,개화중앙보훈병원,-,,,
7:06,7:07,7:11,7:06,,,
개화중앙보훈병원,중앙보훈병원개화,개화중앙보훈병원,중앙보훈병원개화,,,
7:14,7:20,7:23,7:18,,,
개화중앙보훈병원,중앙보훈병원개화,개화중앙보훈병원,중앙보훈병원개화,,,
7:21,7:33,7:35,7:30,,,
개화중앙보훈병원,중앙보훈병원개화,개화중앙보훈병원,중앙보훈병원개화,,,
7:28,7:42,7:47,7:42,,,
개화중앙보훈병원,중앙보훈병원개화,개화중앙보훈병원,중앙보훈병원개화,,,
7:34,7:54,7:59,7:54,,,
개화중앙보훈병원,중앙보훈병원개화,개화중앙보훈병원,중앙보훈병원개화,,,
7:41,-,8:11,8:06,,,
개화중앙보훈병원,-,개화중앙보훈병원,중앙보훈병원개화,,,
7:48,-,8:23,8:18,,,
개화중앙보훈병원,-,개화중앙보훈병원,중앙보훈병원개화,,,
7:55,-,8:35,8:30,,,
개화중앙보훈병원,-,개화중앙보훈병원,중앙보훈병원개화,,,
8:02,8:06,8:47,8:42,,,
개화중앙보훈병원,중앙보훈병원개화,개화중앙보훈병원,중앙보훈병원개화,,,
8:09,8:12,8:59,8:54,,,
개화중앙보훈병원,중앙보훈병원개화,개화중앙보훈병원,중앙보훈병원개화,,,
8:15,8:20,9:11,9:06,,,
개화중앙보훈병원,중앙보훈병원개화,개화중앙보훈병원,중앙보훈병원개화,,,
8:22,8:29,9:23,9:18,,,
개화중앙보훈병원,중앙보훈병원개화,개화중앙보훈병원,중앙보훈병원개화,,,
8:29,8:38,9:35,9:30,,,
개화중앙보훈병원,중앙보훈병원개화,개화중앙보훈병원,중앙보훈병원개화,,,
8:36,8:46,9:46,9:42,,,
개화중앙보훈병원,중앙보훈병원개화,개화중앙보훈병원,중앙보훈병원개화,,,
8:43,8:54,9:57,9:54,,,
개화중앙보훈병원,중앙보훈병원개화,개화중앙보훈병원,중앙보훈병원개화,,,
8:50,-,10:08,10:06,,,
개화중앙보훈병원,-,개화중앙보훈병원,중앙보훈병원개화,,,
8:56,-,10:19,10:18,,,
개화중앙보훈병원,-,개화중앙보훈병원,중앙보훈병원개화,,,
9:03,9:00,10:30,10:30,,,
개화중앙보훈병원,중앙보훈병원개화,개화중앙보훈병원,중앙보훈병원개화,,,
9:10,9:07,10:41,10:41,,,
개화중앙보훈병원,중앙보훈병원개화,개화중앙보훈병원,중앙보훈병원개화,,,
9:17,9:14,10:52,10:52,,,
개화중앙보훈병원,중앙보훈병원개화,개화중앙보훈병원,중앙보훈병원개화,,,
9:28,9:21,11:03,11:03,,,
개화중앙보훈병원,중앙보훈병원개화,개화중앙보훈병원,중앙보훈병원개화,,,
9:39,9:28,11:14,11:14,,,
개화중앙보훈병원,중앙보훈병원개화,개화중앙보훈병원,중앙보훈병원개화,,,
9:50,9:35,11:25,11:25,,,
개화중앙보훈병원,중앙보훈병원개화,개화중앙보훈병원,중앙보훈병원개화,,,
-,9:41,11:36,11:36,,,
-,중앙보훈병원개화,개화중앙보훈병원,중앙보훈병원개화,,,
-,9:48,11:47,11:47,,,
-,중앙보훈병원개화,개화중앙보훈병원,중앙보훈병원개화,,,
-,9:55,11:58,11:58,,,
-,중앙보훈병원개화,개화중앙보훈병원,중앙보훈병원개화,,,
10:01,10:02,12:09,12:09,,,
개화중앙보훈병원,중앙보훈병원개화,개화중앙보훈병원,중앙보훈병원개화,,,
10:12,10:09,12:20,12:20,,,
개화중앙보훈병원,중앙보훈병원개화,개화중앙보훈병원,중앙보훈병원개화,,,
10:23,10:16,12:31,12:31,,,
개화중앙보훈병원,중앙보훈병원개화,개화중앙보훈병원,중앙보훈병원개화,,,
10:34,10:22,12:42,12:42,,,
개화중앙보훈병원,중앙보훈병원개화,개화중앙보훈병원,중앙보훈병원개화,,,
10:45,10:29,12:53,12:53,,,
개화중앙보훈병원,중앙보훈병원개화,개화중앙보훈병원,중앙보훈병원개화,,,
10:56,10:37,13:04,13:04,,,
개화중앙보훈병원,중앙보훈병원개화,개화중앙보훈병원,중앙보훈병원개화,,,
-,10:45,13:15,13:15,,,
-,중앙보훈병원개화,개화중앙보훈병원,중앙보훈병원개화,,,
-,10:51,13:26,13:26,,,
-,중앙보훈병원개화,개화중앙보훈병원,중앙보훈병원개화,,,
-,10:58,13:37,13:37,,,
-,중앙보훈병원개화,개화중앙보훈병원,중앙보훈병원개화,,,
11:07,11:07,13:48,13:48,,,
개화중앙보훈병원,중앙보훈병원개화,개화중앙보훈병원,중앙보훈병원개화,,,
11:18,11:18,13:59,13:59,,,
개화중앙보훈병원,중앙보훈병원개화,개화중앙보훈병원,중앙보훈병원개화,,,
11:29,11:29,14:10,14:10,,,
개화중앙보훈병원,중앙보훈병원개화,개화중앙보훈병원,중앙보훈병원개화,,,
11:40,11:40,14:21,14:21,,,
개화중앙보훈병원,중앙보훈병원개화,개화중앙보훈병원,중앙보훈병원개화,,,
11:52,11:51,14:32,14:32,,,
개화중앙보훈병원,중앙보훈병원개화,개화중앙보훈병원,중앙보훈병원개화,,,
12:04,12:02,14:43,14:43,,,
개화중앙보훈병원,중앙보훈병원개화,개화중앙보훈병원,중앙보훈병원개화,,,
12:15,12:13,14:54,14:54,,,
개화중앙보훈병원,중앙보훈병원개화,개화중앙보훈병원,중앙보훈병원개화,,,
12:26,12:24,15:05,15:05,,,
개화중앙보훈병원,중앙보훈병원개화,개화중앙보훈병원,중앙보훈병원개화,,,
12:37,12:35,15:16,15:16,,,
개화중앙보훈병원,중앙보훈병원개화,개화중앙보훈병원,중앙보훈병원개화,,,
12:48,12:46,15:27,15:27,,,
개화중앙보훈병원,중앙보훈병원개화,개화중앙보훈병원,중앙보훈병원개화,,,
12:59,12:57,15:38,15:38,,,
개화중앙보훈병원,중앙보훈병원개화,개화중앙보훈병원,중앙보훈병원개화,,,
13:10,13:09,15:49,15:49,,,
개화중앙보훈병원,중앙보훈병원개화,개화중앙보훈병원,중앙보훈병원개화,,,
13:21,13:21,16:00,16:00,,,
개화중앙보훈병원,중앙보훈병원개화,개화중앙보훈병원,중앙보훈병원개화,,,
13:32,13:32,16:11,16:11,,,
개화중앙보훈병원,중앙보훈병원개화,개화중앙보훈병원,중앙보훈병원개화,,,
13:43,13:43,16:22,16:22,,,
개화중앙보훈병원,중앙보훈병원개화,개화중앙보훈병원,중앙보훈병원개화,,,
13:54,13:54,16:33,16:33,,,
개화중앙보훈병원,중앙보훈병원개화,개화중앙보훈병원,중앙보훈병원개화,,,
14:05,14:05,16:44,16:44,,,
개화중앙보훈병원,중앙보훈병원개화,개화중앙보훈병원,중앙보훈병원개화,,,
14:16,14:16,16:55,16:55,,,
개화중앙보훈병원,중앙보훈병원개화,개화중앙보훈병원,중앙보훈병원개화,,,
14:27,14:27,17:06,17:06,,,
개화중앙보훈병원,중앙보훈병원개화,개화중앙보훈병원,중앙보훈병원개화,,,
14:39,14:38,17:17,17:17,,,
개화중앙보훈병원,중앙보훈병원개화,개화중앙보훈병원,중앙보훈병원개화,,,
14:51,14:49,17:28,17:28,,,
개화중앙보훈병원,중앙보훈병원개화,개화중앙보훈병원,중앙보훈병원개화,,,
15:02,15:00,17:39,17:39,,,
개화중앙보훈병원,중앙보훈병원개화,개화중앙보훈병원,중앙보훈병원개화,,,
15:13,15:11,17:50,17:50,,,
개화중앙보훈병원,중앙보훈병원개화,개화중앙보훈병원,중앙보훈병원개화,,,
15:24,15:22,18:01,18:01,,,
개화중앙보훈병원,중앙보훈병원개화,개화중앙보훈병원,중앙보훈병원개화,,,
15:35,15:33,18:12,18:12,,,
개화중앙보훈병원,중앙보훈병원개화,개화중앙보훈병원,중앙보훈병원개화,,,
15:46,15:44,18:23,18:23,,,
개화중앙보훈병원,중앙보훈병원개화,개화중앙보훈병원,중앙보훈병원개화,,,
15:57,15:56,18:34,18:34,,,
개화중앙보훈병원,중앙보훈병원개화,개화중앙보훈병원,중앙보훈병원개화,,,
16:08,16:08,18:45,18:45,,,
개화중앙보훈병원,중앙보훈병원개화,개화중앙보훈병원,중앙보훈병원개화,,,
16:19,16:19,18:56,18:56,,,
개화중앙보훈병원,중앙보훈병원개화,개화중앙보훈병원,중앙보훈병원개화,,,
16:27,16:30,19:07,19:07,,,
개화중앙보훈병원,중앙보훈병원개화,개화중앙보훈병원,중앙보훈병원개화,,,
16:30,16:41,19:18,19:18,,,
개화중앙보훈병원,중앙보훈병원개화,개화중앙보훈병원,중앙보훈병원개화,,,
16:41,16:52,19:29,19:29,,,
개화중앙보훈병원,중앙보훈병원개화,개화중앙보훈병원,중앙보훈병원개화,,,
16:52,-,19:40,19:40,,,
개화중앙보훈병원,-,개화중앙보훈병원,중앙보훈병원개화,,,
16:59,-,19:51,19:51,,,
개화중앙보훈병원,-,개화중앙보훈병원,중앙보훈병원개화,,,
17:07,17:03,20:02,20:02,,,
개화중앙보훈병원,중앙보훈병원개화,개화중앙보훈병원,중앙보훈병원개화,,,
17:16,17:14,20:13,20:13,,,
개화중앙보훈병원,중앙보훈병원개화,개화중앙보훈병원,중앙보훈병원개화,,,
17:23,17:25,20:24,20:24,,,
개화중앙보훈병원,중앙보훈병원개화,개화중앙보훈병원,중앙보훈병원개화,,,
17:30,17:36,20:36,20:35,,,
개화중앙보훈병원,중앙보훈병원개화,개화중앙보훈병원,중앙보훈병원개화,,,
17:37,17:47,20:48,20:46,,,
개화중앙보훈병원,중앙보훈병원개화,개화중앙보훈병원,중앙보훈병원개화,,,
17:45,17:58,-,20:57,,,
개화중앙보훈병원,중앙보훈병원개화,-,중앙보훈병원개화,,,
17:52,-,21:00,21:08,,,
개화중앙보훈병원,-,개화중앙보훈병원,중앙보훈병원개화,,,
17:59,-,21:12,21:19,,,
개화중앙보훈병원,-,개화중앙보훈병원,중앙보훈병원개화,,,
18:06,18:09,21:24,21:30,,,
개화중앙보훈병원,중앙보훈병원개화,개화중앙보훈병원,중앙보훈병원개화,,,
18:13,18:15,21:36,21:41,,,
개화중앙보훈병원,중앙보훈병원개화,개화중앙보훈병원,중앙보훈병원개화,,,
18:20,18:23,21:48,21:52,,,
개화중앙보훈병원,중앙보훈병원개화,개화중앙보훈병원,중앙보훈병원개화,,,
18:28,18:31,22:00,22:04,,,
개화중앙보훈병원,중앙보훈병원개화,개화중앙보훈병원,중앙보훈병원개화,,,
18:35,18:40,22:12,22:16,,,
개화중앙보훈병원,중앙보훈병원개화,개화중앙보훈병원,중앙보훈병원개화,,,
18:42,18:48,22:25,22:28,,,
개화중앙보훈병원,중앙보훈병원개화,개화중앙보훈병원,중앙보훈병원개화,,,
18:49,18:56,22:38,22:40,,,
개화중앙보훈병원,중앙보훈병원개화,개화중앙보훈병원,중앙보훈병원개화,,,
18:56,-,22:51,22:52,,,
개화중앙보훈병원,-,개화중앙보훈병원,중앙보훈병원개화,,,
19:03,19:03,23:03,23:05,,,
개화중앙보훈병원,중앙보훈병원개화,개화중앙보훈병원,중앙보훈병원개화,,,
19:11,19:10,23:14,23:18,,,
개화중앙보훈병원,중앙보훈병원개화,개화중앙보훈병원,중앙보훈병원개화,,,
19:18,19:17,23:27막,23:31막,,,
개화중앙보훈병원,중앙보훈병원개화,개화중앙보훈병원,중앙보훈병원개화,,,
19:25,19:24,23:40막,23:43막,,,
개화중앙보훈병원,중앙보훈병원개화,개화신논현,중앙보훈병원염창,,,
19:33,19:31,23:53막,23:54막,,,
개화중앙보훈병원,중앙보훈병원개화,개화동작,중앙보훈병원여의도,,,
19:42,19:39,-,-,,,
개화중앙보훈병원,중앙보훈병원개화,-,-,,,
19:50,19:46,-,-,,,
개화중앙보훈병원,중앙보훈병원개화,-,-,,,
19:57,19:53,-,-,,,
개화중앙보훈병원,중앙보훈병원개화,-,-,,,
20:08,20:00,-,-,,,
개화중앙보훈병원,중앙보훈병원개화,-,-,,,
20:19,20:07,-,-,,,
개화중앙보훈병원,중앙보훈병원개화,-,-,,,
20:30,20:14,-,-,,,
개화중앙보훈병원,중앙보훈병원개화,-,-,,,
20:41,20:22,-,-,,,
개화중앙보훈병원,중앙보훈병원개화,-,-,,,
20:52,20:29,-,-,,,
개화중앙보훈병원,중앙보훈병원개화,-,-,,,
-,20:36,-,-,,,
-,중앙보훈병원개화,-,-,,,
-,20:43,-,-,,,
-,중앙보훈병원개화,-,-,,,
-,20:50,-,-,,,
-,중앙보훈병원개화,-,-,,,
-,20:57,-,-,,,
-,중앙보훈병원개화,-,-,,,
21:03,21:07,-,-,,,
개화중앙보훈병원,중앙보훈병원개화,-,-,,,
21:14,21:15,-,-,,,
개화중앙보훈병원,중앙보훈병원개화,-,-,,,
21:25,21:21,-,-,,,
개화중앙보훈병원,중앙보훈병원개화,-,-,,,
21:36,21:26,-,-,,,
개화중앙보훈병원,중앙보훈병원개화,-,-,,,
21:47,21:37,-,-,,,
개화중앙보훈병원,중앙보훈병원개화,-,-,,,
21:58,21:48,-,-,,,
개화중앙보훈병원,중앙보훈병원개화,-,-,,,
-,21:59,-,-,,,
-,중앙보훈병원개화,-,-,,,
22:09,22:10,-,-,,,
개화중앙보훈병원,중앙보훈병원개화,-,-,,,
22:20,22:21,-,-,,,
개화중앙보훈병원,중앙보훈병원개화,-,-,,,
22:31,22:32,-,-,,,
개화중앙보훈병원,중앙보훈병원개화,-,-,,,
22:42,22:44,-,-,,,
개화중앙보훈병원,중앙보훈병원개화,-,-,,,
22:53,22:53,-,-,,,
개화중앙보훈병원,중앙보훈병원개화,-,-,,,
23:04,23:04,-,-,,,
개화중앙보훈병원,중앙보훈병원개화,-,-,,,
23:15,23:15,-,-,,,
개화중앙보훈병원,중앙보훈병원개화,-,-,,,
23:26,23:26,-,-,,,
개화중앙보훈병원,중앙보훈병원개화,-,-,,,
23:37,23:37,-,-,,,
개화중앙보훈병원,중앙보훈병원개화,-,-,,,
23:48,23:48,-,-,,,
개화중앙보훈병원,중앙보훈병원개화,-,-,,,
23:59,23:59,-,-,,,
개화중앙보훈병원,중앙보훈병원개화,-,-,,,
0:07,0:10,-,-,,,
개화중앙보훈병원,중앙보훈병원개화,-,-,,,
00:19막,00:21막,-,-,,,
개화중앙보훈병원,중앙보훈병원개화,-,-,,,
00:31막,00:32막,-,-,,,
개화삼전,중앙보훈병원마곡나루,-,-,,,
00:43막,00:43막,-,-,,,
개화신논현,중앙보훈병원염창,-,-,,,
00:56막,00:52막,-,-,,,
개화동작,중앙보훈병원여의도,-,-,,,
