﻿국회의사당방면,선유도방면,국회의사당방면,선유도방면
평일,평일,주말,주말
05:30급첫,05:30첫,05:30급첫,05:30첫
당산중앙보훈병원,당산개화,당산중앙보훈병원,당산개화
05:37첫,5:45,05:36첫,5:44
염창중앙보훈병원,동작개화,염창중앙보훈병원,동작개화
05:45급,5:56,05:44급,5:54
김포공항중앙보훈병원,신논현개화,김포공항중앙보훈병원,신논현개화
5:51,-,5:50,-
마곡나루중앙보훈병원,-,마곡나루중앙보훈병원,-
05:56급,-,05:55급,-
김포공항중앙보훈병원,-,김포공항중앙보훈병원,-
6:01,6:09,6:00,6:09
개화중앙보훈병원,삼전개화,개화중앙보훈병원,삼전개화
06:07급,6:24,06:06급,6:26
김포공항중앙보훈병원,중앙보훈병원개화,김포공항중앙보훈병원,중앙보훈병원개화
6:13,06:30급첫,6:12,06:33급첫
개화중앙보훈병원,중앙보훈병원김포공항,개화중앙보훈병원,중앙보훈병원김포공항
06:19급,6:39,06:18급,6:39
김포공항중앙보훈병원,중앙보훈병원개화,김포공항중앙보훈병원,중앙보훈병원개화
6:25,06:45급,6:24,06:46급
개화중앙보훈병원,중앙보훈병원김포공항,개화중앙보훈병원,중앙보훈병원김포공항
06:31급,6:52,06:30급,6:52
김포공항중앙보훈병원,중앙보훈병원개화,김포공항중앙보훈병원,중앙보훈병원개화
6:37,06:58급,6:36,06:59급
개화중앙보훈병원,중앙보훈병원김포공항,개화중앙보훈병원,중앙보훈병원김포공항
06:43급,-,06:42급,-
김포공항중앙보훈병원,-,김포공항중앙보훈병원,-
6:45,-,6:48,-
개화중앙보훈병원,-,개화중앙보훈병원,-
6:53,-,06:54급,-
개화중앙보훈병원,-,김포공항중앙보훈병원,-
06:56급,-,7:00,7:05
김포공항중앙보훈병원,-,개화중앙보훈병원,중앙보훈병원개화
7:01,7:05,07:06급,07:11급
개화중앙보훈병원,중앙보훈병원개화,김포공항중앙보훈병원,중앙보훈병원김포공항
07:03급,07:11급,7:12,7:17
김포공항중앙보훈병원,중앙보훈병원김포공항,개화중앙보훈병원,중앙보훈병원개화
7:08,7:18,07:18급,07:23급
개화중앙보훈병원,중앙보훈병원개화,김포공항중앙보훈병원,중앙보훈병원김포공항
07:10급,07:24급,7:24,7:29
김포공항중앙보훈병원,중앙보훈병원김포공항,개화중앙보훈병원,중앙보훈병원개화
7:14,7:31,07:30급,07:35급
개화중앙보훈병원,중앙보훈병원개화,김포공항중앙보훈병원,중앙보훈병원김포공항
07:17급,07:37급,7:36,7:41
김포공항중앙보훈병원,중앙보훈병원김포공항,개화중앙보훈병원,중앙보훈병원개화
7:21,7:44,07:42급,07:47급
개화중앙보훈병원,중앙보훈병원개화,김포공항중앙보훈병원,중앙보훈병원김포공항
07:23급,07:49급,7:48,7:53
김포공항중앙보훈병원,중앙보훈병원김포공항,개화중앙보훈병원,중앙보훈병원개화
7:28,7:53,07:54급,07:59급
개화중앙보훈병원,중앙보훈병원개화,김포공항중앙보훈병원,중앙보훈병원김포공항
07:30급,07:59급,8:00,8:05
김포공항중앙보훈병원,중앙보훈병원김포공항,개화중앙보훈병원,중앙보훈병원개화
7:35,-,08:06급,08:11급
개화중앙보훈병원,-,김포공항중앙보훈병원,중앙보훈병원김포공항
07:37급,-,8:12,8:17
김포공항중앙보훈병원,-,개화중앙보훈병원,중앙보훈병원개화
7:42,-,08:18급,08:23급
개화중앙보훈병원,-,김포공항중앙보훈병원,중앙보훈병원김포공항
07:44급,-,8:24,8:29
김포공항중앙보훈병원,-,개화중앙보훈병원,중앙보훈병원개화
7:49,-,08:30급,08:35급
개화중앙보훈병원,-,김포공항중앙보훈병원,중앙보훈병원김포공항
07:51급,-,8:36,8:41
김포공항중앙보훈병원,-,개화중앙보훈병원,중앙보훈병원개화
7:55,-,08:42급,08:47급
개화중앙보훈병원,-,김포공항중앙보훈병원,중앙보훈병원김포공항
07:58급,-,8:48,8:53
김포공항중앙보훈병원,-,개화중앙보훈병원,중앙보훈병원개화
8:02,8:05,08:54급,08:59급
개화중앙보훈병원,중앙보훈병원개화,김포공항중앙보훈병원,중앙보훈병원김포공항
08:04급,08:11급,9:00,9:05
김포공항중앙보훈병원,중앙보훈병원김포공항,개화중앙보훈병원,중앙보훈병원개화
8:09,8:16,09:06급,09:11급
개화중앙보훈병원,중앙보훈병원개화,김포공항중앙보훈병원,중앙보훈병원김포공항
08:11급,08:22급,9:12,9:17
김포공항중앙보훈병원,중앙보훈병원김포공항,개화중앙보훈병원,중앙보훈병원개화
8:16,8:25,09:18급,09:23급
개화중앙보훈병원,중앙보훈병원개화,김포공항중앙보훈병원,중앙보훈병원김포공항
08:18급,08:31급,9:24,9:29
김포공항중앙보훈병원,중앙보훈병원김포공항,개화중앙보훈병원,중앙보훈병원개화
8:23,8:33,09:30급,09:35급
개화중앙보훈병원,중앙보훈병원개화,김포공항중앙보훈병원,중앙보훈병원김포공항
08:25급,08:40급,9:35,9:41
김포공항중앙보훈병원,중앙보훈병원김포공항,개화중앙보훈병원,중앙보훈병원개화
8:30,8:42,09:41급,09:47급
개화중앙보훈병원,중앙보훈병원개화,김포공항중앙보훈병원,중앙보훈병원김포공항
08:32급,08:48급,9:46,9:53
김포공항중앙보훈병원,중앙보훈병원김포공항,개화중앙보훈병원,중앙보훈병원개화
8:36,8:51,09:52급,09:59급
개화중앙보훈병원,중앙보훈병원개화,김포공항중앙보훈병원,중앙보훈병원김포공항
08:39급,08:57급,9:57,-
김포공항중앙보훈병원,중앙보훈병원김포공항,개화중앙보훈병원,-
8:43,8:59,10:03급,10:05
개화중앙보훈병원,중앙보훈병원개화,김포공항중앙보훈병원,중앙보훈병원개화
08:45급,-,10:08,10:11급
김포공항중앙보훈병원,-,개화중앙보훈병원,중앙보훈병원김포공항
8:50,-,10:14급,10:17
개화중앙보훈병원,-,김포공항중앙보훈병원,중앙보훈병원개화
08:52급,-,10:19,10:23급
김포공항중앙보훈병원,-,개화중앙보훈병원,중앙보훈병원김포공항
8:57,-,10:25급,10:29
개화중앙보훈병원,-,김포공항중앙보훈병원,중앙보훈병원개화
09:00급,09:04급,10:30,10:35급
김포공항중앙보훈병원,중앙보훈병원김포공항,개화중앙보훈병원,중앙보훈병원김포공항
9:06,9:07,10:36급,10:41
개화중앙보훈병원,중앙보훈병원개화,김포공항중앙보훈병원,중앙보훈병원개화
09:11급,09:12급,10:41,10:46급
김포공항중앙보훈병원,중앙보훈병원김포공항,개화중앙보훈병원,중앙보훈병원김포공항
9:17,9:14,10:47급,10:52
개화중앙보훈병원,중앙보훈병원개화,김포공항중앙보훈병원,중앙보훈병원개화
09:22급,09:18급,10:52,10:57급
김포공항중앙보훈병원,중앙보훈병원김포공항,개화중앙보훈병원,중앙보훈병원김포공항
9:28,9:20,10:58급,-
개화중앙보훈병원,중앙보훈병원개화,김포공항중앙보훈병원,-
09:33급,09:25급,11:03,11:03
김포공항중앙보훈병원,중앙보훈병원김포공항,개화중앙보훈병원,중앙보훈병원개화
9:39,9:27,11:09급,11:08급
개화중앙보훈병원,중앙보훈병원개화,김포공항중앙보훈병원,중앙보훈병원김포공항
09:44급,09:32급,11:14,11:14
김포공항중앙보훈병원,중앙보훈병원김포공항,개화중앙보훈병원,중앙보훈병원개화
9:50,9:34,11:20급,11:19급
개화중앙보훈병원,중앙보훈병원개화,김포공항중앙보훈병원,중앙보훈병원김포공항
09:55급,09:39급,11:25,11:25
김포공항중앙보훈병원,중앙보훈병원김포공항,개화중앙보훈병원,중앙보훈병원개화
-,9:41,11:31급,11:30급
-,중앙보훈병원개화,김포공항중앙보훈병원,중앙보훈병원김포공항
-,09:46급,11:36,11:36
-,중앙보훈병원김포공항,개화중앙보훈병원,중앙보훈병원개화
-,9:48,11:42급,11:41급
-,중앙보훈병원개화,김포공항중앙보훈병원,중앙보훈병원김포공항
-,09:53급,11:47,11:47
-,중앙보훈병원김포공항,개화중앙보훈병원,중앙보훈병원개화
-,9:55,11:53급,11:52급
-,중앙보훈병원개화,김포공항중앙보훈병원,중앙보훈병원김포공항
-,09:59급,11:58,11:58
-,중앙보훈병원김포공항,개화중앙보훈병원,중앙보훈병원개화
10:01,10:01,12:04급,12:03급
개화중앙보훈병원,중앙보훈병원개화,김포공항중앙보훈병원,중앙보훈병원김포공항
10:06급,10:06급,12:09,12:09
김포공항중앙보훈병원,중앙보훈병원김포공항,개화중앙보훈병원,중앙보훈병원개화
10:12,10:08,12:15급,12:14급
개화중앙보훈병원,중앙보훈병원개화,김포공항중앙보훈병원,중앙보훈병원김포공항
10:17급,10:13급,12:20,12:20
김포공항중앙보훈병원,중앙보훈병원김포공항,개화중앙보훈병원,중앙보훈병원개화
10:23,10:15,12:26급,12:25급
개화중앙보훈병원,중앙보훈병원개화,김포공항중앙보훈병원,중앙보훈병원김포공항
10:28급,10:20급,12:31,12:31
김포공항중앙보훈병원,중앙보훈병원김포공항,개화중앙보훈병원,중앙보훈병원개화
10:34,10:22,12:37급,12:36급
개화중앙보훈병원,중앙보훈병원개화,김포공항중앙보훈병원,중앙보훈병원김포공항
10:39급,10:27급,12:42,12:42
김포공항중앙보훈병원,중앙보훈병원김포공항,개화중앙보훈병원,중앙보훈병원개화
10:45,10:29,12:48급,12:47급
개화중앙보훈병원,중앙보훈병원개화,김포공항중앙보훈병원,중앙보훈병원김포공항
10:50급,10:33급,12:53,12:53
김포공항중앙보훈병원,중앙보훈병원김포공항,개화중앙보훈병원,중앙보훈병원개화
10:56,10:36,12:59급,12:58급
개화중앙보훈병원,중앙보훈병원개화,김포공항중앙보훈병원,중앙보훈병원김포공항
-,10:40급,13:04,13:04
-,중앙보훈병원김포공항,개화중앙보훈병원,중앙보훈병원개화
-,10:42,13:10급,13:09급
-,중앙보훈병원개화,김포공항중앙보훈병원,중앙보훈병원김포공항
-,10:48,13:15,13:15
-,중앙보훈병원개화,개화중앙보훈병원,중앙보훈병원개화
-,10:51급,13:21급,13:20급
-,중앙보훈병원김포공항,김포공항중앙보훈병원,중앙보훈병원김포공항
-,10:56,13:26,13:26
-,중앙보훈병원개화,개화중앙보훈병원,중앙보훈병원개화
11:01급,11:02급,13:32급,13:31급
김포공항중앙보훈병원,중앙보훈병원김포공항,김포공항중앙보훈병원,중앙보훈병원김포공항
11:07,11:04,13:37,13:37
개화중앙보훈병원,중앙보훈병원개화,개화중앙보훈병원,중앙보훈병원개화
11:12급,11:09,13:43급,13:42급
김포공항중앙보훈병원,중앙보훈병원개화,김포공항중앙보훈병원,중앙보훈병원김포공항
11:18,11:12급,13:48,13:48
개화중앙보훈병원,중앙보훈병원김포공항,개화중앙보훈병원,중앙보훈병원개화
11:23급,11:18,13:54급,13:53급
김포공항중앙보훈병원,중앙보훈병원개화,김포공항중앙보훈병원,중앙보훈병원김포공항
11:29,11:24급,13:59,13:59
개화중앙보훈병원,중앙보훈병원김포공항,개화중앙보훈병원,중앙보훈병원개화
11:35급,11:29,14:05급,14:04급
김포공항중앙보훈병원,중앙보훈병원개화,김포공항중앙보훈병원,중앙보훈병원김포공항
11:41,11:35급,14:10,14:10
개화중앙보훈병원,중앙보훈병원김포공항,개화중앙보훈병원,중앙보훈병원개화
11:47급,11:40,14:16급,14:15급
김포공항중앙보훈병원,중앙보훈병원개화,김포공항중앙보훈병원,중앙보훈병원김포공항
11:53,11:46급,14:21,14:21
개화중앙보훈병원,중앙보훈병원김포공항,개화중앙보훈병원,중앙보훈병원개화
11:59급,11:51,14:27급,14:26급
김포공항중앙보훈병원,중앙보훈병원개화,김포공항중앙보훈병원,중앙보훈병원김포공항
-,11:57급,14:32,14:32
-,중앙보훈병원김포공항,개화중앙보훈병원,중앙보훈병원개화
12:04,12:02,14:38급,14:37급
개화중앙보훈병원,중앙보훈병원개화,김포공항중앙보훈병원,중앙보훈병원김포공항
12:10급,12:08급,14:43,14:43
김포공항중앙보훈병원,중앙보훈병원김포공항,개화중앙보훈병원,중앙보훈병원개화
12:15,12:13,14:49급,14:48급
개화중앙보훈병원,중앙보훈병원개화,김포공항중앙보훈병원,중앙보훈병원김포공항
12:21급,12:19급,14:54,14:54
김포공항중앙보훈병원,중앙보훈병원김포공항,개화중앙보훈병원,중앙보훈병원개화
12:26,12:24,-,14:59급
개화중앙보훈병원,중앙보훈병원개화,-,중앙보훈병원김포공항
12:32급,12:30급,15:00급,15:05
김포공항중앙보훈병원,중앙보훈병원김포공항,김포공항중앙보훈병원,중앙보훈병원개화
12:37,12:35,15:05,15:10급
개화중앙보훈병원,중앙보훈병원개화,개화중앙보훈병원,중앙보훈병원김포공항
12:43급,12:41급,15:11급,15:16
김포공항중앙보훈병원,중앙보훈병원김포공항,김포공항중앙보훈병원,중앙보훈병원개화
12:48,12:46,15:16,15:21급
개화중앙보훈병원,중앙보훈병원개화,개화중앙보훈병원,중앙보훈병원김포공항
12:54급,12:52급,15:22급,15:27
김포공항중앙보훈병원,중앙보훈병원김포공항,김포공항중앙보훈병원,중앙보훈병원개화
12:59,12:57,15:27,15:32급
개화중앙보훈병원,중앙보훈병원개화,개화중앙보훈병원,중앙보훈병원김포공항
13:05급,13:03급,15:33급,15:38
김포공항중앙보훈병원,중앙보훈병원김포공항,김포공항중앙보훈병원,중앙보훈병원개화
13:10,13:08,15:38,15:43급
개화중앙보훈병원,중앙보훈병원개화,개화중앙보훈병원,중앙보훈병원김포공항
13:16급,13:14급,15:44급,15:49
김포공항중앙보훈병원,중앙보훈병원김포공항,김포공항중앙보훈병원,중앙보훈병원개화
13:21,13:20,15:49,15:54급
개화중앙보훈병원,중앙보훈병원개화,개화중앙보훈병원,중앙보훈병원김포공항
13:27급,13:26급,15:55급,-
김포공항중앙보훈병원,중앙보훈병원김포공항,김포공항중앙보훈병원,-
13:32,13:32,16:00,16:00
개화중앙보훈병원,중앙보훈병원개화,개화중앙보훈병원,중앙보훈병원개화
13:38급,13:38급,16:06급,16:05급
김포공항중앙보훈병원,중앙보훈병원김포공항,김포공항중앙보훈병원,중앙보훈병원김포공항
13:43,13:43,16:11,16:11
개화중앙보훈병원,중앙보훈병원개화,개화중앙보훈병원,중앙보훈병원개화
13:49급,13:49급,16:17급,16:16급
김포공항중앙보훈병원,중앙보훈병원김포공항,김포공항중앙보훈병원,중앙보훈병원김포공항
13:54,13:54,16:22,16:22
개화중앙보훈병원,중앙보훈병원개화,개화중앙보훈병원,중앙보훈병원개화
14:00급,14:00급,16:28급,16:27급
김포공항중앙보훈병원,중앙보훈병원김포공항,김포공항중앙보훈병원,중앙보훈병원김포공항
14:05,14:05,16:33,16:33
개화중앙보훈병원,중앙보훈병원개화,개화중앙보훈병원,중앙보훈병원개화
14:11급,14:11급,16:39급,16:38급
김포공항중앙보훈병원,중앙보훈병원김포공항,김포공항중앙보훈병원,중앙보훈병원김포공항
14:16,14:16,16:44,16:44
개화중앙보훈병원,중앙보훈병원개화,개화중앙보훈병원,중앙보훈병원개화
14:22급,14:22급,16:50급,16:49급
김포공항중앙보훈병원,중앙보훈병원김포공항,김포공항중앙보훈병원,중앙보훈병원김포공항
14:28,14:27,16:55,16:55
개화중앙보훈병원,중앙보훈병원개화,개화중앙보훈병원,중앙보훈병원개화
14:34급,14:33급,17:01급,17:00급
김포공항중앙보훈병원,중앙보훈병원김포공항,김포공항중앙보훈병원,중앙보훈병원김포공항
14:40,14:38,17:06,17:06
개화중앙보훈병원,중앙보훈병원개화,개화중앙보훈병원,중앙보훈병원개화
14:46급,14:44급,17:12급,17:11급
김포공항중앙보훈병원,중앙보훈병원김포공항,김포공항중앙보훈병원,중앙보훈병원김포공항
14:51,14:49,17:17,17:17
개화중앙보훈병원,중앙보훈병원개화,개화중앙보훈병원,중앙보훈병원개화
14:56급,14:55급,17:23급,17:22급
김포공항중앙보훈병원,중앙보훈병원김포공항,김포공항중앙보훈병원,중앙보훈병원김포공항
15:02,15:00,17:28,17:28
개화중앙보훈병원,중앙보훈병원개화,개화중앙보훈병원,중앙보훈병원개화
15:07급,15:06급,17:34급,17:33급
김포공항중앙보훈병원,중앙보훈병원김포공항,김포공항중앙보훈병원,중앙보훈병원김포공항
15:13,15:11,17:39,17:39
개화중앙보훈병원,중앙보훈병원개화,개화중앙보훈병원,중앙보훈병원개화
15:18급,15:17급,17:45급,17:44급
김포공항중앙보훈병원,중앙보훈병원김포공항,김포공항중앙보훈병원,중앙보훈병원김포공항
15:24,15:22,17:50,17:50
개화중앙보훈병원,중앙보훈병원개화,개화중앙보훈병원,중앙보훈병원개화
15:29급,15:28급,17:56급,17:55급
김포공항중앙보훈병원,중앙보훈병원김포공항,김포공항중앙보훈병원,중앙보훈병원김포공항
15:35,15:33,18:01,18:01
개화중앙보훈병원,중앙보훈병원개화,개화중앙보훈병원,중앙보훈병원개화
15:40급,15:39급,18:07급,18:06급
김포공항중앙보훈병원,중앙보훈병원김포공항,김포공항중앙보훈병원,중앙보훈병원김포공항
15:46,15:44,18:12,18:12
개화중앙보훈병원,중앙보훈병원개화,개화중앙보훈병원,중앙보훈병원개화
15:51급,15:50급,18:18급,18:17급
김포공항중앙보훈병원,중앙보훈병원김포공항,김포공항중앙보훈병원,중앙보훈병원김포공항
15:57,15:55,18:23,18:23
개화중앙보훈병원,중앙보훈병원개화,개화중앙보훈병원,중앙보훈병원개화
16:02급,16:01급,18:29급,18:28급
김포공항중앙보훈병원,중앙보훈병원김포공항,김포공항중앙보훈병원,중앙보훈병원김포공항
16:08,16:07,18:34,18:34
개화중앙보훈병원,중앙보훈병원개화,개화중앙보훈병원,중앙보훈병원개화
16:13급,16:13급,18:40급,18:39급
김포공항중앙보훈병원,중앙보훈병원김포공항,김포공항중앙보훈병원,중앙보훈병원김포공항
16:15,16:19,18:45,18:45
개화중앙보훈병원,중앙보훈병원개화,개화중앙보훈병원,중앙보훈병원개화
16:19,16:25급,18:51급,18:50급
개화중앙보훈병원,중앙보훈병원김포공항,김포공항중앙보훈병원,중앙보훈병원김포공항
16:24급,16:30,18:56,18:56
김포공항중앙보훈병원,중앙보훈병원개화,개화중앙보훈병원,중앙보훈병원개화
16:30,16:36급,19:02급,19:01급
개화중앙보훈병원,중앙보훈병원김포공항,김포공항중앙보훈병원,중앙보훈병원김포공항
16:36급,16:41,19:07,19:07
김포공항중앙보훈병원,중앙보훈병원개화,개화중앙보훈병원,중앙보훈병원개화
16:41,16:47급,19:13급,19:12급
개화중앙보훈병원,중앙보훈병원김포공항,김포공항중앙보훈병원,중앙보훈병원김포공항
16:47급,16:52,19:18,19:18
김포공항중앙보훈병원,중앙보훈병원개화,개화중앙보훈병원,중앙보훈병원개화
16:48,16:58급,19:24급,19:23급
개화중앙보훈병원,중앙보훈병원김포공항,김포공항중앙보훈병원,중앙보훈병원김포공항
16:53,-,19:29,19:29
개화중앙보훈병원,-,개화중앙보훈병원,중앙보훈병원개화
16:57급,-,19:35급,19:34급
김포공항중앙보훈병원,-,김포공항중앙보훈병원,중앙보훈병원김포공항
17:03,17:03,19:40,19:40
개화중앙보훈병원,중앙보훈병원개화,개화중앙보훈병원,중앙보훈병원개화
17:05급,17:09급,19:46급,19:45급
김포공항중앙보훈병원,중앙보훈병원김포공항,김포공항중앙보훈병원,중앙보훈병원김포공항
17:10,17:14,19:51,19:51
개화중앙보훈병원,중앙보훈병원개화,개화중앙보훈병원,중앙보훈병원개화
17:12급,17:20급,19:57급,19:56급
김포공항중앙보훈병원,중앙보훈병원김포공항,김포공항중앙보훈병원,중앙보훈병원김포공항
17:17,17:25,20:02,20:02
개화중앙보훈병원,중앙보훈병원개화,개화중앙보훈병원,중앙보훈병원개화
17:19급,17:31급,20:08급,20:07급
김포공항중앙보훈병원,중앙보훈병원김포공항,김포공항중앙보훈병원,중앙보훈병원김포공항
17:24,17:36,20:13,20:13
개화중앙보훈병원,중앙보훈병원개화,개화중앙보훈병원,중앙보훈병원개화
17:27급,17:42급,20:20급,20:18급
김포공항중앙보훈병원,중앙보훈병원김포공항,김포공항중앙보훈병원,중앙보훈병원김포공항
17:31,17:47,20:25,20:24
개화중앙보훈병원,중앙보훈병원개화,개화중앙보훈병원,중앙보훈병원개화
17:34급,17:53급,20:32급,20:29급
김포공항중앙보훈병원,중앙보훈병원김포공항,김포공항중앙보훈병원,중앙보훈병원김포공항
17:39,17:58,20:37,20:35
개화중앙보훈병원,중앙보훈병원개화,개화중앙보훈병원,중앙보훈병원개화
17:41급,-,20:44급,20:40급
김포공항중앙보훈병원,-,김포공항중앙보훈병원,중앙보훈병원김포공항
17:46,-,20:49,20:46
개화중앙보훈병원,-,개화중앙보훈병원,중앙보훈병원개화
17:48급,-,20:56급,20:51급
김포공항중앙보훈병원,-,김포공항중앙보훈병원,중앙보훈병원김포공항
17:53,-,-,20:57
개화중앙보훈병원,-,-,중앙보훈병원개화
17:55급,-,21:01,21:02급
김포공항중앙보훈병원,-,개화중앙보훈병원,중앙보훈병원김포공항
18:00,18:04급,21:08급,21:08
개화중앙보훈병원,중앙보훈병원김포공항,김포공항중앙보훈병원,중앙보훈병원개화
18:02급,18:09,21:13,21:13급
김포공항중앙보훈병원,중앙보훈병원개화,개화중앙보훈병원,중앙보훈병원김포공항
18:07,18:15급,21:19급,21:19
개화중앙보훈병원,중앙보훈병원김포공항,김포공항중앙보훈병원,중앙보훈병원개화
18:10급,18:20,21:25,21:24급
김포공항중앙보훈병원,중앙보훈병원개화,개화중앙보훈병원,중앙보훈병원김포공항
18:14,18:26급,21:31급,21:30
개화중앙보훈병원,중앙보훈병원김포공항,김포공항중앙보훈병원,중앙보훈병원개화
18:17급,18:28,21:37,21:35급
김포공항중앙보훈병원,중앙보훈병원개화,개화중앙보훈병원,중앙보훈병원김포공항
18:22,18:34급,21:43급,21:41
개화중앙보훈병원,중앙보훈병원김포공항,김포공항중앙보훈병원,중앙보훈병원개화
18:24급,18:36,21:49,21:46급
김포공항중앙보훈병원,중앙보훈병원개화,개화중앙보훈병원,중앙보훈병원김포공항
18:29,18:42급,21:55급,21:52
개화중앙보훈병원,중앙보훈병원김포공항,김포공항중앙보훈병원,중앙보훈병원개화
18:31급,18:45,-,21:58급
김포공항중앙보훈병원,중앙보훈병원개화,-,중앙보훈병원김포공항
18:36,18:50급,22:01,22:03
개화중앙보훈병원,중앙보훈병원김포공항,개화중앙보훈병원,중앙보훈병원개화
18:38급,18:53,22:07급,22:09급
김포공항중앙보훈병원,중앙보훈병원개화,김포공항중앙보훈병원,중앙보훈병원김포공항
18:43,18:58급,22:14,22:15
개화중앙보훈병원,중앙보훈병원김포공항,개화중앙보훈병원,중앙보훈병원개화
18:45급,-,22:20급,22:21급
김포공항중앙보훈병원,-,김포공항중앙보훈병원,중앙보훈병원김포공항
18:50,-,22:27,22:27
개화중앙보훈병원,-,개화중앙보훈병원,중앙보훈병원개화
18:53급,-,22:33급,22:33급
김포공항중앙보훈병원,-,김포공항중앙보훈병원,중앙보훈병원김포공항
18:57,-,22:40,22:39
개화중앙보훈병원,-,개화중앙보훈병원,중앙보훈병원개화
19:00급,19:01,22:46급막,22:45급
김포공항중앙보훈병원,중앙보훈병원개화,김포공항중앙보훈병원,중앙보훈병원김포공항
19:05,19:06급,22:52,22:51
개화중앙보훈병원,중앙보훈병원김포공항,개화중앙보훈병원,중앙보훈병원개화
19:07급,19:09,-,22:57급
김포공항중앙보훈병원,중앙보훈병원개화,-,중앙보훈병원김포공항
19:12,19:14급,23:03,23:03
개화중앙보훈병원,중앙보훈병원김포공항,개화중앙보훈병원,중앙보훈병원개화
19:14급,19:16,23:16막,23:09급
김포공항중앙보훈병원,중앙보훈병원개화,개화중앙보훈병원,중앙보훈병원김포공항
19:19,19:21급,23:29막,23:15
개화중앙보훈병원,중앙보훈병원김포공항,개화신논현,중앙보훈병원개화
19:22급,19:23,23:42막,23:22급
김포공항중앙보훈병원,중앙보훈병원개화,개화동작,중앙보훈병원김포공항
19:28,19:28급,-,23:28
개화중앙보훈병원,중앙보훈병원김포공항,-,중앙보훈병원개화
19:31급,19:30,-,23:35급
김포공항중앙보훈병원,중앙보훈병원개화,-,중앙보훈병원김포공항
19:37,19:35급,-,23:41막
개화중앙보훈병원,중앙보훈병원김포공항,-,중앙보훈병원개화
19:40급,19:37,-,23:48급막
김포공항중앙보훈병원,중앙보훈병원개화,-,중앙보훈병원김포공항
19:46,19:42급,-,23:54막
개화중앙보훈병원,중앙보훈병원김포공항,-,중앙보훈병원염창
19:51급,19:45,-,-
김포공항중앙보훈병원,중앙보훈병원개화,-,-
19:57,19:50급,-,-
개화중앙보훈병원,중앙보훈병원김포공항,-,-
-,19:52,-,-
-,중앙보훈병원개화,-,-
-,19:57급,-,-
-,중앙보훈병원김포공항,-,-
-,19:59,-,-
-,중앙보훈병원개화,-,-
20:02급,20:04급,-,-
김포공항중앙보훈병원,중앙보훈병원김포공항,-,-
20:08,20:06,-,-
개화중앙보훈병원,중앙보훈병원개화,-,-
20:13급,20:11급,-,-
김포공항중앙보훈병원,중앙보훈병원김포공항,-,-
20:19,20:13,-,-
개화중앙보훈병원,중앙보훈병원개화,-,-
20:24급,20:18급,-,-
김포공항중앙보훈병원,중앙보훈병원김포공항,-,-
20:30,20:20,-,-
개화중앙보훈병원,중앙보훈병원개화,-,-
20:35급,20:25급,-,-
김포공항중앙보훈병원,중앙보훈병원김포공항,-,-
20:41,20:28,-,-
개화중앙보훈병원,중앙보훈병원개화,-,-
20:46급,20:33급,-,-
김포공항중앙보훈병원,중앙보훈병원김포공항,-,-
20:52,20:35,-,-
개화중앙보훈병원,중앙보훈병원개화,-,-
20:57급,20:40급,-,-
김포공항중앙보훈병원,중앙보훈병원김포공항,-,-
-,20:42,-,-
-,중앙보훈병원개화,-,-
-,20:47급,-,-
-,중앙보훈병원김포공항,-,-
-,20:49,-,-
-,중앙보훈병원개화,-,-
-,20:54급,-,-
-,중앙보훈병원김포공항,-,-
-,20:56,-,-
-,중앙보훈병원개화,-,-
21:03,21:01급,-,-
개화중앙보훈병원,중앙보훈병원김포공항,-,-
21:08급,21:03,-,-
김포공항중앙보훈병원,중앙보훈병원개화,-,-
21:14,21:08,-,-
개화중앙보훈병원,중앙보훈병원개화,-,-
21:19급,21:10급,-,-
김포공항중앙보훈병원,중앙보훈병원김포공항,-,-
21:25,21:18,-,-
개화중앙보훈병원,중앙보훈병원개화,-,-
21:30급,21:21급,-,-
김포공항중앙보훈병원,중앙보훈병원김포공항,-,-
21:36,21:26,-,-
개화중앙보훈병원,중앙보훈병원개화,-,-
21:41급,21:32급,-,-
김포공항중앙보훈병원,중앙보훈병원김포공항,-,-
21:47,21:34,-,-
개화중앙보훈병원,중앙보훈병원개화,-,-
21:52급,21:37,-,-
김포공항중앙보훈병원,중앙보훈병원개화,-,-
21:58,21:43급,-,-
개화중앙보훈병원,중앙보훈병원김포공항,-,-
-,21:48,-,-
-,중앙보훈병원개화,-,-
-,21:54급,-,-
-,중앙보훈병원김포공항,-,-
-,21:59,-,-
-,중앙보훈병원개화,-,-
22:03급,22:05급,-,-
김포공항중앙보훈병원,중앙보훈병원김포공항,-,-
22:09,22:10,-,-
개화중앙보훈병원,중앙보훈병원개화,-,-
22:14급,22:16급,-,-
김포공항중앙보훈병원,중앙보훈병원김포공항,-,-
22:20,22:21,-,-
개화중앙보훈병원,중앙보훈병원개화,-,-
22:25급,22:27급,-,-
김포공항중앙보훈병원,중앙보훈병원김포공항,-,-
22:31,22:32,-,-
개화중앙보훈병원,중앙보훈병원개화,-,-
22:36급,22:38급,-,-
김포공항중앙보훈병원,중앙보훈병원김포공항,-,-
22:42,22:43,-,-
개화중앙보훈병원,중앙보훈병원개화,-,-
22:47급,22:49급,-,-
김포공항중앙보훈병원,중앙보훈병원김포공항,-,-
22:53,22:55,-,-
개화중앙보훈병원,중앙보훈병원개화,-,-
22:58급,-,-,-
김포공항중앙보훈병원,-,-,-
23:04,23:00급,-,-
개화중앙보훈병원,중앙보훈병원김포공항,-,-
23:09급,23:04,-,-
김포공항중앙보훈병원,중앙보훈병원개화,-,-
23:15,23:10급,-,-
개화중앙보훈병원,중앙보훈병원김포공항,-,-
23:20급,23:15,-,-
김포공항중앙보훈병원,중앙보훈병원개화,-,-
23:26,23:21급,-,-
개화중앙보훈병원,중앙보훈병원김포공항,-,-
23:31급,23:26,-,-
김포공항중앙보훈병원,중앙보훈병원개화,-,-
23:37,23:32급,-,-
개화중앙보훈병원,중앙보훈병원김포공항,-,-
23:42급막,23:37,-,-
김포공항중앙보훈병원,중앙보훈병원개화,-,-
23:48,23:43급,-,-
개화중앙보훈병원,중앙보훈병원김포공항,-,-
23:57,23:48,-,-
개화중앙보훈병원,중앙보훈병원개화,-,-
-,23:54급,-,-
-,중앙보훈병원김포공항,-,-
-,23:59,-,-
-,중앙보훈병원개화,-,-
00:08막,00:05급,-,-
개화중앙보훈병원,중앙보훈병원김포공항,-,-
00:20막,0:10,-,-
개화삼전,중앙보훈병원개화,-,-
00:32막,00:16급,-,-
개화신논현,중앙보훈병원김포공항,-,-
00:45막,0:21,-,-
개화동작,중앙보훈병원개화,-,-
-,00:27급,-,-
-,중앙보훈병원김포공항,-,-
-,00:32막,-,-
-,중앙보훈병원개화,-,-
-,00:38급,-,-
-,중앙보훈병원김포공항,-,-
-,00:42막,-,-
-,중앙보훈병원마곡나루,-,-
-,00:48급막,-,-
-,중앙보훈병원김포공항,-,-
-,00:54막,-,-
-,중앙보훈병원염창,-,-
