﻿신논현방면,고속터미널방면,신논현방면,고속터미널방면
평일,평일,주말,주말
05:39첫,05:32첫,05:37첫,05:32첫
동작중앙보훈병원,신논현개화,동작중앙보훈병원,신논현개화
5:52,5:45,5:50,5:45
여의도중앙보훈병원,삼전개화,여의도중앙보훈병원,삼전개화
6:06,6:00,6:03,6:03
염창중앙보훈병원,중앙보훈병원개화,염창중앙보훈병원,중앙보훈병원개화
6:17,6:15,6:15,6:14
마곡나루중앙보훈병원,중앙보훈병원개화,마곡나루중앙보훈병원,중앙보훈병원개화
6:27,6:28,6:25,6:27
개화중앙보훈병원,중앙보훈병원개화,개화중앙보훈병원,중앙보훈병원개화
6:39,6:41,6:37,6:40
개화중앙보훈병원,중앙보훈병원개화,개화중앙보훈병원,중앙보훈병원개화
6:51,6:54,6:49,6:52
개화중앙보훈병원,중앙보훈병원개화,개화중앙보훈병원,중앙보훈병원개화
7:04,7:07,7:01,7:04
개화중앙보훈병원,중앙보훈병원개화,개화중앙보훈병원,중앙보훈병원개화
7:13,7:20,7:13,7:16
개화중앙보훈병원,중앙보훈병원개화,개화중앙보훈병원,중앙보훈병원개화
7:22,7:27,7:25,7:28
개화중앙보훈병원,중앙보훈병원개화,개화중앙보훈병원,중앙보훈병원개화
7:29,7:39,7:37,7:40
개화중앙보훈병원,중앙보훈병원개화,개화중앙보훈병원,중앙보훈병원개화
7:36,7:51,7:49,7:52
개화중앙보훈병원,중앙보훈병원개화,개화중앙보훈병원,중앙보훈병원개화
7:43,7:59,8:01,8:04
개화중앙보훈병원,중앙보훈병원개화,개화중앙보훈병원,중앙보훈병원개화
7:50,-,8:13,8:16
개화중앙보훈병원,-,개화중앙보훈병원,중앙보훈병원개화
7:57,-,8:25,8:28
개화중앙보훈병원,-,개화중앙보훈병원,중앙보훈병원개화
8:03,8:07,8:37,8:40
개화중앙보훈병원,중앙보훈병원개화,개화중앙보훈병원,중앙보훈병원개화
8:10,8:16,8:49,8:52
개화중앙보훈병원,중앙보훈병원개화,개화중앙보훈병원,중앙보훈병원개화
8:17,8:25,9:01,9:04
개화중앙보훈병원,중앙보훈병원개화,개화중앙보훈병원,중앙보훈병원개화
8:24,8:33,9:13,9:16
개화중앙보훈병원,중앙보훈병원개화,개화중앙보훈병원,중앙보훈병원개화
8:31,8:41,9:25,9:28
개화중앙보훈병원,중앙보훈병원개화,개화중앙보훈병원,중앙보훈병원개화
8:38,8:48,9:37,9:40
개화중앙보훈병원,중앙보훈병원개화,개화중앙보훈병원,중앙보훈병원개화
8:44,8:54,9:49,9:52
개화중앙보훈병원,중앙보훈병원개화,개화중앙보훈병원,중앙보훈병원개화
8:51,-,10:00,10:04
개화중앙보훈병원,-,개화중앙보훈병원,중앙보훈병원개화
8:58,-,10:11,10:16
개화중앙보훈병원,-,개화중앙보훈병원,중앙보훈병원개화
9:05,9:01,10:22,10:27
개화중앙보훈병원,중앙보훈병원개화,개화중앙보훈병원,중앙보훈병원개화
9:12,9:08,10:33,10:38
개화중앙보훈병원,중앙보훈병원개화,개화중앙보훈병원,중앙보훈병원개화
9:19,9:15,10:44,10:49
개화중앙보훈병원,중앙보훈병원개화,개화중앙보훈병원,중앙보훈병원개화
9:24,9:22,10:55,-
개화중앙보훈병원,중앙보훈병원개화,개화중앙보훈병원,-
9:32,9:29,11:06,11:00
개화중앙보훈병원,중앙보훈병원개화,개화중앙보훈병원,중앙보훈병원개화
9:43,9:35,11:17,11:11
개화중앙보훈병원,중앙보훈병원개화,개화중앙보훈병원,중앙보훈병원개화
9:54,9:42,11:28,11:22
개화중앙보훈병원,중앙보훈병원개화,개화중앙보훈병원,중앙보훈병원개화
-,9:49,11:39,11:33
-,중앙보훈병원개화,개화중앙보훈병원,중앙보훈병원개화
-,9:56,11:50,11:44
-,중앙보훈병원개화,개화중앙보훈병원,중앙보훈병원개화
10:05,10:03,-,11:55
개화중앙보훈병원,중앙보훈병원개화,-,중앙보훈병원개화
10:16,10:10,12:01,12:06
개화중앙보훈병원,중앙보훈병원개화,개화중앙보훈병원,중앙보훈병원개화
10:27,10:16,12:12,12:17
개화중앙보훈병원,중앙보훈병원개화,개화중앙보훈병원,중앙보훈병원개화
10:38,10:24,12:23,12:28
개화중앙보훈병원,중앙보훈병원개화,개화중앙보훈병원,중앙보훈병원개화
10:49,10:30,12:34,12:39
개화중앙보훈병원,중앙보훈병원개화,개화중앙보훈병원,중앙보훈병원개화
-,10:38,12:45,12:50
-,중앙보훈병원개화,개화중앙보훈병원,중앙보훈병원개화
-,10:45,12:56,-
-,중앙보훈병원개화,개화중앙보훈병원,-
-,10:52,13:07,13:01
-,중앙보훈병원개화,개화중앙보훈병원,중앙보훈병원개화
11:00,11:03,13:18,13:12
개화중앙보훈병원,중앙보훈병원개화,개화중앙보훈병원,중앙보훈병원개화
11:11,11:14,13:29,13:23
개화중앙보훈병원,중앙보훈병원개화,개화중앙보훈병원,중앙보훈병원개화
11:22,11:25,13:40,13:34
개화중앙보훈병원,중앙보훈병원개화,개화중앙보훈병원,중앙보훈병원개화
11:33,11:36,13:51,13:45
개화중앙보훈병원,중앙보훈병원개화,개화중앙보훈병원,중앙보훈병원개화
11:44,11:47,-,13:56
개화중앙보훈병원,중앙보훈병원개화,-,중앙보훈병원개화
11:55,11:58,14:02,14:07
개화중앙보훈병원,중앙보훈병원개화,개화중앙보훈병원,중앙보훈병원개화
12:07,12:09,14:13,14:18
개화중앙보훈병원,중앙보훈병원개화,개화중앙보훈병원,중앙보훈병원개화
12:19,12:20,14:24,14:29
개화중앙보훈병원,중앙보훈병원개화,개화중앙보훈병원,중앙보훈병원개화
12:30,12:31,14:35,14:40
개화중앙보훈병원,중앙보훈병원개화,개화중앙보훈병원,중앙보훈병원개화
12:41,12:42,14:46,14:51
개화중앙보훈병원,중앙보훈병원개화,개화중앙보훈병원,중앙보훈병원개화
12:52,12:54,14:57,-
개화중앙보훈병원,중앙보훈병원개화,개화중앙보훈병원,-
13:03,13:06,15:08,15:02
개화중앙보훈병원,중앙보훈병원개화,개화중앙보훈병원,중앙보훈병원개화
13:14,13:17,15:19,15:13
개화중앙보훈병원,중앙보훈병원개화,개화중앙보훈병원,중앙보훈병원개화
13:25,13:28,15:30,15:24
개화중앙보훈병원,중앙보훈병원개화,개화중앙보훈병원,중앙보훈병원개화
13:36,13:39,15:41,15:35
개화중앙보훈병원,중앙보훈병원개화,개화중앙보훈병원,중앙보훈병원개화
13:47,13:50,15:52,15:46
개화중앙보훈병원,중앙보훈병원개화,개화중앙보훈병원,중앙보훈병원개화
13:58,-,-,15:57
개화중앙보훈병원,-,-,중앙보훈병원개화
14:09,14:01,16:03,16:08
개화중앙보훈병원,중앙보훈병원개화,개화중앙보훈병원,중앙보훈병원개화
14:20,14:12,16:14,16:19
개화중앙보훈병원,중앙보훈병원개화,개화중앙보훈병원,중앙보훈병원개화
14:31,14:23,16:25,16:30
개화중앙보훈병원,중앙보훈병원개화,개화중앙보훈병원,중앙보훈병원개화
14:42,14:34,16:36,16:41
개화중앙보훈병원,중앙보훈병원개화,개화중앙보훈병원,중앙보훈병원개화
14:54,14:45,16:47,16:52
개화중앙보훈병원,중앙보훈병원개화,개화중앙보훈병원,중앙보훈병원개화
-,14:56,16:58,-
-,중앙보훈병원개화,개화중앙보훈병원,-
15:06,15:07,17:09,17:03
개화중앙보훈병원,중앙보훈병원개화,개화중앙보훈병원,중앙보훈병원개화
15:17,15:18,17:20,17:14
개화중앙보훈병원,중앙보훈병원개화,개화중앙보훈병원,중앙보훈병원개화
15:28,15:29,17:31,17:25
개화중앙보훈병원,중앙보훈병원개화,개화중앙보훈병원,중앙보훈병원개화
15:39,15:41,17:42,17:36
개화중앙보훈병원,중앙보훈병원개화,개화중앙보훈병원,중앙보훈병원개화
15:50,15:53,17:53,17:47
개화중앙보훈병원,중앙보훈병원개화,개화중앙보훈병원,중앙보훈병원개화
16:01,16:04,-,17:58
개화중앙보훈병원,중앙보훈병원개화,-,중앙보훈병원개화
16:12,16:15,18:04,18:09
개화중앙보훈병원,중앙보훈병원개화,개화중앙보훈병원,중앙보훈병원개화
16:23,16:26,18:15,18:20
개화중앙보훈병원,중앙보훈병원개화,개화중앙보훈병원,중앙보훈병원개화
16:34,16:37,18:26,18:31
개화중앙보훈병원,중앙보훈병원개화,개화중앙보훈병원,중앙보훈병원개화
16:42,16:48,18:37,18:42
개화중앙보훈병원,중앙보훈병원개화,개화중앙보훈병원,중앙보훈병원개화
16:45,16:59,18:48,18:53
개화중앙보훈병원,중앙보훈병원개화,개화중앙보훈병원,중앙보훈병원개화
16:56,-,18:59,-
개화중앙보훈병원,-,개화중앙보훈병원,-
17:07,17:10,19:10,19:04
개화중앙보훈병원,중앙보훈병원개화,개화중앙보훈병원,중앙보훈병원개화
17:15,17:21,19:21,19:15
개화중앙보훈병원,중앙보훈병원개화,개화중앙보훈병원,중앙보훈병원개화
17:23,17:32,19:32,19:26
개화중앙보훈병원,중앙보훈병원개화,개화중앙보훈병원,중앙보훈병원개화
17:31,17:43,19:43,19:37
개화중앙보훈병원,중앙보훈병원개화,개화중앙보훈병원,중앙보훈병원개화
17:38,17:54,19:54,19:48
개화중앙보훈병원,중앙보훈병원개화,개화중앙보훈병원,중앙보훈병원개화
17:46,-,-,19:59
개화중앙보훈병원,-,-,중앙보훈병원개화
17:53,-,20:05,20:10
개화중앙보훈병원,-,개화중앙보훈병원,중앙보훈병원개화
18:00,18:02,20:16,20:21
개화중앙보훈병원,중앙보훈병원개화,개화중앙보훈병원,중앙보훈병원개화
18:07,18:10,20:27,20:32
개화중앙보훈병원,중앙보훈병원개화,개화중앙보훈병원,중앙보훈병원개화
18:14,18:19,20:38,20:43
개화중앙보훈병원,중앙보훈병원개화,개화중앙보훈병원,중앙보훈병원개화
18:21,18:27,20:50,20:54
개화중앙보훈병원,중앙보훈병원개화,개화중앙보훈병원,중앙보훈병원개화
18:29,18:35,21:02,21:05
개화중앙보훈병원,중앙보훈병원개화,개화중앙보훈병원,중앙보훈병원개화
18:36,18:43,21:14,21:16
개화중앙보훈병원,중앙보훈병원개화,개화중앙보훈병원,중앙보훈병원개화
18:43,18:50,21:26,21:27
개화중앙보훈병원,중앙보훈병원개화,개화중앙보훈병원,중앙보훈병원개화
18:50,18:57,21:38,21:38
개화중앙보훈병원,중앙보훈병원개화,개화중앙보훈병원,중앙보훈병원개화
18:57,-,21:50,21:50
개화중앙보훈병원,-,개화중앙보훈병원,중앙보훈병원개화
19:04,19:04,22:02,22:02
개화중앙보훈병원,중앙보훈병원개화,개화중앙보훈병원,중앙보훈병원개화
19:12,19:11,22:14,22:14
개화중앙보훈병원,중앙보훈병원개화,개화중앙보훈병원,중앙보훈병원개화
19:19,19:19,22:27,22:26
개화중앙보훈병원,중앙보훈병원개화,개화중앙보훈병원,중앙보훈병원개화
19:26,19:26,22:40,22:38
개화중앙보훈병원,중앙보훈병원개화,개화중앙보훈병원,중앙보훈병원개화
19:33,19:33,22:53,22:50
개화중앙보훈병원,중앙보훈병원개화,개화중앙보훈병원,중앙보훈병원개화
19:40,19:40,23:05,23:03
개화중앙보훈병원,중앙보훈병원개화,개화중앙보훈병원,중앙보훈병원개화
19:48,19:47,23:15,23:16막
개화중앙보훈병원,중앙보훈병원개화,개화중앙보훈병원,중앙보훈병원개화
19:57,19:54,23:26,23:29막
개화중앙보훈병원,중앙보훈병원개화,개화중앙보훈병원,중앙보훈병원염창
20:04,20:02,23:39막,23:42막
개화중앙보훈병원,중앙보훈병원개화,개화중앙보훈병원,중앙보훈병원여의도
20:12,20:09,23:52막,23:53막
개화중앙보훈병원,중앙보훈병원개화,개화신논현,중앙보훈병원동작
20:23,20:16,-,-
개화중앙보훈병원,중앙보훈병원개화,-,-
20:34,20:23,-,-
개화중앙보훈병원,중앙보훈병원개화,-,-
20:45,20:30,-,-
개화중앙보훈병원,중앙보훈병원개화,-,-
20:56,20:37,-,-
개화중앙보훈병원,중앙보훈병원개화,-,-
-,20:45,-,-
-,중앙보훈병원개화,-,-
-,20:54,-,-
-,중앙보훈병원개화,-,-
21:07,21:00,-,-
개화중앙보훈병원,중앙보훈병원개화,-,-
21:18,21:08,-,-
개화중앙보훈병원,중앙보훈병원개화,-,-
21:29,21:11,-,-
개화중앙보훈병원,중앙보훈병원개화,-,-
21:40,21:22,-,-
개화중앙보훈병원,중앙보훈병원개화,-,-
21:51,21:33,-,-
개화중앙보훈병원,중앙보훈병원개화,-,-
-,21:44,-,-
-,중앙보훈병원개화,-,-
-,21:55,-,-
-,중앙보훈병원개화,-,-
22:02,22:06,-,-
개화중앙보훈병원,중앙보훈병원개화,-,-
22:13,22:17,-,-
개화중앙보훈병원,중앙보훈병원개화,-,-
22:24,22:29,-,-
개화중앙보훈병원,중앙보훈병원개화,-,-
22:35,22:38,-,-
개화중앙보훈병원,중앙보훈병원개화,-,-
22:46,22:49,-,-
개화중앙보훈병원,중앙보훈병원개화,-,-
22:57,-,-,-
개화중앙보훈병원,-,-,-
23:08,23:00,-,-
개화중앙보훈병원,중앙보훈병원개화,-,-
23:19,23:11,-,-
개화중앙보훈병원,중앙보훈병원개화,-,-
23:30,23:22,-,-
개화중앙보훈병원,중앙보훈병원개화,-,-
23:41,23:33,-,-
개화중앙보훈병원,중앙보훈병원개화,-,-
23:52,23:44,-,-
개화중앙보훈병원,중앙보훈병원개화,-,-
-,23:55,-,-
-,중앙보훈병원개화,-,-
0:03,00:06막,-,-
개화중앙보훈병원,중앙보훈병원개화,-,-
0:12,00:17막,-,-
개화중앙보훈병원,중앙보훈병원마곡나루,-,-
0:18,00:28막,-,-
개화중앙보훈병원,중앙보훈병원염창,-,-
00:32막,00:40막,-,-
개화중앙보훈병원,중앙보훈병원여의도,-,-
00:44막,00:49막,-,-
개화삼전,중앙보훈병원동작,-,-
00:56막,-,-,-
개화신논현,-,-,-
