﻿송파나루방면,석촌고분방면,송파나루방면,석촌고분방면
평일,평일,주말,주말
05:33첫,05:41첫,05:33첫,05:42첫
삼전중앙보훈병원,중앙보훈병원개화,삼전중앙보훈병원,중앙보훈병원개화
5:47,5:54,5:46,5:55
신논현중앙보훈병원,중앙보훈병원개화,신논현중앙보훈병원,중앙보훈병원개화
5:59,-,5:57,-
동작중앙보훈병원,-,동작중앙보훈병원,-
06:01급첫,06:00급첫,05:59급첫,-
당산중앙보훈병원,중앙보훈병원김포공항,당산중앙보훈병원,-
6:13,6:07,6:10,06:06급첫
여의도중앙보훈병원,중앙보훈병원개화,여의도중앙보훈병원,중앙보훈병원김포공항
06:15급,06:14급,06:12급,6:08
김포공항중앙보훈병원,중앙보훈병원김포공항,김포공항중앙보훈병원,중앙보훈병원개화
6:26,6:20,6:22,06:19급
염창중앙보훈병원,중앙보훈병원개화,염창중앙보훈병원,중앙보훈병원김포공항
06:28급,06:27급,06:24급,6:21
김포공항중앙보훈병원,중앙보훈병원김포공항,김포공항중앙보훈병원,중앙보훈병원개화
6:36,6:33,6:33,06:31급
마곡나루중앙보훈병원,중앙보훈병원개화,마곡나루중앙보훈병원,중앙보훈병원김포공항
06:38급,06:40급,06:35급,6:33
김포공항중앙보훈병원,중앙보훈병원김포공항,김포공항중앙보훈병원,중앙보훈병원개화
6:47,6:46,6:44,06:43급
개화중앙보훈병원,중앙보훈병원개화,개화중앙보훈병원,중앙보훈병원김포공항
06:49급,06:53급,06:46급,6:45
김포공항중앙보훈병원,중앙보훈병원김포공항,김포공항중앙보훈병원,중앙보훈병원개화
6:59,6:59,6:56,06:55급
개화중앙보훈병원,중앙보훈병원개화,개화중앙보훈병원,중앙보훈병원김포공항
07:01급,07:06급,06:58급,6:57
김포공항중앙보훈병원,중앙보훈병원김포공항,김포공항중앙보훈병원,중앙보훈병원개화
7:11,7:07,7:08,07:07급
개화중앙보훈병원,중앙보훈병원개화,개화중앙보훈병원,중앙보훈병원김포공항
07:13급,07:18급,07:10급,7:09
김포공항중앙보훈병원,중앙보훈병원김포공항,김포공항중앙보훈병원,중앙보훈병원개화
7:24,7:19,7:20,07:19급
개화중앙보훈병원,중앙보훈병원개화,개화중앙보훈병원,중앙보훈병원김포공항
07:26급,07:30급,07:22급,7:21
김포공항중앙보훈병원,중앙보훈병원김포공항,김포공항중앙보훈병원,중앙보훈병원개화
7:32,7:31,7:32,07:31급
개화중앙보훈병원,중앙보훈병원개화,개화중앙보훈병원,중앙보훈병원김포공항
07:34급,7:37,07:34급,7:33
김포공항중앙보훈병원,중앙보훈병원개화,김포공항중앙보훈병원,중앙보훈병원개화
7:41,07:42급,7:44,07:43급
개화중앙보훈병원,중앙보훈병원김포공항,개화중앙보훈병원,중앙보훈병원김포공항
07:42급,7:46,07:46급,7:45
김포공항중앙보훈병원,중앙보훈병원개화,김포공항중앙보훈병원,중앙보훈병원개화
7:49,07:53급,7:56,07:55급
개화중앙보훈병원,중앙보훈병원김포공항,개화중앙보훈병원,중앙보훈병원김포공항
07:50급,7:54,07:58급,7:57
김포공항중앙보훈병원,중앙보훈병원개화,김포공항중앙보훈병원,중앙보훈병원개화
7:55,-,8:08,08:07급
개화중앙보훈병원,-,개화중앙보훈병원,중앙보훈병원김포공항
07:57급,-,08:10급,8:09
김포공항중앙보훈병원,-,김포공항중앙보훈병원,중앙보훈병원개화
8:02,08:01급,8:20,08:19급
개화중앙보훈병원,중앙보훈병원김포공항,개화중앙보훈병원,중앙보훈병원김포공항
08:04급,8:03,08:22급,8:21
김포공항중앙보훈병원,중앙보훈병원개화,김포공항중앙보훈병원,중앙보훈병원개화
8:09,08:10급,8:32,08:31급
개화중앙보훈병원,중앙보훈병원김포공항,개화중앙보훈병원,중앙보훈병원김포공항
08:11급,8:12,08:34급,8:33
김포공항중앙보훈병원,중앙보훈병원개화,김포공항중앙보훈병원,중앙보훈병원개화
8:16,08:18급,8:44,08:43급
개화중앙보훈병원,중앙보훈병원김포공항,개화중앙보훈병원,중앙보훈병원김포공항
08:17급,8:19,08:46급,8:45
김포공항중앙보훈병원,중앙보훈병원개화,김포공항중앙보훈병원,중앙보훈병원개화
8:23,08:25급,8:56,08:55급
개화중앙보훈병원,중앙보훈병원김포공항,개화중앙보훈병원,중앙보훈병원김포공항
08:24급,8:26,08:58급,8:57
김포공항중앙보훈병원,중앙보훈병원개화,김포공항중앙보훈병원,중앙보훈병원개화
8:30,08:31급,9:08,09:07급
개화중앙보훈병원,중앙보훈병원김포공항,개화중앙보훈병원,중앙보훈병원김포공항
08:31급,8:33,09:10급,9:09
김포공항중앙보훈병원,중앙보훈병원개화,김포공항중앙보훈병원,중앙보훈병원개화
8:36,08:38급,9:20,09:19급
개화중앙보훈병원,중앙보훈병원김포공항,개화중앙보훈병원,중앙보훈병원김포공항
08:38급,8:40,09:22급,9:21
김포공항중앙보훈병원,중앙보훈병원개화,김포공항중앙보훈병원,중앙보훈병원개화
8:43,08:45급,9:32,09:31급
개화중앙보훈병원,중앙보훈병원김포공항,개화중앙보훈병원,중앙보훈병원김포공항
08:45급,8:47,09:34급,9:33
김포공항중앙보훈병원,중앙보훈병원개화,김포공항중앙보훈병원,중앙보훈병원개화
8:50,08:52급,9:44,09:43급
개화중앙보훈병원,중앙보훈병원김포공항,개화중앙보훈병원,중앙보훈병원김포공항
08:52급,8:53,09:46급,9:45
김포공항중앙보훈병원,중앙보훈병원개화,김포공항중앙보훈병원,중앙보훈병원개화
8:57,08:59급,9:56,09:55급
개화중앙보훈병원,중앙보훈병원김포공항,개화중앙보훈병원,중앙보훈병원김포공항
08:58급,-,09:58급,9:57
김포공항중앙보훈병원,-,김포공항중앙보훈병원,중앙보훈병원개화
9:04,9:00,10:08,10:06급
개화중앙보훈병원,중앙보훈병원개화,개화중앙보훈병원,중앙보훈병원김포공항
09:05급,09:06급,10:10급,10:08
김포공항중앙보훈병원,중앙보훈병원김포공항,김포공항중앙보훈병원,중앙보훈병원개화
9:11,9:07,10:19,10:17급
개화중앙보훈병원,중앙보훈병원개화,개화중앙보훈병원,중앙보훈병원김포공항
09:12급,09:12급,10:21급,10:19
김포공항중앙보훈병원,중앙보훈병원김포공항,김포공항중앙보훈병원,중앙보훈병원개화
9:17,9:14,10:30,10:28급
개화중앙보훈병원,중앙보훈병원개화,개화중앙보훈병원,중앙보훈병원김포공항
09:19급,09:19급,10:32급,10:30
김포공항중앙보훈병원,중앙보훈병원김포공항,김포공항중앙보훈병원,중앙보훈병원개화
9:24,9:21,10:41,10:39급
개화중앙보훈병원,중앙보훈병원개화,개화중앙보훈병원,중앙보훈병원김포공항
09:26급,09:26급,10:43급,10:41
김포공항중앙보훈병원,중앙보훈병원김포공항,김포공항중앙보훈병원,중앙보훈병원개화
9:31,9:28,10:52,10:50급
개화중앙보훈병원,중앙보훈병원개화,개화중앙보훈병원,중앙보훈병원김포공항
09:32급,09:33급,10:54급,10:52
김포공항중앙보훈병원,중앙보훈병원김포공항,김포공항중앙보훈병원,중앙보훈병원개화
9:38,9:34,11:03,11:01급
개화중앙보훈병원,중앙보훈병원개화,개화중앙보훈병원,중앙보훈병원김포공항
09:43급,09:40급,11:05급,11:03
김포공항중앙보훈병원,중앙보훈병원김포공항,김포공항중앙보훈병원,중앙보훈병원개화
9:45,9:41,11:14,11:12급
개화중앙보훈병원,중앙보훈병원개화,개화중앙보훈병원,중앙보훈병원김포공항
9:51,09:47급,11:16급,11:14
개화중앙보훈병원,중앙보훈병원김포공항,김포공항중앙보훈병원,중앙보훈병원개화
09:53급,9:48,11:25,11:23급
김포공항중앙보훈병원,중앙보훈병원개화,개화중앙보훈병원,중앙보훈병원김포공항
-,09:53급,11:27급,11:25
-,중앙보훈병원김포공항,김포공항중앙보훈병원,중앙보훈병원개화
-,9:55,11:36,11:34급
-,중앙보훈병원개화,개화중앙보훈병원,중앙보훈병원김포공항
10:02,10:01급,11:38급,11:36
개화중앙보훈병원,중앙보훈병원김포공항,김포공항중앙보훈병원,중앙보훈병원개화
10:04급,10:03,11:47,11:45급
김포공항중앙보훈병원,중앙보훈병원개화,개화중앙보훈병원,중앙보훈병원김포공항
10:13,10:10급,11:49급,11:47
개화중앙보훈병원,중앙보훈병원김포공항,김포공항중앙보훈병원,중앙보훈병원개화
10:15급,10:11,11:58,11:56급
김포공항중앙보훈병원,중앙보훈병원개화,개화중앙보훈병원,중앙보훈병원김포공항
10:24,10:17,-,11:58
개화중앙보훈병원,중앙보훈병원개화,-,중앙보훈병원개화
10:26급,10:21급,12:00급,12:07급
김포공항중앙보훈병원,중앙보훈병원김포공항,김포공항중앙보훈병원,중앙보훈병원김포공항
10:35,10:22,12:09,12:09
개화중앙보훈병원,중앙보훈병원개화,개화중앙보훈병원,중앙보훈병원개화
10:37급,10:31급,12:11급,12:18급
김포공항중앙보훈병원,중앙보훈병원김포공항,김포공항중앙보훈병원,중앙보훈병원김포공항
10:46,10:32,12:20,12:20
개화중앙보훈병원,중앙보훈병원개화,개화중앙보훈병원,중앙보훈병원개화
10:48급,10:43급,12:22급,12:29급
김포공항중앙보훈병원,중앙보훈병원김포공항,김포공항중앙보훈병원,중앙보훈병원김포공항
10:57,10:44,12:31,12:31
개화중앙보훈병원,중앙보훈병원개화,개화중앙보훈병원,중앙보훈병원개화
10:59급,10:54급,12:33급,12:40급
김포공항중앙보훈병원,중앙보훈병원김포공항,김포공항중앙보훈병원,중앙보훈병원김포공항
-,10:55,12:42,12:42
-,중앙보훈병원개화,개화중앙보훈병원,중앙보훈병원개화
11:08,11:05급,12:44급,12:51급
개화중앙보훈병원,중앙보훈병원김포공항,김포공항중앙보훈병원,중앙보훈병원김포공항
11:10급,11:06,12:53,12:53
김포공항중앙보훈병원,중앙보훈병원개화,개화중앙보훈병원,중앙보훈병원개화
11:19,11:16급,12:55급,-
개화중앙보훈병원,중앙보훈병원김포공항,김포공항중앙보훈병원,-
11:21급,11:17,13:04,13:02급
김포공항중앙보훈병원,중앙보훈병원개화,개화중앙보훈병원,중앙보훈병원김포공항
11:30,11:27급,13:06급,13:04
개화중앙보훈병원,중앙보훈병원김포공항,김포공항중앙보훈병원,중앙보훈병원개화
11:32급,11:28,13:15,13:13급
김포공항중앙보훈병원,중앙보훈병원개화,개화중앙보훈병원,중앙보훈병원김포공항
11:41,11:38급,13:17급,13:15
개화중앙보훈병원,중앙보훈병원김포공항,김포공항중앙보훈병원,중앙보훈병원개화
11:43급,11:39,13:26,13:24급
김포공항중앙보훈병원,중앙보훈병원개화,개화중앙보훈병원,중앙보훈병원김포공항
11:52,11:49급,13:28급,13:26
개화중앙보훈병원,중앙보훈병원김포공항,김포공항중앙보훈병원,중앙보훈병원개화
11:54급,11:50,13:37,13:35급
김포공항중앙보훈병원,중앙보훈병원개화,개화중앙보훈병원,중앙보훈병원김포공항
12:03,12:00급,13:39급,13:37
개화중앙보훈병원,중앙보훈병원김포공항,김포공항중앙보훈병원,중앙보훈병원개화
12:05급,12:01,13:48,13:46급
김포공항중앙보훈병원,중앙보훈병원개화,개화중앙보훈병원,중앙보훈병원김포공항
12:15,12:11급,13:50급,13:48
개화중앙보훈병원,중앙보훈병원김포공항,김포공항중앙보훈병원,중앙보훈병원개화
12:17급,12:12,13:59,13:57급
김포공항중앙보훈병원,중앙보훈병원개화,개화중앙보훈병원,중앙보훈병원김포공항
12:27,12:22급,-,13:59
개화중앙보훈병원,중앙보훈병원김포공항,-,중앙보훈병원개화
12:29급,12:23,14:01급,14:08급
김포공항중앙보훈병원,중앙보훈병원개화,김포공항중앙보훈병원,중앙보훈병원김포공항
12:38,12:33급,14:10,14:10
개화중앙보훈병원,중앙보훈병원김포공항,개화중앙보훈병원,중앙보훈병원개화
12:40급,12:34,14:12급,14:19급
김포공항중앙보훈병원,중앙보훈병원개화,김포공항중앙보훈병원,중앙보훈병원김포공항
12:49,12:45급,14:21,14:21
개화중앙보훈병원,중앙보훈병원김포공항,개화중앙보훈병원,중앙보훈병원개화
12:51급,12:46,14:23급,14:30급
김포공항중앙보훈병원,중앙보훈병원개화,김포공항중앙보훈병원,중앙보훈병원김포공항
-,12:57급,14:32,14:32
-,중앙보훈병원김포공항,개화중앙보훈병원,중앙보훈병원개화
-,12:58,14:34급,14:41급
-,중앙보훈병원개화,김포공항중앙보훈병원,중앙보훈병원김포공항
13:00,13:08급,14:43,14:43
개화중앙보훈병원,중앙보훈병원김포공항,개화중앙보훈병원,중앙보훈병원개화
13:02급,13:09,14:45급,14:52급
김포공항중앙보훈병원,중앙보훈병원개화,김포공항중앙보훈병원,중앙보훈병원김포공항
13:11,13:19급,14:54,14:54
개화중앙보훈병원,중앙보훈병원김포공항,개화중앙보훈병원,중앙보훈병원개화
13:13급,13:20,14:56급,-
김포공항중앙보훈병원,중앙보훈병원개화,김포공항중앙보훈병원,-
13:22,13:30급,15:05,15:03급
개화중앙보훈병원,중앙보훈병원김포공항,개화중앙보훈병원,중앙보훈병원김포공항
13:24급,13:31,15:07급,15:05
김포공항중앙보훈병원,중앙보훈병원개화,김포공항중앙보훈병원,중앙보훈병원개화
13:33,13:41급,15:16,15:14급
개화중앙보훈병원,중앙보훈병원김포공항,개화중앙보훈병원,중앙보훈병원김포공항
13:35급,13:42,15:18급,15:16
김포공항중앙보훈병원,중앙보훈병원개화,김포공항중앙보훈병원,중앙보훈병원개화
13:44,13:52급,15:27,15:25급
개화중앙보훈병원,중앙보훈병원김포공항,개화중앙보훈병원,중앙보훈병원김포공항
13:46급,13:53,15:29급,15:27
김포공항중앙보훈병원,중앙보훈병원개화,김포공항중앙보훈병원,중앙보훈병원개화
13:55,-,15:38,15:36급
개화중앙보훈병원,-,개화중앙보훈병원,중앙보훈병원김포공항
13:57급,-,15:40급,15:38
김포공항중앙보훈병원,-,김포공항중앙보훈병원,중앙보훈병원개화
14:06,14:03급,15:49,15:47급
개화중앙보훈병원,중앙보훈병원김포공항,개화중앙보훈병원,중앙보훈병원김포공항
14:08급,14:04,15:51급,15:49
김포공항중앙보훈병원,중앙보훈병원개화,김포공항중앙보훈병원,중앙보훈병원개화
14:17,14:14급,-,15:58급
개화중앙보훈병원,중앙보훈병원김포공항,-,중앙보훈병원김포공항
14:19급,14:15,16:00,16:00
김포공항중앙보훈병원,중앙보훈병원개화,개화중앙보훈병원,중앙보훈병원개화
14:28,14:25급,16:02급,16:09급
개화중앙보훈병원,중앙보훈병원김포공항,김포공항중앙보훈병원,중앙보훈병원김포공항
14:30급,14:26,16:11,16:11
김포공항중앙보훈병원,중앙보훈병원개화,개화중앙보훈병원,중앙보훈병원개화
14:39,14:36급,16:13급,16:20급
개화중앙보훈병원,중앙보훈병원김포공항,김포공항중앙보훈병원,중앙보훈병원김포공항
14:41급,14:37,16:22,16:22
김포공항중앙보훈병원,중앙보훈병원개화,개화중앙보훈병원,중앙보훈병원개화
14:50,14:47급,16:24급,16:31급
개화중앙보훈병원,중앙보훈병원김포공항,김포공항중앙보훈병원,중앙보훈병원김포공항
14:52급,14:48,16:33,16:33
김포공항중앙보훈병원,중앙보훈병원개화,개화중앙보훈병원,중앙보훈병원개화
-,14:58급,16:35급,16:42급
-,중앙보훈병원김포공항,김포공항중앙보훈병원,중앙보훈병원김포공항
-,14:59,16:44,16:44
-,중앙보훈병원개화,개화중앙보훈병원,중앙보훈병원개화
15:02,15:09급,16:46급,16:53급
개화중앙보훈병원,중앙보훈병원김포공항,김포공항중앙보훈병원,중앙보훈병원김포공항
15:04급,15:10,16:55,16:55
김포공항중앙보훈병원,중앙보훈병원개화,개화중앙보훈병원,중앙보훈병원개화
15:14,15:20급,16:57급,-
개화중앙보훈병원,중앙보훈병원김포공항,김포공항중앙보훈병원,-
15:16급,15:21,17:06,17:04급
김포공항중앙보훈병원,중앙보훈병원개화,개화중앙보훈병원,중앙보훈병원김포공항
15:26,15:32급,17:08급,17:06
개화중앙보훈병원,중앙보훈병원김포공항,김포공항중앙보훈병원,중앙보훈병원개화
15:27급,15:33,17:17,17:15급
김포공항중앙보훈병원,중앙보훈병원개화,개화중앙보훈병원,중앙보훈병원김포공항
15:36,15:44급,17:19급,17:17
개화중앙보훈병원,중앙보훈병원김포공항,김포공항중앙보훈병원,중앙보훈병원개화
15:38급,15:45,17:28,17:26급
김포공항중앙보훈병원,중앙보훈병원개화,개화중앙보훈병원,중앙보훈병원김포공항
15:47,15:55급,17:30급,17:28
개화중앙보훈병원,중앙보훈병원김포공항,김포공항중앙보훈병원,중앙보훈병원개화
15:49급,15:56,17:39,17:37급
김포공항중앙보훈병원,중앙보훈병원개화,개화중앙보훈병원,중앙보훈병원김포공항
15:58,-,17:41급,17:39
개화중앙보훈병원,-,김포공항중앙보훈병원,중앙보훈병원개화
16:00급,16:06급,17:50,17:48급
김포공항중앙보훈병원,중앙보훈병원김포공항,개화중앙보훈병원,중앙보훈병원김포공항
16:09,16:07,17:52급,17:50
개화중앙보훈병원,중앙보훈병원개화,김포공항중앙보훈병원,중앙보훈병원개화
16:11급,16:17급,-,17:59급
김포공항중앙보훈병원,중앙보훈병원김포공항,-,중앙보훈병원김포공항
16:20,16:18,18:01,18:01
개화중앙보훈병원,중앙보훈병원개화,개화중앙보훈병원,중앙보훈병원개화
16:22급,16:28급,18:03급,18:10급
김포공항중앙보훈병원,중앙보훈병원김포공항,김포공항중앙보훈병원,중앙보훈병원김포공항
16:31,16:29,18:12,18:12
개화중앙보훈병원,중앙보훈병원개화,개화중앙보훈병원,중앙보훈병원개화
16:33급,16:39급,18:14급,18:21급
김포공항중앙보훈병원,중앙보훈병원김포공항,김포공항중앙보훈병원,중앙보훈병원김포공항
16:42,16:40,18:23,18:23
개화중앙보훈병원,중앙보훈병원개화,개화중앙보훈병원,중앙보훈병원개화
16:44급,16:50급,18:25급,18:32급
김포공항중앙보훈병원,중앙보훈병원김포공항,김포공항중앙보훈병원,중앙보훈병원김포공항
16:53,16:51,18:34,18:34
개화중앙보훈병원,중앙보훈병원개화,개화중앙보훈병원,중앙보훈병원개화
16:55급,-,18:36급,18:43급
김포공항중앙보훈병원,-,김포공항중앙보훈병원,중앙보훈병원김포공항
17:02,17:01급,18:45,18:45
개화중앙보훈병원,중앙보훈병원김포공항,개화중앙보훈병원,중앙보훈병원개화
17:04,17:02,18:47급,18:54급
개화중앙보훈병원,중앙보훈병원개화,김포공항중앙보훈병원,중앙보훈병원김포공항
17:06급,17:12급,18:56,18:56
김포공항중앙보훈병원,중앙보훈병원김포공항,개화중앙보훈병원,중앙보훈병원개화
17:15,17:13,18:58급,-
개화중앙보훈병원,중앙보훈병원개화,김포공항중앙보훈병원,-
17:17급,17:23급,19:07,19:05급
김포공항중앙보훈병원,중앙보훈병원김포공항,개화중앙보훈병원,중앙보훈병원김포공항
17:26,17:24,19:09급,19:07
개화중앙보훈병원,중앙보훈병원개화,김포공항중앙보훈병원,중앙보훈병원개화
17:28급,17:34급,19:18,19:16급
김포공항중앙보훈병원,중앙보훈병원김포공항,개화중앙보훈병원,중앙보훈병원김포공항
17:34,17:35,19:20급,19:18
개화중앙보훈병원,중앙보훈병원개화,김포공항중앙보훈병원,중앙보훈병원개화
17:36급,17:40,19:29,19:27급
김포공항중앙보훈병원,중앙보훈병원개화,개화중앙보훈병원,중앙보훈병원김포공항
17:42,17:45급,19:31급,19:29
개화중앙보훈병원,중앙보훈병원김포공항,김포공항중앙보훈병원,중앙보훈병원개화
17:44급,17:46,19:40,19:38급
김포공항중앙보훈병원,중앙보훈병원개화,개화중앙보훈병원,중앙보훈병원김포공항
17:51,17:56급,19:42급,19:40
개화중앙보훈병원,중앙보훈병원김포공항,김포공항중앙보훈병원,중앙보훈병원개화
17:52급,17:57,19:51,19:49급
김포공항중앙보훈병원,중앙보훈병원개화,개화중앙보훈병원,중앙보훈병원김포공항
17:58,-,19:53급,19:51
개화중앙보훈병원,-,김포공항중앙보훈병원,중앙보훈병원개화
17:59급,-,20:02,20:00급
김포공항중앙보훈병원,-,개화중앙보훈병원,중앙보훈병원김포공항
18:05,18:04급,20:04급,20:02
개화중앙보훈병원,중앙보훈병원김포공항,김포공항중앙보훈병원,중앙보훈병원개화
18:06급,18:05,20:13,20:11급
김포공항중앙보훈병원,중앙보훈병원개화,개화중앙보훈병원,중앙보훈병원김포공항
18:12,18:12급,20:15급,20:13
개화중앙보훈병원,중앙보훈병원김포공항,김포공항중앙보훈병원,중앙보훈병원개화
18:14급,18:13,20:24,20:22급
김포공항중앙보훈병원,중앙보훈병원개화,개화중앙보훈병원,중앙보훈병원김포공항
18:19,18:20급,20:26급,20:24
개화중앙보훈병원,중앙보훈병원김포공항,김포공항중앙보훈병원,중앙보훈병원개화
18:21급,18:21,20:35,20:33급
김포공항중앙보훈병원,중앙보훈병원개화,개화중앙보훈병원,중앙보훈병원김포공항
18:26,18:27급,20:37급,20:35
개화중앙보훈병원,중앙보훈병원김포공항,김포공항중앙보훈병원,중앙보훈병원개화
18:28급,18:28,20:46,20:44급
김포공항중앙보훈병원,중앙보훈병원개화,개화중앙보훈병원,중앙보훈병원김포공항
18:34,18:34급,20:48급,20:46
개화중앙보훈병원,중앙보훈병원김포공항,김포공항중앙보훈병원,중앙보훈병원개화
18:35급,18:36,20:57,20:55급
김포공항중앙보훈병원,중앙보훈병원개화,개화중앙보훈병원,중앙보훈병원김포공항
18:41,18:41급,20:59급,20:57
개화중앙보훈병원,중앙보훈병원김포공항,김포공항중앙보훈병원,중앙보훈병원개화
18:42급,18:43,21:09,21:06급
김포공항중앙보훈병원,중앙보훈병원개화,개화중앙보훈병원,중앙보훈병원김포공항
18:48,18:48급,21:11급,21:08
개화중앙보훈병원,중앙보훈병원김포공항,김포공항중앙보훈병원,중앙보훈병원개화
18:49급,18:50,21:21,21:17급
김포공항중앙보훈병원,중앙보훈병원개화,개화중앙보훈병원,중앙보훈병원김포공항
18:55,18:56급,21:24급,21:19
개화중앙보훈병원,중앙보훈병원김포공항,김포공항중앙보훈병원,중앙보훈병원개화
18:57급,18:57,21:33,21:29급
김포공항중앙보훈병원,중앙보훈병원개화,개화중앙보훈병원,중앙보훈병원김포공항
19:02,19:03급,21:35급,21:31
개화중앙보훈병원,중앙보훈병원김포공항,김포공항중앙보훈병원,중앙보훈병원개화
19:04급,19:04,21:45,21:41급
김포공항중앙보훈병원,중앙보훈병원개화,개화중앙보훈병원,중앙보훈병원김포공항
19:09,19:10급,21:47급,21:43
개화중앙보훈병원,중앙보훈병원김포공항,김포공항중앙보훈병원,중앙보훈병원개화
19:11급,19:11,21:57,21:53급
김포공항중앙보훈병원,중앙보훈병원개화,개화중앙보훈병원,중앙보훈병원김포공항
19:17,19:17급,21:59급,21:55
개화중앙보훈병원,중앙보훈병원김포공항,김포공항중앙보훈병원,중앙보훈병원개화
19:18급,19:19,22:09,22:05급
김포공항중앙보훈병원,중앙보훈병원개화,개화중앙보훈병원,중앙보훈병원김포공항
19:24,19:24급,22:11급,22:07
개화중앙보훈병원,중앙보훈병원김포공항,김포공항중앙보훈병원,중앙보훈병원개화
19:25급,19:26,22:21,22:17급
김포공항중앙보훈병원,중앙보훈병원개화,개화중앙보훈병원,중앙보훈병원김포공항
19:31,19:31급,22:23급,22:19
개화중앙보훈병원,중앙보훈병원김포공항,김포공항중앙보훈병원,중앙보훈병원개화
19:32급,19:33,22:33,22:29급
김포공항중앙보훈병원,중앙보훈병원개화,개화중앙보훈병원,중앙보훈병원김포공항
19:38,19:39급,22:35급,22:31
개화중앙보훈병원,중앙보훈병원김포공항,김포공항중앙보훈병원,중앙보훈병원개화
19:40급,19:40,22:46,22:42급
김포공항중앙보훈병원,중앙보훈병원개화,개화중앙보훈병원,중앙보훈병원김포공항
19:45,19:46급,22:48급,22:44
개화중앙보훈병원,중앙보훈병원김포공항,김포공항중앙보훈병원,중앙보훈병원개화
19:47급,19:47,22:59,22:55급
김포공항중앙보훈병원,중앙보훈병원개화,개화중앙보훈병원,중앙보훈병원김포공항
19:52,19:53급,-,22:57막
개화중앙보훈병원,중앙보훈병원김포공항,-,중앙보훈병원개화
19:54급,19:54,23:01급,23:08급
김포공항중앙보훈병원,중앙보훈병원개화,김포공항중앙보훈병원,중앙보훈병원김포공항
20:00,20:00급,23:12,23:10막
개화중앙보훈병원,중앙보훈병원김포공항,개화중앙보훈병원,중앙보훈병원염창
20:01급,20:02,23:14급막,23:21급막
김포공항중앙보훈병원,중앙보훈병원개화,김포공항중앙보훈병원,중앙보훈병원김포공항
20:08,20:07급,23:24,23:23막
개화중앙보훈병원,중앙보훈병원김포공항,개화중앙보훈병원,중앙보훈병원여의도
20:10급,20:09,23:34,23:34막
김포공항중앙보훈병원,중앙보훈병원개화,개화중앙보훈병원,중앙보훈병원동작
20:17,20:14급,23:45,23:48막
개화중앙보훈병원,중앙보훈병원김포공항,개화중앙보훈병원,중앙보훈병원신논현
20:22급,20:16,23:58막,-
김포공항중앙보훈병원,중앙보훈병원개화,개화중앙보훈병원,-
20:25,20:22급,-,00:02막
개화중앙보훈병원,중앙보훈병원김포공항,-,중앙보훈병원삼전
20:31,20:23,-,-
개화중앙보훈병원,중앙보훈병원개화,-,-
20:33급,20:30급,-,-
김포공항중앙보훈병원,중앙보훈병원김포공항,-,-
20:42,20:31,-,-
개화중앙보훈병원,중앙보훈병원개화,-,-
20:44급,20:40급,-,-
김포공항중앙보훈병원,중앙보훈병원김포공항,-,-
20:53,20:41,-,-
개화중앙보훈병원,중앙보훈병원개화,-,-
20:55급,20:46,-,-
김포공항중앙보훈병원,중앙보훈병원개화,-,-
-,20:51급,-,-
-,중앙보훈병원김포공항,-,-
-,20:52,-,-
-,중앙보훈병원개화,-,-
21:04,21:02급,-,-
개화중앙보훈병원,중앙보훈병원김포공항,-,-
21:06급,21:03,-,-
김포공항중앙보훈병원,중앙보훈병원개화,-,-
21:15,21:13급,-,-
개화중앙보훈병원,중앙보훈병원김포공항,-,-
21:17급,21:14,-,-
김포공항중앙보훈병원,중앙보훈병원개화,-,-
21:26,21:24급,-,-
개화중앙보훈병원,중앙보훈병원김포공항,-,-
21:28급,21:25,-,-
김포공항중앙보훈병원,중앙보훈병원개화,-,-
21:37,21:35급,-,-
개화중앙보훈병원,중앙보훈병원김포공항,-,-
21:39급,21:36,-,-
김포공항중앙보훈병원,중앙보훈병원개화,-,-
21:48,21:46급,-,-
개화중앙보훈병원,중앙보훈병원김포공항,-,-
21:50급,21:47,-,-
김포공항중앙보훈병원,중앙보훈병원개화,-,-
21:59,21:57급,-,-
개화중앙보훈병원,중앙보훈병원김포공항,-,-
-,21:58,-,-
-,중앙보훈병원개화,-,-
22:01급,22:08급,-,-
김포공항중앙보훈병원,중앙보훈병원김포공항,-,-
22:10,22:10,-,-
개화중앙보훈병원,중앙보훈병원개화,-,-
22:12급,22:18급,-,-
김포공항중앙보훈병원,중앙보훈병원김포공항,-,-
22:21,22:19,-,-
개화중앙보훈병원,중앙보훈병원개화,-,-
22:23급,22:29급,-,-
김포공항중앙보훈병원,중앙보훈병원김포공항,-,-
22:32,22:30,-,-
개화중앙보훈병원,중앙보훈병원개화,-,-
22:34급,22:40급,-,-
김포공항중앙보훈병원,중앙보훈병원김포공항,-,-
22:43,22:41,-,-
개화중앙보훈병원,중앙보훈병원개화,-,-
22:45급,22:51급,-,-
김포공항중앙보훈병원,중앙보훈병원김포공항,-,-
22:54,22:52,-,-
개화중앙보훈병원,중앙보훈병원개화,-,-
22:56급,-,-,-
김포공항중앙보훈병원,-,-,-
23:05,23:02급,-,-
개화중앙보훈병원,중앙보훈병원김포공항,-,-
23:07급,23:03,-,-
김포공항중앙보훈병원,중앙보훈병원개화,-,-
23:16,23:13급,-,-
개화중앙보훈병원,중앙보훈병원김포공항,-,-
23:18급,23:14,-,-
김포공항중앙보훈병원,중앙보훈병원개화,-,-
23:27,23:24급,-,-
개화중앙보훈병원,중앙보훈병원김포공항,-,-
23:29급,23:25,-,-
김포공항중앙보훈병원,중앙보훈병원개화,-,-
23:38,23:35급,-,-
개화중앙보훈병원,중앙보훈병원김포공항,-,-
23:40급,23:36,-,-
김포공항중앙보훈병원,중앙보훈병원개화,-,-
23:49,23:46급,-,-
개화중앙보훈병원,중앙보훈병원김포공항,-,-
23:51급,23:47막,-,-
김포공항중앙보훈병원,중앙보훈병원개화,-,-
-,23:57급,-,-
-,중앙보훈병원김포공항,-,-
-,23:58막,-,-
-,중앙보훈병원마곡나루,-,-
0:00,00:08급,-,-
개화중앙보훈병원,중앙보훈병원김포공항,-,-
00:02급,00:09막,-,-
김포공항중앙보훈병원,중앙보훈병원염창,-,-
0:11,00:19급막,-,-
개화중앙보훈병원,중앙보훈병원김포공항,-,-
00:13급막,00:20막,-,-
김포공항중앙보훈병원,중앙보훈병원여의도,-,-
0:22,00:30막,-,-
개화중앙보훈병원,중앙보훈병원동작,-,-
0:31,00:43막,-,-
개화중앙보훈병원,중앙보훈병원신논현,-,-
0:37,00:56막,-,-
개화중앙보훈병원,중앙보훈병원삼전,-,-
00:51막,-,-,-
개화중앙보훈병원,-,-,-
