﻿당산방면,신목동방면,당산방면,신목동방면
평일,평일,주말,주말
05:34첫,05:32첫,05:34첫,05:32첫
염창중앙보훈병원,당산개화,염창중앙보훈병원,당산개화
5:48,5:47,5:48,5:47
마곡나루중앙보훈병원,동작개화,마곡나루중앙보훈병원,동작개화
5:59,5:58,5:58,5:57
개화중앙보훈병원,신논현개화,개화중앙보훈병원,신논현개화
6:11,6:11,6:10,6:11
개화중앙보훈병원,삼전개화,개화중앙보훈병원,삼전개화
6:23,6:27,6:22,6:29
개화중앙보훈병원,중앙보훈병원개화,개화중앙보훈병원,중앙보훈병원개화
6:35,6:41,6:34,6:42
개화중앙보훈병원,중앙보훈병원개화,개화중앙보훈병원,중앙보훈병원개화
6:43,6:54,6:46,6:54
개화중앙보훈병원,중앙보훈병원개화,개화중앙보훈병원,중앙보훈병원개화
6:51,-,6:58,-
개화중앙보훈병원,-,개화중앙보훈병원,-
6:59,-,7:10,7:07
개화중앙보훈병원,-,개화중앙보훈병원,중앙보훈병원개화
7:05,7:07,7:22,7:19
개화중앙보훈병원,중앙보훈병원개화,개화중앙보훈병원,중앙보훈병원개화
7:12,7:20,7:34,7:31
개화중앙보훈병원,중앙보훈병원개화,개화중앙보훈병원,중앙보훈병원개화
7:19,7:33,7:46,7:43
개화중앙보훈병원,중앙보훈병원개화,개화중앙보훈병원,중앙보훈병원개화
7:26,7:46,7:58,7:55
개화중앙보훈병원,중앙보훈병원개화,개화중앙보훈병원,중앙보훈병원개화
7:33,7:55,8:10,8:07
개화중앙보훈병원,중앙보훈병원개화,개화중앙보훈병원,중앙보훈병원개화
7:40,-,8:22,8:19
개화중앙보훈병원,-,개화중앙보훈병원,중앙보훈병원개화
7:46,-,8:34,8:31
개화중앙보훈병원,-,개화중앙보훈병원,중앙보훈병원개화
7:53,-,8:46,8:43
개화중앙보훈병원,-,개화중앙보훈병원,중앙보훈병원개화
8:00,8:07,8:58,8:55
개화중앙보훈병원,중앙보훈병원개화,개화중앙보훈병원,중앙보훈병원개화
8:07,8:19,9:10,9:07
개화중앙보훈병원,중앙보훈병원개화,개화중앙보훈병원,중앙보훈병원개화
8:14,8:27,9:22,9:19
개화중앙보훈병원,중앙보훈병원개화,개화중앙보훈병원,중앙보훈병원개화
8:21,8:36,9:33,9:31
개화중앙보훈병원,중앙보훈병원개화,개화중앙보훈병원,중앙보훈병원개화
8:27,8:44,9:44,9:43
개화중앙보훈병원,중앙보훈병원개화,개화중앙보훈병원,중앙보훈병원개화
8:34,8:53,9:55,9:55
개화중앙보훈병원,중앙보훈병원개화,개화중앙보훈병원,중앙보훈병원개화
8:41,-,10:06,10:07
개화중앙보훈병원,-,개화중앙보훈병원,중앙보훈병원개화
8:48,-,10:17,10:19
개화중앙보훈병원,-,개화중앙보훈병원,중앙보훈병원개화
8:55,-,10:28,10:31
개화중앙보훈병원,-,개화중앙보훈병원,중앙보훈병원개화
9:04,9:01,10:39,10:43
개화중앙보훈병원,중앙보훈병원개화,개화중앙보훈병원,중앙보훈병원개화
9:15,9:09,10:50,10:54
개화중앙보훈병원,중앙보훈병원개화,개화중앙보훈병원,중앙보훈병원개화
9:26,9:16,11:01,11:05
개화중앙보훈병원,중앙보훈병원개화,개화중앙보훈병원,중앙보훈병원개화
9:37,9:23,11:12,11:16
개화중앙보훈병원,중앙보훈병원개화,개화중앙보훈병원,중앙보훈병원개화
9:48,9:29,11:23,11:27
개화중앙보훈병원,중앙보훈병원개화,개화중앙보훈병원,중앙보훈병원개화
9:59,9:36,11:34,11:38
개화중앙보훈병원,중앙보훈병원개화,개화중앙보훈병원,중앙보훈병원개화
-,9:43,11:45,11:49
-,중앙보훈병원개화,개화중앙보훈병원,중앙보훈병원개화
-,9:50,11:56,-
-,중앙보훈병원개화,개화중앙보훈병원,-
-,9:57,12:07,12:00
-,중앙보훈병원개화,개화중앙보훈병원,중앙보훈병원개화
10:10,10:04,12:18,12:11
개화중앙보훈병원,중앙보훈병원개화,개화중앙보훈병원,중앙보훈병원개화
10:21,10:10,12:29,12:22
개화중앙보훈병원,중앙보훈병원개화,개화중앙보훈병원,중앙보훈병원개화
10:32,10:17,12:40,12:33
개화중앙보훈병원,중앙보훈병원개화,개화중앙보훈병원,중앙보훈병원개화
10:43,10:24,12:51,12:44
개화중앙보훈병원,중앙보훈병원개화,개화중앙보훈병원,중앙보훈병원개화
10:54,10:31,-,12:55
개화중앙보훈병원,중앙보훈병원개화,-,중앙보훈병원개화
-,10:38,13:02,13:06
-,중앙보훈병원개화,개화중앙보훈병원,중앙보훈병원개화
-,10:45,13:13,13:17
-,중앙보훈병원개화,개화중앙보훈병원,중앙보훈병원개화
-,10:53,13:24,13:28
-,중앙보훈병원개화,개화중앙보훈병원,중앙보훈병원개화
-,10:59,13:35,13:39
-,중앙보훈병원개화,개화중앙보훈병원,중앙보훈병원개화
11:05,11:07,13:46,13:50
개화중앙보훈병원,중앙보훈병원개화,개화중앙보훈병원,중앙보훈병원개화
11:16,11:14,13:57,-
개화중앙보훈병원,중앙보훈병원개화,개화중앙보훈병원,-
11:27,11:20,14:08,14:01
개화중앙보훈병원,중앙보훈병원개화,개화중앙보훈병원,중앙보훈병원개화
11:39,11:32,14:19,14:12
개화중앙보훈병원,중앙보훈병원개화,개화중앙보훈병원,중앙보훈병원개화
11:51,11:43,14:30,14:23
개화중앙보훈병원,중앙보훈병원개화,개화중앙보훈병원,중앙보훈병원개화
-,11:54,14:41,14:34
-,중앙보훈병원개화,개화중앙보훈병원,중앙보훈병원개화
12:02,12:05,14:52,14:45
개화중앙보훈병원,중앙보훈병원개화,개화중앙보훈병원,중앙보훈병원개화
12:13,12:16,-,14:56
개화중앙보훈병원,중앙보훈병원개화,-,중앙보훈병원개화
12:24,12:27,15:03,15:07
개화중앙보훈병원,중앙보훈병원개화,개화중앙보훈병원,중앙보훈병원개화
12:35,12:38,15:14,15:18
개화중앙보훈병원,중앙보훈병원개화,개화중앙보훈병원,중앙보훈병원개화
12:46,12:49,15:25,15:29
개화중앙보훈병원,중앙보훈병원개화,개화중앙보훈병원,중앙보훈병원개화
12:57,-,15:36,15:40
개화중앙보훈병원,-,개화중앙보훈병원,중앙보훈병원개화
13:08,13:00,15:47,15:51
개화중앙보훈병원,중앙보훈병원개화,개화중앙보훈병원,중앙보훈병원개화
13:19,13:11,15:58,-
개화중앙보훈병원,중앙보훈병원개화,개화중앙보훈병원,-
13:30,13:22,16:09,16:02
개화중앙보훈병원,중앙보훈병원개화,개화중앙보훈병원,중앙보훈병원개화
13:41,13:34,16:20,16:13
개화중앙보훈병원,중앙보훈병원개화,개화중앙보훈병원,중앙보훈병원개화
13:52,13:46,16:31,16:24
개화중앙보훈병원,중앙보훈병원개화,개화중앙보훈병원,중앙보훈병원개화
-,13:57,16:42,16:35
-,중앙보훈병원개화,개화중앙보훈병원,중앙보훈병원개화
14:03,14:08,16:53,16:46
개화중앙보훈병원,중앙보훈병원개화,개화중앙보훈병원,중앙보훈병원개화
14:14,14:19,-,16:57
개화중앙보훈병원,중앙보훈병원개화,-,중앙보훈병원개화
14:26,14:30,17:04,17:08
개화중앙보훈병원,중앙보훈병원개화,개화중앙보훈병원,중앙보훈병원개화
14:38,14:41,17:15,17:19
개화중앙보훈병원,중앙보훈병원개화,개화중앙보훈병원,중앙보훈병원개화
14:49,14:52,17:26,17:30
개화중앙보훈병원,중앙보훈병원개화,개화중앙보훈병원,중앙보훈병원개화
15:00,15:03,17:37,17:41
개화중앙보훈병원,중앙보훈병원개화,개화중앙보훈병원,중앙보훈병원개화
15:11,15:14,17:48,17:52
개화중앙보훈병원,중앙보훈병원개화,개화중앙보훈병원,중앙보훈병원개화
15:22,15:25,17:59,-
개화중앙보훈병원,중앙보훈병원개화,개화중앙보훈병원,-
15:33,15:36,18:10,18:03
개화중앙보훈병원,중앙보훈병원개화,개화중앙보훈병원,중앙보훈병원개화
15:44,15:47,18:21,18:14
개화중앙보훈병원,중앙보훈병원개화,개화중앙보훈병원,중앙보훈병원개화
15:55,15:58,18:32,18:25
개화중앙보훈병원,중앙보훈병원개화,개화중앙보훈병원,중앙보훈병원개화
16:06,16:09,18:43,18:36
개화중앙보훈병원,중앙보훈병원개화,개화중앙보훈병원,중앙보훈병원개화
16:13,16:21,18:54,18:47
개화중앙보훈병원,중앙보훈병원개화,개화중앙보훈병원,중앙보훈병원개화
16:17,16:33,-,18:58
개화중앙보훈병원,중앙보훈병원개화,-,중앙보훈병원개화
16:28,16:44,19:05,19:09
개화중앙보훈병원,중앙보훈병원개화,개화중앙보훈병원,중앙보훈병원개화
16:39,16:55,19:16,19:20
개화중앙보훈병원,중앙보훈병원개화,개화중앙보훈병원,중앙보훈병원개화
16:46,-,19:27,19:31
개화중앙보훈병원,-,개화중앙보훈병원,중앙보훈병원개화
16:51,-,19:38,19:42
개화중앙보훈병원,-,개화중앙보훈병원,중앙보훈병원개화
17:01,17:06,19:49,19:53
개화중앙보훈병원,중앙보훈병원개화,개화중앙보훈병원,중앙보훈병원개화
17:08,17:17,20:00,20:04
개화중앙보훈병원,중앙보훈병원개화,개화중앙보훈병원,중앙보훈병원개화
17:15,17:28,20:11,20:15
개화중앙보훈병원,중앙보훈병원개화,개화중앙보훈병원,중앙보훈병원개화
17:22,17:39,20:23,20:26
개화중앙보훈병원,중앙보훈병원개화,개화중앙보훈병원,중앙보훈병원개화
17:29,17:50,20:35,20:37
개화중앙보훈병원,중앙보훈병원개화,개화중앙보훈병원,중앙보훈병원개화
17:36,-,20:47,20:48
개화중앙보훈병원,-,개화중앙보훈병원,중앙보훈병원개화
17:44,-,20:59,20:59
개화중앙보훈병원,-,개화중앙보훈병원,중앙보훈병원개화
17:51,-,21:11,21:10
개화중앙보훈병원,-,개화중앙보훈병원,중앙보훈병원개화
17:58,-,21:23,21:21
개화중앙보훈병원,-,개화중앙보훈병원,중앙보훈병원개화
18:05,18:01,21:35,21:32
개화중앙보훈병원,중앙보훈병원개화,개화중앙보훈병원,중앙보훈병원개화
18:12,18:12,21:47,21:43
개화중앙보훈병원,중앙보훈병원개화,개화중앙보훈병원,중앙보훈병원개화
18:19,18:23,21:59,21:54
개화중앙보훈병원,중앙보훈병원개화,개화중앙보훈병원,중앙보훈병원개화
18:27,18:30,22:12,22:05
개화중앙보훈병원,중앙보훈병원개화,개화중앙보훈병원,중앙보훈병원개화
18:34,18:39,22:25,22:17
개화중앙보훈병원,중앙보훈병원개화,개화중앙보훈병원,중앙보훈병원개화
18:41,18:47,22:38,22:29
개화중앙보훈병원,중앙보훈병원개화,개화중앙보훈병원,중앙보훈병원개화
18:48,18:55,22:50,22:41
개화중앙보훈병원,중앙보훈병원개화,개화중앙보훈병원,중앙보훈병원개화
18:55,-,-,22:53
개화중앙보훈병원,-,-,중앙보훈병원개화
19:02,19:03,23:01,23:05
개화중앙보훈병원,중앙보훈병원개화,개화중앙보훈병원,중앙보훈병원개화
19:10,19:11,23:14막,23:18
개화중앙보훈병원,중앙보훈병원개화,개화중앙보훈병원,중앙보훈병원개화
19:17,19:18,23:27막,23:31
개화중앙보훈병원,중앙보훈병원개화,개화신논현,중앙보훈병원개화
19:26,19:25,23:40막,23:44막
개화중앙보훈병원,중앙보훈병원개화,개화동작,중앙보훈병원개화
19:35,19:32,23:54막,23:56막
개화중앙보훈병원,중앙보훈병원개화,개화당산,중앙보훈병원염창
19:44,19:40,-,-
개화중앙보훈병원,중앙보훈병원개화,-,-
19:55,19:47,-,-
개화중앙보훈병원,중앙보훈병원개화,-,-
-,19:54,-,-
-,중앙보훈병원개화,-,-
20:06,20:01,-,-
개화중앙보훈병원,중앙보훈병원개화,-,-
20:17,20:08,-,-
개화중앙보훈병원,중앙보훈병원개화,-,-
20:28,20:15,-,-
개화중앙보훈병원,중앙보훈병원개화,-,-
20:39,20:23,-,-
개화중앙보훈병원,중앙보훈병원개화,-,-
20:50,20:30,-,-
개화중앙보훈병원,중앙보훈병원개화,-,-
-,20:37,-,-
-,중앙보훈병원개화,-,-
-,20:44,-,-
-,중앙보훈병원개화,-,-
-,20:51,-,-
-,중앙보훈병원개화,-,-
-,20:58,-,-
-,중앙보훈병원개화,-,-
21:01,21:06,-,-
개화중앙보훈병원,중앙보훈병원개화,-,-
21:12,21:13,-,-
개화중앙보훈병원,중앙보훈병원개화,-,-
21:23,21:23,-,-
개화중앙보훈병원,중앙보훈병원개화,-,-
21:34,21:29,-,-
개화중앙보훈병원,중앙보훈병원개화,-,-
21:45,21:36,-,-
개화중앙보훈병원,중앙보훈병원개화,-,-
21:56,21:40,-,-
개화중앙보훈병원,중앙보훈병원개화,-,-
-,21:51,-,-
-,중앙보훈병원개화,-,-
22:07,22:02,-,-
개화중앙보훈병원,중앙보훈병원개화,-,-
22:18,22:13,-,-
개화중앙보훈병원,중앙보훈병원개화,-,-
22:29,22:24,-,-
개화중앙보훈병원,중앙보훈병원개화,-,-
22:40,22:35,-,-
개화중앙보훈병원,중앙보훈병원개화,-,-
22:51,22:46,-,-
개화중앙보훈병원,중앙보훈병원개화,-,-
-,22:57,-,-
-,중앙보훈병원개화,-,-
23:02,23:07,-,-
개화중앙보훈병원,중앙보훈병원개화,-,-
23:13,23:18,-,-
개화중앙보훈병원,중앙보훈병원개화,-,-
23:24,23:29,-,-
개화중앙보훈병원,중앙보훈병원개화,-,-
23:35,23:40,-,-
개화중앙보훈병원,중앙보훈병원개화,-,-
23:46,23:51,-,-
개화중앙보훈병원,중앙보훈병원개화,-,-
23:55,-,-,-
개화중앙보훈병원,-,-,-
00:05막,0:02,-,-
개화중앙보훈병원,중앙보훈병원개화,-,-
00:17막,0:13,-,-
개화삼전,중앙보훈병원개화,-,-
00:29막,0:24,-,-
개화신논현,중앙보훈병원개화,-,-
00:42막,00:35막,-,-
개화동작,중앙보훈병원개화,-,-
00:55막,00:44막,-,-
개화당산,중앙보훈병원마곡나루,-,-
-,00:57막,-,-
-,중앙보훈병원염창,-,-
