﻿한성백제방면,석촌방면,한성백제방면,석촌방면,,
평일,평일,주말,주말,,
05:35첫,05:39첫,05:35첫,05:40첫,,
삼전중앙보훈병원,중앙보훈병원개화,삼전중앙보훈병원,중앙보훈병원개화,,
5:49,5:52,5:48,5:53,,
신논현중앙보훈병원,중앙보훈병원개화,신논현중앙보훈병원,중앙보훈병원개화,,
6:03,6:05,6:02,6:06,,
동작중앙보훈병원,중앙보훈병원개화,동작중앙보훈병원,중앙보훈병원개화,,
6:17,6:18,6:14,6:19,,
여의도중앙보훈병원,중앙보훈병원개화,여의도중앙보훈병원,중앙보훈병원개화,,
6:30,6:31,6:26,6:31,,
염창중앙보훈병원,중앙보훈병원개화,염창중앙보훈병원,중앙보훈병원개화,,
6:40,6:44,6:38,6:43,,
마곡나루중앙보훈병원,중앙보훈병원개화,마곡나루중앙보훈병원,중앙보훈병원개화,,
6:51,6:57,6:49,6:55,,
개화중앙보훈병원,중앙보훈병원개화,개화중앙보훈병원,중앙보훈병원개화,,
7:03,7:05,7:01,7:07,,
개화중앙보훈병원,중앙보훈병원개화,개화중앙보훈병원,중앙보훈병원개화,,
7:15,7:17,7:13,7:19,,
개화중앙보훈병원,중앙보훈병원개화,개화중앙보훈병원,중앙보훈병원개화,,
7:28,7:29,7:25,7:31,,
개화중앙보훈병원,중앙보훈병원개화,개화중앙보훈병원,중앙보훈병원개화,,
7:36,7:36,7:37,7:43,,
개화중앙보훈병원,중앙보훈병원개화,개화중앙보훈병원,중앙보훈병원개화,,
7:45,7:44,7:49,7:55,,
개화중앙보훈병원,중앙보훈병원개화,개화중앙보훈병원,중앙보훈병원개화,,
7:53,7:52,8:01,8:07,,
개화중앙보훈병원,중앙보훈병원개화,개화중앙보훈병원,중앙보훈병원개화,,
8:00,8:01,8:13,8:19,,
개화중앙보훈병원,중앙보훈병원개화,개화중앙보훈병원,중앙보훈병원개화,,
8:06,8:10,8:25,8:31,,
개화중앙보훈병원,중앙보훈병원개화,개화중앙보훈병원,중앙보훈병원개화,,
8:13,8:17,8:37,8:43,,
개화중앙보훈병원,중앙보훈병원개화,개화중앙보훈병원,중앙보훈병원개화,,
8:20,8:24,8:49,8:55,,
개화중앙보훈병원,중앙보훈병원개화,개화중앙보훈병원,중앙보훈병원개화,,
8:27,8:31,9:01,9:07,,
개화중앙보훈병원,중앙보훈병원개화,개화중앙보훈병원,중앙보훈병원개화,,
8:34,8:38,9:13,9:19,,
개화중앙보훈병원,중앙보훈병원개화,개화중앙보훈병원,중앙보훈병원개화,,
8:41,8:45,9:25,9:31,,
개화중앙보훈병원,중앙보훈병원개화,개화중앙보훈병원,중앙보훈병원개화,,
8:47,8:52,9:37,9:43,,
개화중앙보훈병원,중앙보훈병원개화,개화중앙보훈병원,중앙보훈병원개화,,
8:54,8:58,9:49,9:55,,
개화중앙보훈병원,중앙보훈병원개화,개화중앙보훈병원,중앙보훈병원개화,,
9:01,9:05,10:01,10:06,,
개화중앙보훈병원,중앙보훈병원개화,개화중앙보훈병원,중앙보훈병원개화,,
9:08,9:12,10:12,10:17,,
개화중앙보훈병원,중앙보훈병원개화,개화중앙보훈병원,중앙보훈병원개화,,
9:15,9:19,10:23,10:28,,
개화중앙보훈병원,중앙보훈병원개화,개화중앙보훈병원,중앙보훈병원개화,,
9:22,9:26,10:34,10:39,,
개화중앙보훈병원,중앙보훈병원개화,개화중앙보훈병원,중앙보훈병원개화,,
9:28,9:33,10:45,10:50,,
개화중앙보훈병원,중앙보훈병원개화,개화중앙보훈병원,중앙보훈병원개화,,
9:35,9:39,10:56,-,,
개화중앙보훈병원,중앙보훈병원개화,개화중앙보훈병원,-,,
9:40,9:46,11:07,11:01,,
개화중앙보훈병원,중앙보훈병원개화,개화중앙보훈병원,중앙보훈병원개화,,
9:47,9:53,11:18,11:12,,
개화중앙보훈병원,중앙보훈병원개화,개화중앙보훈병원,중앙보훈병원개화,,
9:55,-,11:29,11:23,,
개화중앙보훈병원,-,개화중앙보훈병원,중앙보훈병원개화,,
10:06,10:01,11:40,11:34,,
개화중앙보훈병원,중앙보훈병원개화,개화중앙보훈병원,중앙보훈병원개화,,
10:17,10:09,11:51,11:45,,
개화중앙보훈병원,중앙보훈병원개화,개화중앙보훈병원,중앙보훈병원개화,,
10:28,10:15,-,11:56,,
개화중앙보훈병원,중앙보훈병원개화,-,중앙보훈병원개화,,
10:39,10:20,12:02,12:07,,
개화중앙보훈병원,중앙보훈병원개화,개화중앙보훈병원,중앙보훈병원개화,,
10:50,10:30,12:13,12:18,,
개화중앙보훈병원,중앙보훈병원개화,개화중앙보훈병원,중앙보훈병원개화,,
-,10:42,12:24,12:29,,
-,중앙보훈병원개화,개화중앙보훈병원,중앙보훈병원개화,,
-,10:53,12:35,12:40,,
-,중앙보훈병원개화,개화중앙보훈병원,중앙보훈병원개화,,
11:01,11:04,12:46,12:51,,
개화중앙보훈병원,중앙보훈병원개화,개화중앙보훈병원,중앙보훈병원개화,,
11:12,11:15,12:57,-,,
개화중앙보훈병원,중앙보훈병원개화,개화중앙보훈병원,-,,
11:23,11:26,13:08,13:02,,
개화중앙보훈병원,중앙보훈병원개화,개화중앙보훈병원,중앙보훈병원개화,,
11:34,11:37,13:19,13:13,,
개화중앙보훈병원,중앙보훈병원개화,개화중앙보훈병원,중앙보훈병원개화,,
11:45,11:48,13:30,13:24,,
개화중앙보훈병원,중앙보훈병원개화,개화중앙보훈병원,중앙보훈병원개화,,
11:56,11:59,13:41,13:35,,
개화중앙보훈병원,중앙보훈병원개화,개화중앙보훈병원,중앙보훈병원개화,,
12:07,12:10,13:52,13:46,,
개화중앙보훈병원,중앙보훈병원개화,개화중앙보훈병원,중앙보훈병원개화,,
12:19,12:21,-,13:57,,
개화중앙보훈병원,중앙보훈병원개화,-,중앙보훈병원개화,,
12:31,12:32,14:03,14:08,,
개화중앙보훈병원,중앙보훈병원개화,개화중앙보훈병원,중앙보훈병원개화,,
12:43,12:44,14:14,14:19,,
개화중앙보훈병원,중앙보훈병원개화,개화중앙보훈병원,중앙보훈병원개화,,
12:54,12:56,14:25,14:30,,
개화중앙보훈병원,중앙보훈병원개화,개화중앙보훈병원,중앙보훈병원개화,,
13:05,13:07,14:36,14:41,,
개화중앙보훈병원,중앙보훈병원개화,개화중앙보훈병원,중앙보훈병원개화,,
13:16,13:18,14:47,14:52,,
개화중앙보훈병원,중앙보훈병원개화,개화중앙보훈병원,중앙보훈병원개화,,
13:27,13:29,14:58,-,,
개화중앙보훈병원,중앙보훈병원개화,개화중앙보훈병원,-,,
13:38,13:40,15:09,15:03,,
개화중앙보훈병원,중앙보훈병원개화,개화중앙보훈병원,중앙보훈병원개화,,
13:49,13:51,15:20,15:14,,
개화중앙보훈병원,중앙보훈병원개화,개화중앙보훈병원,중앙보훈병원개화,,
14:00,14:02,15:31,15:25,,
개화중앙보훈병원,중앙보훈병원개화,개화중앙보훈병원,중앙보훈병원개화,,
14:11,14:13,15:42,15:36,,
개화중앙보훈병원,중앙보훈병원개화,개화중앙보훈병원,중앙보훈병원개화,,
14:22,14:24,15:53,15:47,,
개화중앙보훈병원,중앙보훈병원개화,개화중앙보훈병원,중앙보훈병원개화,,
14:33,14:35,-,15:58,,
개화중앙보훈병원,중앙보훈병원개화,-,중앙보훈병원개화,,
14:44,14:46,16:04,16:09,,
개화중앙보훈병원,중앙보훈병원개화,개화중앙보훈병원,중앙보훈병원개화,,
14:55,14:57,16:15,16:20,,
개화중앙보훈병원,중앙보훈병원개화,개화중앙보훈병원,중앙보훈병원개화,,
15:06,15:08,16:26,16:31,,
개화중앙보훈병원,중앙보훈병원개화,개화중앙보훈병원,중앙보훈병원개화,,
15:18,15:19,16:37,16:42,,
개화중앙보훈병원,중앙보훈병원개화,개화중앙보훈병원,중앙보훈병원개화,,
15:30,15:31,16:48,16:53,,
개화중앙보훈병원,중앙보훈병원개화,개화중앙보훈병원,중앙보훈병원개화,,
15:41,15:43,16:59,-,,
개화중앙보훈병원,중앙보훈병원개화,개화중앙보훈병원,-,,
15:52,15:54,17:10,17:04,,
개화중앙보훈병원,중앙보훈병원개화,개화중앙보훈병원,중앙보훈병원개화,,
16:03,16:05,17:21,17:15,,
개화중앙보훈병원,중앙보훈병원개화,개화중앙보훈병원,중앙보훈병원개화,,
16:14,16:16,17:32,17:26,,
개화중앙보훈병원,중앙보훈병원개화,개화중앙보훈병원,중앙보훈병원개화,,
16:25,16:27,17:43,17:37,,
개화중앙보훈병원,중앙보훈병원개화,개화중앙보훈병원,중앙보훈병원개화,,
16:36,16:38,17:54,17:48,,
개화중앙보훈병원,중앙보훈병원개화,개화중앙보훈병원,중앙보훈병원개화,,
16:47,16:49,-,17:59,,
개화중앙보훈병원,중앙보훈병원개화,-,중앙보훈병원개화,,
16:58,-,18:05,18:10,,
개화중앙보훈병원,-,개화중앙보훈병원,중앙보훈병원개화,,
17:04,17:00,18:16,18:21,,
개화중앙보훈병원,중앙보훈병원개화,개화중앙보훈병원,중앙보훈병원개화,,
17:09,17:11,18:27,18:32,,
개화중앙보훈병원,중앙보훈병원개화,개화중앙보훈병원,중앙보훈병원개화,,
17:20,17:22,18:38,18:43,,
개화중앙보훈병원,중앙보훈병원개화,개화중앙보훈병원,중앙보훈병원개화,,
17:31,17:33,18:49,18:54,,
개화중앙보훈병원,중앙보훈병원개화,개화중앙보훈병원,중앙보훈병원개화,,
17:38,17:39,19:00,19:05,,
개화중앙보훈병원,중앙보훈병원개화,개화중앙보훈병원,중앙보훈병원개화,,
17:46,17:44,19:11,19:16,,
개화중앙보훈병원,중앙보훈병원개화,개화중앙보훈병원,중앙보훈병원개화,,
17:55,17:55,19:22,19:27,,
개화중앙보훈병원,중앙보훈병원개화,개화중앙보훈병원,중앙보훈병원개화,,
18:02,18:03,19:33,19:38,,
개화중앙보훈병원,중앙보훈병원개화,개화중앙보훈병원,중앙보훈병원개화,,
18:09,18:11,19:44,19:49,,
개화중앙보훈병원,중앙보훈병원개화,개화중앙보훈병원,중앙보훈병원개화,,
18:16,18:19,19:55,-,,
개화중앙보훈병원,중앙보훈병원개화,개화중앙보훈병원,-,,
18:23,18:27,20:06,20:00,,
개화중앙보훈병원,중앙보훈병원개화,개화중앙보훈병원,중앙보훈병원개화,,
18:31,18:34,20:17,20:11,,
개화중앙보훈병원,중앙보훈병원개화,개화중앙보훈병원,중앙보훈병원개화,,
18:38,18:41,20:28,20:22,,
개화중앙보훈병원,중앙보훈병원개화,개화중앙보훈병원,중앙보훈병원개화,,
18:45,18:48,20:39,20:33,,
개화중앙보훈병원,중앙보훈병원개화,개화중앙보훈병원,중앙보훈병원개화,,
18:52,18:55,20:50,20:44,,
개화중앙보훈병원,중앙보훈병원개화,개화중앙보훈병원,중앙보훈병원개화,,
18:59,-,-,20:55,,
개화중앙보훈병원,-,-,중앙보훈병원개화,,
19:06,19:02,21:02,21:06,,
개화중앙보훈병원,중앙보훈병원개화,개화중앙보훈병원,중앙보훈병원개화,,
19:14,19:10,21:14,21:17,,
개화중앙보훈병원,중앙보훈병원개화,개화중앙보훈병원,중앙보훈병원개화,,
19:21,19:17,21:26,21:29,,
개화중앙보훈병원,중앙보훈병원개화,개화중앙보훈병원,중앙보훈병원개화,,
19:28,19:24,21:38,21:41,,
개화중앙보훈병원,중앙보훈병원개화,개화중앙보훈병원,중앙보훈병원개화,,
19:35,19:31,21:50,21:53,,
개화중앙보훈병원,중앙보훈병원개화,개화중앙보훈병원,중앙보훈병원개화,,
19:42,19:38,22:02,22:05,,
개화중앙보훈병원,중앙보훈병원개화,개화중앙보훈병원,중앙보훈병원개화,,
19:49,19:45,22:14,22:17,,
개화중앙보훈병원,중앙보훈병원개화,개화중앙보훈병원,중앙보훈병원개화,,
19:57,19:53,22:26,22:29,,
개화중앙보훈병원,중앙보훈병원개화,개화중앙보훈병원,중앙보훈병원개화,,
20:04,20:00,22:38,22:42,,
개화중앙보훈병원,중앙보훈병원개화,개화중앙보훈병원,중앙보훈병원개화,,
20:12,20:07,22:51,22:55막,,
개화중앙보훈병원,중앙보훈병원개화,개화중앙보훈병원,중앙보훈병원개화,,
20:19,20:14,23:04,23:08막,,
개화중앙보훈병원,중앙보훈병원개화,개화중앙보훈병원,중앙보훈병원염창,,
20:27,20:21,23:17,23:21막,,
개화중앙보훈병원,중앙보훈병원개화,개화중앙보훈병원,중앙보훈병원여의도,,
20:36,20:29,23:26,23:31막,,
개화중앙보훈병원,중앙보훈병원개화,개화중앙보훈병원,중앙보훈병원동작,,
20:47,20:39,23:36,23:45막,,
개화중앙보훈병원,중앙보훈병원개화,개화중앙보훈병원,중앙보훈병원신논현,,
20:58,20:45,23:47,23:59막,,
개화중앙보훈병원,중앙보훈병원개화,개화중앙보훈병원,중앙보훈병원삼전,,
-,20:50,00:00막,-,,
-,중앙보훈병원개화,개화중앙보훈병원,-,,
21:09,21:01,-,-,,
개화중앙보훈병원,중앙보훈병원개화,-,-,,
21:20,21:12,-,-,,
개화중앙보훈병원,중앙보훈병원개화,-,-,,
21:31,21:23,-,-,,
개화중앙보훈병원,중앙보훈병원개화,-,-,,
21:42,21:34,-,-,,
개화중앙보훈병원,중앙보훈병원개화,-,-,,
21:53,21:45,-,-,,
개화중앙보훈병원,중앙보훈병원개화,-,-,,
-,21:56,-,-,,
-,중앙보훈병원개화,-,-,,
22:04,22:08,-,-,,
개화중앙보훈병원,중앙보훈병원개화,-,-,,
22:15,22:17,-,-,,
개화중앙보훈병원,중앙보훈병원개화,-,-,,
22:26,22:28,-,-,,
개화중앙보훈병원,중앙보훈병원개화,-,-,,
22:37,22:39,-,-,,
개화중앙보훈병원,중앙보훈병원개화,-,-,,
22:48,22:50,-,-,,
개화중앙보훈병원,중앙보훈병원개화,-,-,,
22:59,-,-,-,,
개화중앙보훈병원,-,-,-,,
23:10,23:01,-,-,,
개화중앙보훈병원,중앙보훈병원개화,-,-,,
23:21,23:12,-,-,,
개화중앙보훈병원,중앙보훈병원개화,-,-,,
23:32,23:23,-,-,,
개화중앙보훈병원,중앙보훈병원개화,-,-,,
23:43,23:34,-,-,,
개화중앙보훈병원,중앙보훈병원개화,-,-,,
23:54,23:45막,-,-,,
개화중앙보훈병원,중앙보훈병원개화,-,-,,
-,23:56막,-,-,,
-,중앙보훈병원마곡나루,-,-,,
0:05,00:07막,-,-,,
개화중앙보훈병원,중앙보훈병원염창,-,-,,
0:16,00:18막,-,-,,
개화중앙보훈병원,중앙보훈병원여의도,-,-,,
0:24,00:28막,-,-,,
개화중앙보훈병원,중앙보훈병원동작,-,-,,
0:33,00:41막,-,-,,
개화중앙보훈병원,중앙보훈병원신논현,-,-,,
0:39,00:54막,-,-,,
개화중앙보훈병원,중앙보훈병원삼전,-,-,,
00:53막,-,-,-,,
개화중앙보훈병원,-,-,-,,
