﻿고속터미널방면,구반포방면,고속터미널방면,구반포방면
평일,평일,주말,주말
05:34첫,05:36첫,05:33첫,05:36첫
동작중앙보훈병원,신논현개화,동작중앙보훈병원,신논현개화
5:47,5:49,5:46,5:50
여의도중앙보훈병원,삼전개화,여의도중앙보훈병원,삼전개화
6:01,6:04,5:59,-
염창중앙보훈병원,중앙보훈병원개화,염창중앙보훈병원,-
6:12,6:19,6:11,6:07
마곡나루중앙보훈병원,중앙보훈병원개화,마곡나루중앙보훈병원,중앙보훈병원개화
6:23,6:32,6:21,6:18
개화중앙보훈병원,중앙보훈병원개화,개화중앙보훈병원,중앙보훈병원개화
6:35,6:45,6:33,6:31
개화중앙보훈병원,중앙보훈병원개화,개화중앙보훈병원,중앙보훈병원개화
6:47,6:58,6:45,6:44
개화중앙보훈병원,중앙보훈병원개화,개화중앙보훈병원,중앙보훈병원개화
6:59,-,6:57,6:56
개화중앙보훈병원,-,개화중앙보훈병원,중앙보훈병원개화
7:06,7:11,7:09,7:08
개화중앙보훈병원,중앙보훈병원개화,개화중앙보훈병원,중앙보훈병원개화
7:15,7:24,7:21,7:20
개화중앙보훈병원,중앙보훈병원개화,개화중앙보훈병원,중앙보훈병원개화
7:23,7:31,7:33,7:32
개화중앙보훈병원,중앙보훈병원개화,개화중앙보훈병원,중앙보훈병원개화
7:30,7:43,7:45,7:44
개화중앙보훈병원,중앙보훈병원개화,개화중앙보훈병원,중앙보훈병원개화
7:36,7:55,7:57,7:56
개화중앙보훈병원,중앙보훈병원개화,개화중앙보훈병원,중앙보훈병원개화
7:43,-,8:09,8:08
개화중앙보훈병원,-,개화중앙보훈병원,중앙보훈병원개화
7:50,-,8:21,8:20
개화중앙보훈병원,-,개화중앙보훈병원,중앙보훈병원개화
7:57,-,8:33,8:32
개화중앙보훈병원,-,개화중앙보훈병원,중앙보훈병원개화
8:04,8:03,8:45,8:44
개화중앙보훈병원,중앙보훈병원개화,개화중앙보훈병원,중앙보훈병원개화
8:11,8:11,8:57,8:56
개화중앙보훈병원,중앙보훈병원개화,개화중앙보훈병원,중앙보훈병원개화
8:17,8:20,9:09,9:08
개화중앙보훈병원,중앙보훈병원개화,개화중앙보훈병원,중앙보훈병원개화
8:24,8:29,9:21,9:20
개화중앙보훈병원,중앙보훈병원개화,개화중앙보훈병원,중앙보훈병원개화
8:31,8:37,9:33,9:32
개화중앙보훈병원,중앙보훈병원개화,개화중앙보훈병원,중앙보훈병원개화
8:38,8:45,9:45,9:44
개화중앙보훈병원,중앙보훈병원개화,개화중앙보훈병원,중앙보훈병원개화
8:45,8:52,9:56,9:56
개화중앙보훈병원,중앙보훈병원개화,개화중앙보훈병원,중앙보훈병원개화
8:52,8:58,10:07,10:08
개화중앙보훈병원,중앙보훈병원개화,개화중앙보훈병원,중앙보훈병원개화
8:58,-,10:18,10:20
개화중앙보훈병원,-,개화중앙보훈병원,중앙보훈병원개화
9:05,9:05,10:29,10:31
개화중앙보훈병원,중앙보훈병원개화,개화중앙보훈병원,중앙보훈병원개화
9:12,9:12,10:40,10:42
개화중앙보훈병원,중앙보훈병원개화,개화중앙보훈병원,중앙보훈병원개화
9:19,9:19,10:51,10:53
개화중앙보훈병원,중앙보훈병원개화,개화중앙보훈병원,중앙보훈병원개화
9:28,9:26,11:02,11:04
개화중앙보훈병원,중앙보훈병원개화,개화중앙보훈병원,중앙보훈병원개화
9:39,9:33,11:13,11:15
개화중앙보훈병원,중앙보훈병원개화,개화중앙보훈병원,중앙보훈병원개화
9:50,9:39,11:24,11:26
개화중앙보훈병원,중앙보훈병원개화,개화중앙보훈병원,중앙보훈병원개화
-,9:46,11:35,11:37
-,중앙보훈병원개화,개화중앙보훈병원,중앙보훈병원개화
-,9:53,11:46,11:48
-,중앙보훈병원개화,개화중앙보훈병원,중앙보훈병원개화
10:01,10:00,11:57,11:59
개화중앙보훈병원,중앙보훈병원개화,개화중앙보훈병원,중앙보훈병원개화
10:12,10:07,12:08,12:10
개화중앙보훈병원,중앙보훈병원개화,개화중앙보훈병원,중앙보훈병원개화
10:23,10:14,12:19,12:21
개화중앙보훈병원,중앙보훈병원개화,개화중앙보훈병원,중앙보훈병원개화
10:34,10:20,12:30,12:32
개화중앙보훈병원,중앙보훈병원개화,개화중앙보훈병원,중앙보훈병원개화
10:45,10:28,12:41,12:43
개화중앙보훈병원,중앙보훈병원개화,개화중앙보훈병원,중앙보훈병원개화
10:56,10:34,12:52,12:54
개화중앙보훈병원,중앙보훈병원개화,개화중앙보훈병원,중앙보훈병원개화
-,10:42,13:03,13:05
-,중앙보훈병원개화,개화중앙보훈병원,중앙보훈병원개화
-,10:50,13:14,13:16
-,중앙보훈병원개화,개화중앙보훈병원,중앙보훈병원개화
-,10:56,13:25,13:27
-,중앙보훈병원개화,개화중앙보훈병원,중앙보훈병원개화
11:07,11:07,13:36,13:38
개화중앙보훈병원,중앙보훈병원개화,개화중앙보훈병원,중앙보훈병원개화
11:18,11:18,13:47,13:49
개화중앙보훈병원,중앙보훈병원개화,개화중앙보훈병원,중앙보훈병원개화
11:29,11:29,13:58,-
개화중앙보훈병원,중앙보훈병원개화,개화중앙보훈병원,-
11:40,11:40,14:09,14:00
개화중앙보훈병원,중앙보훈병원개화,개화중앙보훈병원,중앙보훈병원개화
11:51,11:51,14:20,14:11
개화중앙보훈병원,중앙보훈병원개화,개화중앙보훈병원,중앙보훈병원개화
12:03,12:02,14:31,14:22
개화중앙보훈병원,중앙보훈병원개화,개화중앙보훈병원,중앙보훈병원개화
12:15,12:13,14:42,14:33
개화중앙보훈병원,중앙보훈병원개화,개화중앙보훈병원,중앙보훈병원개화
12:26,12:24,14:53,14:44
개화중앙보훈병원,중앙보훈병원개화,개화중앙보훈병원,중앙보훈병원개화
12:37,12:35,-,14:55
개화중앙보훈병원,중앙보훈병원개화,-,중앙보훈병원개화
12:48,12:46,15:04,15:06
개화중앙보훈병원,중앙보훈병원개화,개화중앙보훈병원,중앙보훈병원개화
12:59,12:58,15:15,15:17
개화중앙보훈병원,중앙보훈병원개화,개화중앙보훈병원,중앙보훈병원개화
13:10,13:10,15:26,15:28
개화중앙보훈병원,중앙보훈병원개화,개화중앙보훈병원,중앙보훈병원개화
13:21,13:21,15:37,15:39
개화중앙보훈병원,중앙보훈병원개화,개화중앙보훈병원,중앙보훈병원개화
13:32,13:32,15:48,15:50
개화중앙보훈병원,중앙보훈병원개화,개화중앙보훈병원,중앙보훈병원개화
13:43,13:43,15:59,-
개화중앙보훈병원,중앙보훈병원개화,개화중앙보훈병원,-
13:54,13:54,16:10,16:01
개화중앙보훈병원,중앙보훈병원개화,개화중앙보훈병원,중앙보훈병원개화
14:05,14:05,16:21,16:12
개화중앙보훈병원,중앙보훈병원개화,개화중앙보훈병원,중앙보훈병원개화
14:16,14:16,16:32,16:23
개화중앙보훈병원,중앙보훈병원개화,개화중앙보훈병원,중앙보훈병원개화
14:27,14:27,16:43,16:34
개화중앙보훈병원,중앙보훈병원개화,개화중앙보훈병원,중앙보훈병원개화
14:38,14:38,16:54,16:45
개화중앙보훈병원,중앙보훈병원개화,개화중앙보훈병원,중앙보훈병원개화
14:50,14:49,-,16:56
개화중앙보훈병원,중앙보훈병원개화,-,중앙보훈병원개화
15:02,15:00,17:05,17:07
개화중앙보훈병원,중앙보훈병원개화,개화중앙보훈병원,중앙보훈병원개화
15:13,15:11,17:16,17:18
개화중앙보훈병원,중앙보훈병원개화,개화중앙보훈병원,중앙보훈병원개화
15:24,15:22,17:27,17:29
개화중앙보훈병원,중앙보훈병원개화,개화중앙보훈병원,중앙보훈병원개화
15:35,15:33,17:38,17:40
개화중앙보훈병원,중앙보훈병원개화,개화중앙보훈병원,중앙보훈병원개화
15:46,15:45,17:49,17:51
개화중앙보훈병원,중앙보훈병원개화,개화중앙보훈병원,중앙보훈병원개화
15:57,15:57,18:00,18:02
개화중앙보훈병원,중앙보훈병원개화,개화중앙보훈병원,중앙보훈병원개화
16:08,16:08,18:11,18:13
개화중앙보훈병원,중앙보훈병원개화,개화중앙보훈병원,중앙보훈병원개화
16:19,16:19,18:22,18:24
개화중앙보훈병원,중앙보훈병원개화,개화중앙보훈병원,중앙보훈병원개화
16:30,16:30,18:33,18:35
개화중앙보훈병원,중앙보훈병원개화,개화중앙보훈병원,중앙보훈병원개화
16:36,16:41,18:44,18:46
개화중앙보훈병원,중앙보훈병원개화,개화중앙보훈병원,중앙보훈병원개화
16:41,16:52,18:55,18:57
개화중앙보훈병원,중앙보훈병원개화,개화중앙보훈병원,중앙보훈병원개화
16:52,-,19:06,19:08
개화중앙보훈병원,-,개화중앙보훈병원,중앙보훈병원개화
17:03,17:03,19:17,19:19
개화중앙보훈병원,중앙보훈병원개화,개화중앙보훈병원,중앙보훈병원개화
17:08,17:14,19:28,19:30
개화중앙보훈병원,중앙보훈병원개화,개화중앙보훈병원,중앙보훈병원개화
17:16,17:25,19:39,19:41
개화중앙보훈병원,중앙보훈병원개화,개화중앙보훈병원,중앙보훈병원개화
17:25,17:36,19:50,19:52
개화중앙보훈병원,중앙보훈병원개화,개화중앙보훈병원,중앙보훈병원개화
17:32,17:47,20:01,20:03
개화중앙보훈병원,중앙보훈병원개화,개화중앙보훈병원,중앙보훈병원개화
17:39,17:58,20:12,20:14
개화중앙보훈병원,중앙보훈병원개화,개화중앙보훈병원,중앙보훈병원개화
17:46,-,20:23,20:25
개화중앙보훈병원,-,개화중앙보훈병원,중앙보훈병원개화
17:53,-,20:34,20:36
개화중앙보훈병원,-,개화중앙보훈병원,중앙보훈병원개화
18:01,18:06,20:46,20:47
개화중앙보훈병원,중앙보훈병원개화,개화중앙보훈병원,중앙보훈병원개화
18:08,18:14,20:58,20:58
개화중앙보훈병원,중앙보훈병원개화,개화중앙보훈병원,중앙보훈병원개화
18:15,18:23,21:10,21:09
개화중앙보훈병원,중앙보훈병원개화,개화중앙보훈병원,중앙보훈병원개화
18:22,18:31,21:22,21:20
개화중앙보훈병원,중앙보훈병원개화,개화중앙보훈병원,중앙보훈병원개화
18:29,18:39,21:34,21:31
개화중앙보훈병원,중앙보훈병원개화,개화중앙보훈병원,중앙보훈병원개화
18:36,18:47,21:46,21:42
개화중앙보훈병원,중앙보훈병원개화,개화중앙보훈병원,중앙보훈병원개화
18:44,18:54,21:58,21:54
개화중앙보훈병원,중앙보훈병원개화,개화중앙보훈병원,중앙보훈병원개화
18:51,-,22:10,22:06
개화중앙보훈병원,-,개화중앙보훈병원,중앙보훈병원개화
18:58,-,22:22,22:18
개화중앙보훈병원,-,개화중앙보훈병원,중앙보훈병원개화
19:05,19:01,22:35,22:30
개화중앙보훈병원,중앙보훈병원개화,개화중앙보훈병원,중앙보훈병원개화
19:12,19:08,22:48,22:42
개화중앙보훈병원,중앙보훈병원개화,개화중앙보훈병원,중앙보훈병원개화
19:19,19:15,-,22:54
개화중앙보훈병원,중앙보훈병원개화,-,중앙보훈병원개화
19:27,19:23,23:01,23:07
개화중앙보훈병원,중앙보훈병원개화,개화중앙보훈병원,중앙보훈병원개화
19:34,19:30,23:11,23:20막
개화중앙보훈병원,중앙보훈병원개화,개화중앙보훈병원,중앙보훈병원개화
19:42,19:37,23:22,23:33막
개화중앙보훈병원,중앙보훈병원개화,개화중앙보훈병원,중앙보훈병원염창
19:51,19:44,23:35막,23:46막
개화중앙보훈병원,중앙보훈병원개화,개화중앙보훈병원,중앙보훈병원여의도
19:59,19:51,23:48막,23:57막
개화중앙보훈병원,중앙보훈병원개화,개화신논현,중앙보훈병원동작
-,19:58,-,-
-,중앙보훈병원개화,-,-
20:08,20:06,-,-
개화중앙보훈병원,중앙보훈병원개화,-,-
20:19,20:13,-,-
개화중앙보훈병원,중앙보훈병원개화,-,-
20:30,20:20,-,-
개화중앙보훈병원,중앙보훈병원개화,-,-
20:41,20:27,-,-
개화중앙보훈병원,중앙보훈병원개화,-,-
20:52,20:34,-,-
개화중앙보훈병원,중앙보훈병원개화,-,-
-,20:41,-,-
-,중앙보훈병원개화,-,-
-,20:49,-,-
-,중앙보훈병원개화,-,-
-,20:58,-,-
-,중앙보훈병원개화,-,-
21:03,21:04,-,-
개화중앙보훈병원,중앙보훈병원개화,-,-
21:14,21:12,-,-
개화중앙보훈병원,중앙보훈병원개화,-,-
21:25,21:15,-,-
개화중앙보훈병원,중앙보훈병원개화,-,-
21:36,21:26,-,-
개화중앙보훈병원,중앙보훈병원개화,-,-
21:47,21:37,-,-
개화중앙보훈병원,중앙보훈병원개화,-,-
21:58,21:48,-,-
개화중앙보훈병원,중앙보훈병원개화,-,-
-,21:59,-,-
-,중앙보훈병원개화,-,-
22:09,22:10,-,-
개화중앙보훈병원,중앙보훈병원개화,-,-
22:20,22:21,-,-
개화중앙보훈병원,중앙보훈병원개화,-,-
22:31,22:33,-,-
개화중앙보훈병원,중앙보훈병원개화,-,-
22:42,22:42,-,-
개화중앙보훈병원,중앙보훈병원개화,-,-
22:53,22:53,-,-
개화중앙보훈병원,중앙보훈병원개화,-,-
23:04,23:04,-,-
개화중앙보훈병원,중앙보훈병원개화,-,-
23:15,23:15,-,-
개화중앙보훈병원,중앙보훈병원개화,-,-
23:26,23:26,-,-
개화중앙보훈병원,중앙보훈병원개화,-,-
23:37,23:37,-,-
개화중앙보훈병원,중앙보훈병원개화,-,-
23:48,23:48,-,-
개화중앙보훈병원,중앙보훈병원개화,-,-
23:59,23:59,-,-
개화중앙보훈병원,중앙보훈병원개화,-,-
0:08,00:10막,-,-
개화중앙보훈병원,중앙보훈병원개화,-,-
0:14,00:21막,-,-
개화중앙보훈병원,중앙보훈병원마곡나루,-,-
00:27막,00:32막,-,-
개화중앙보훈병원,중앙보훈병원염창,-,-
00:39막,00:44막,-,-
개화삼전,중앙보훈병원여의도,-,-
00:51막,00:53막,-,-
개화신논현,중앙보훈병원동작,-,-
