﻿언주방면,사평방면,언주방면,사평방면,,
평일,평일,주말,주말,,
05:30첫,05:30첫,05:30첫,05:30첫,,
신논현중앙보훈병원,신논현개화,신논현중앙보훈병원,신논현개화,,
5:41,5:43,5:40,5:43,,
동작중앙보훈병원,삼전개화,동작중앙보훈병원,삼전개화,,
05:49급첫,5:58,05:48급첫,-,,
당산중앙보훈병원,중앙보훈병원개화,당산중앙보훈병원,-,,
5:55,-,5:53,-,,
여의도중앙보훈병원,-,여의도중앙보훈병원,-,,
06:03급,6:11,06:00급,6:00,,
김포공항중앙보훈병원,중앙보훈병원개화,김포공항중앙보훈병원,중앙보훈병원개화,,
6:08,06:12급첫,6:05,6:12,,
염창중앙보훈병원,중앙보훈병원김포공항,염창중앙보훈병원,중앙보훈병원개화,,
06:15급,6:24,06:12급,06:17급첫,,
김포공항중앙보훈병원,중앙보훈병원개화,김포공항중앙보훈병원,중앙보훈병원김포공항,,
6:19,06:26급,6:17,6:25,,
마곡나루중앙보훈병원,중앙보훈병원김포공항,마곡나루중앙보훈병원,중앙보훈병원개화,,
06:25급,6:37,06:23급,06:30급,,
김포공항중앙보훈병원,중앙보훈병원개화,김포공항중앙보훈병원,중앙보훈병원김포공항,,
6:29,06:39급,6:27,6:38,,
개화중앙보훈병원,중앙보훈병원김포공항,개화중앙보훈병원,중앙보훈병원개화,,
06:37급,6:50,06:35급,06:43급,,
김포공항중앙보훈병원,중앙보훈병원개화,김포공항중앙보훈병원,중앙보훈병원김포공항,,
6:42,06:52급,6:39,6:50,,
개화중앙보훈병원,중앙보훈병원김포공항,개화중앙보훈병원,중앙보훈병원개화,,
06:49급,-,06:47급,06:55급,,
김포공항중앙보훈병원,-,김포공항중앙보훈병원,중앙보훈병원김포공항,,
6:54,-,6:51,-,,
개화중앙보훈병원,-,개화중앙보훈병원,-,,
07:01급,7:03,06:59급,-,,
김포공항중앙보훈병원,중앙보훈병원개화,김포공항중앙보훈병원,-,,
7:06,07:05급,7:03,7:02,,
개화중앙보훈병원,중앙보훈병원김포공항,개화중앙보훈병원,중앙보훈병원개화,,
07:13급,7:16,07:11급,07:07급,,
김포공항중앙보훈병원,중앙보훈병원개화,김포공항중앙보훈병원,중앙보훈병원김포공항,,
7:15,07:18급,7:15,7:14,,
개화중앙보훈병원,중앙보훈병원김포공항,개화중앙보훈병원,중앙보훈병원개화,,
07:22급,7:24,07:23급,07:19급,,
김포공항중앙보훈병원,중앙보훈병원개화,김포공항중앙보훈병원,중앙보훈병원김포공항,,
7:24,07:30급,7:27,7:26,,
개화중앙보훈병원,중앙보훈병원김포공항,개화중앙보훈병원,중앙보훈병원개화,,
07:29급,7:36,07:35급,07:31급,,
김포공항중앙보훈병원,중앙보훈병원개화,김포공항중앙보훈병원,중앙보훈병원김포공항,,
7:31,07:42급,7:39,7:38,,
개화중앙보훈병원,중앙보훈병원김포공항,개화중앙보훈병원,중앙보훈병원개화,,
07:36급,7:48,07:47급,07:43급,,
김포공항중앙보훈병원,중앙보훈병원개화,김포공항중앙보훈병원,중앙보훈병원김포공항,,
7:38,07:54급,7:51,7:50,,
개화중앙보훈병원,중앙보훈병원김포공항,개화중앙보훈병원,중앙보훈병원개화,,
07:43급,7:57,07:59급,07:55급,,
김포공항중앙보훈병원,중앙보훈병원개화,김포공항중앙보훈병원,중앙보훈병원김포공항,,
7:45,-,8:03,8:02,,
개화중앙보훈병원,-,개화중앙보훈병원,중앙보훈병원개화,,
07:50급,-,08:11급,08:07급,,
김포공항중앙보훈병원,-,김포공항중앙보훈병원,중앙보훈병원김포공항,,
7:52,-,8:15,8:14,,
개화중앙보훈병원,-,개화중앙보훈병원,중앙보훈병원개화,,
07:57급,-,08:23급,08:19급,,
김포공항중앙보훈병원,-,김포공항중앙보훈병원,중앙보훈병원김포공항,,
7:59,-,8:27,8:26,,
개화중앙보훈병원,-,개화중앙보훈병원,중앙보훈병원개화,,
08:04급,8:03,08:35급,08:31급,,
김포공항중앙보훈병원,중앙보훈병원개화,김포공항중앙보훈병원,중앙보훈병원김포공항,,
8:06,08:05급,8:39,8:38,,
개화중앙보훈병원,중앙보훈병원김포공항,개화중앙보훈병원,중앙보훈병원개화,,
08:10급,8:12,08:47급,08:43급,,
김포공항중앙보훈병원,중앙보훈병원개화,김포공항중앙보훈병원,중앙보훈병원김포공항,,
8:12,08:13급,8:51,8:50,,
개화중앙보훈병원,중앙보훈병원김포공항,개화중앙보훈병원,중앙보훈병원개화,,
08:17급,8:20,08:59급,08:55급,,
김포공항중앙보훈병원,중앙보훈병원개화,김포공항중앙보훈병원,중앙보훈병원김포공항,,
8:19,08:22급,9:03,9:02,,
개화중앙보훈병원,중앙보훈병원김포공항,개화중앙보훈병원,중앙보훈병원개화,,
08:24급,8:29,09:11급,09:07급,,
김포공항중앙보훈병원,중앙보훈병원개화,김포공항중앙보훈병원,중앙보훈병원김포공항,,
8:26,08:30급,9:15,9:14,,
개화중앙보훈병원,중앙보훈병원김포공항,개화중앙보훈병원,중앙보훈병원개화,,
08:31급,8:36,09:23급,09:19급,,
김포공항중앙보훈병원,중앙보훈병원개화,김포공항중앙보훈병원,중앙보훈병원김포공항,,
8:33,08:38급,9:27,9:26,,
개화중앙보훈병원,중앙보훈병원김포공항,개화중앙보훈병원,중앙보훈병원개화,,
08:38급,8:43,09:35급,09:31급,,
김포공항중앙보훈병원,중앙보훈병원개화,김포공항중앙보훈병원,중앙보훈병원김포공항,,
8:40,08:45급,9:39,9:38,,
개화중앙보훈병원,중앙보훈병원김포공항,개화중앙보훈병원,중앙보훈병원개화,,
08:45급,8:50,09:47급,09:43급,,
김포공항중앙보훈병원,중앙보훈병원개화,김포공항중앙보훈병원,중앙보훈병원김포공항,,
8:47,08:51급,9:51,9:50,,
개화중앙보훈병원,중앙보훈병원김포공항,개화중앙보훈병원,중앙보훈병원개화,,
08:51급,8:57,09:58급,09:55급,,
김포공항중앙보훈병원,중앙보훈병원개화,김포공항중앙보훈병원,중앙보훈병원김포공항,,
8:53,08:58급,10:02,10:02,,
개화중앙보훈병원,중앙보훈병원김포공항,개화중앙보훈병원,중앙보훈병원개화,,
08:58급,-,10:09급,10:07급,,
김포공항중앙보훈병원,-,김포공항중앙보훈병원,중앙보훈병원김포공항,,
9:00,9:04,10:13,10:14,,
개화중앙보훈병원,중앙보훈병원개화,개화중앙보훈병원,중앙보훈병원개화,,
09:05급,09:05급,10:20급,10:18급,,
김포공항중앙보훈병원,중앙보훈병원김포공항,김포공항중앙보훈병원,중앙보훈병원김포공항,,
9:07,9:11,10:24,10:25,,
개화중앙보훈병원,중앙보훈병원개화,개화중앙보훈병원,중앙보훈병원개화,,
09:12급,09:12급,10:31급,10:29급,,
김포공항중앙보훈병원,중앙보훈병원김포공항,김포공항중앙보훈병원,중앙보훈병원김포공항,,
9:14,9:17,10:35,10:36,,
개화중앙보훈병원,중앙보훈병원개화,개화중앙보훈병원,중앙보훈병원개화,,
09:19급,09:19급,10:42급,10:40급,,
김포공항중앙보훈병원,중앙보훈병원김포공항,김포공항중앙보훈병원,중앙보훈병원김포공항,,
9:21,9:24,10:46,10:47,,
개화중앙보훈병원,중앙보훈병원개화,개화중앙보훈병원,중앙보훈병원개화,,
9:26,09:26급,10:53급,10:51급,,
개화중앙보훈병원,중앙보훈병원김포공항,김포공항중앙보훈병원,중앙보훈병원김포공항,,
09:30급,9:31,10:57,10:58,,
김포공항중앙보훈병원,중앙보훈병원개화,개화중앙보훈병원,중앙보훈병원개화,,
9:34,09:32급,11:04급,11:02급,,
개화중앙보훈병원,중앙보훈병원김포공항,김포공항중앙보훈병원,중앙보훈병원김포공항,,
09:41급,9:38,11:08,11:09,,
김포공항중앙보훈병원,중앙보훈병원개화,개화중앙보훈병원,중앙보훈병원개화,,
9:45,09:39급,11:15급,11:13급,,
개화중앙보훈병원,중앙보훈병원김포공항,김포공항중앙보훈병원,중앙보훈병원김포공항,,
09:52급,9:45,11:19,11:20,,
김포공항중앙보훈병원,중앙보훈병원개화,개화중앙보훈병원,중앙보훈병원개화,,
9:56,09:46급,11:26급,11:24급,,
개화중앙보훈병원,중앙보훈병원김포공항,김포공항중앙보훈병원,중앙보훈병원김포공항,,
-,9:52,11:30,11:31,,
-,중앙보훈병원개화,개화중앙보훈병원,중앙보훈병원개화,,
-,09:53급,11:37급,11:35급,,
-,중앙보훈병원김포공항,김포공항중앙보훈병원,중앙보훈병원김포공항,,
-,9:58,11:41,11:42,,
-,중앙보훈병원개화,개화중앙보훈병원,중앙보훈병원개화,,
10:03급,10:00급,11:48급,11:46급,,
김포공항중앙보훈병원,중앙보훈병원김포공항,김포공항중앙보훈병원,중앙보훈병원김포공항,,
10:07,10:05,11:52,11:53,,
개화중앙보훈병원,중앙보훈병원개화,개화중앙보훈병원,중앙보훈병원개화,,
10:14급,10:07급,11:59급,11:57급,,
김포공항중앙보훈병원,중앙보훈병원김포공항,김포공항중앙보훈병원,중앙보훈병원김포공항,,
10:18,10:12,12:03,12:04,,
개화중앙보훈병원,중앙보훈병원개화,개화중앙보훈병원,중앙보훈병원개화,,
10:25급,10:14급,12:10급,12:08급,,
김포공항중앙보훈병원,중앙보훈병원김포공항,김포공항중앙보훈병원,중앙보훈병원김포공항,,
10:29,10:20,12:14,12:15,,
개화중앙보훈병원,중앙보훈병원개화,개화중앙보훈병원,중앙보훈병원개화,,
10:36급,10:22급,12:21급,12:19급,,
김포공항중앙보훈병원,중앙보훈병원김포공항,김포공항중앙보훈병원,중앙보훈병원김포공항,,
10:40,10:28,12:25,12:26,,
개화중앙보훈병원,중앙보훈병원개화,개화중앙보훈병원,중앙보훈병원개화,,
10:47급,10:33급,12:32급,12:30급,,
김포공항중앙보훈병원,중앙보훈병원김포공항,김포공항중앙보훈병원,중앙보훈병원김포공항,,
10:51,10:36,12:36,12:37,,
개화중앙보훈병원,중앙보훈병원개화,개화중앙보훈병원,중앙보훈병원개화,,
10:58급,10:41,12:43급,12:41급,,
김포공항중앙보훈병원,중앙보훈병원개화,김포공항중앙보훈병원,중앙보훈병원김포공항,,
-,10:43급,12:47,12:48,,
-,중앙보훈병원김포공항,개화중앙보훈병원,중앙보훈병원개화,,
-,10:50,12:54급,12:52급,,
-,중앙보훈병원개화,김포공항중앙보훈병원,중앙보훈병원김포공항,,
-,10:55급,12:58,12:59,,
-,중앙보훈병원김포공항,개화중앙보훈병원,중앙보훈병원개화,,
11:02,11:01,13:05급,13:03급,,
개화중앙보훈병원,중앙보훈병원개화,김포공항중앙보훈병원,중앙보훈병원김포공항,,
11:09급,11:06급,13:09,13:10,,
김포공항중앙보훈병원,중앙보훈병원김포공항,개화중앙보훈병원,중앙보훈병원개화,,
11:13,11:12,13:16급,13:14급,,
개화중앙보훈병원,중앙보훈병원개화,김포공항중앙보훈병원,중앙보훈병원김포공항,,
11:20급,11:17급,13:20,13:21,,
김포공항중앙보훈병원,중앙보훈병원김포공항,개화중앙보훈병원,중앙보훈병원개화,,
11:24,11:23,13:27급,13:25급,,
개화중앙보훈병원,중앙보훈병원개화,김포공항중앙보훈병원,중앙보훈병원김포공항,,
11:31급,11:28급,13:31,13:32,,
김포공항중앙보훈병원,중앙보훈병원김포공항,개화중앙보훈병원,중앙보훈병원개화,,
11:35,11:34,13:38급,13:36급,,
개화중앙보훈병원,중앙보훈병원개화,김포공항중앙보훈병원,중앙보훈병원김포공항,,
11:42급,11:39급,13:42,13:43,,
김포공항중앙보훈병원,중앙보훈병원김포공항,개화중앙보훈병원,중앙보훈병원개화,,
11:46,11:45,13:49급,13:47급,,
개화중앙보훈병원,중앙보훈병원개화,김포공항중앙보훈병원,중앙보훈병원김포공항,,
11:53급,11:50급,13:53,13:54,,
김포공항중앙보훈병원,중앙보훈병원김포공항,개화중앙보훈병원,중앙보훈병원개화,,
11:58,11:56,-,13:58급,,
개화중앙보훈병원,중앙보훈병원개화,-,중앙보훈병원김포공항,,
12:05급,12:01급,14:00급,14:05,,
김포공항중앙보훈병원,중앙보훈병원김포공항,김포공항중앙보훈병원,중앙보훈병원개화,,
12:09,12:07,14:04,14:09급,,
개화중앙보훈병원,중앙보훈병원개화,개화중앙보훈병원,중앙보훈병원김포공항,,
12:17급,12:12급,14:11급,14:16,,
김포공항중앙보훈병원,중앙보훈병원김포공항,김포공항중앙보훈병원,중앙보훈병원개화,,
12:21,12:18,14:15,14:20급,,
개화중앙보훈병원,중앙보훈병원개화,개화중앙보훈병원,중앙보훈병원김포공항,,
12:28급,12:23급,14:22급,14:27,,
김포공항중앙보훈병원,중앙보훈병원김포공항,김포공항중앙보훈병원,중앙보훈병원개화,,
12:32,12:29,14:26,14:31급,,
개화중앙보훈병원,중앙보훈병원개화,개화중앙보훈병원,중앙보훈병원김포공항,,
12:39급,12:34급,14:33급,14:38,,
김포공항중앙보훈병원,중앙보훈병원김포공항,김포공항중앙보훈병원,중앙보훈병원개화,,
12:43,12:40,14:37,14:42급,,
개화중앙보훈병원,중앙보훈병원개화,개화중앙보훈병원,중앙보훈병원김포공항,,
12:50급,12:45급,14:44급,14:49,,
김포공항중앙보훈병원,중앙보훈병원김포공항,김포공항중앙보훈병원,중앙보훈병원개화,,
12:54,12:51,14:48,14:53급,,
개화중앙보훈병원,중앙보훈병원개화,개화중앙보훈병원,중앙보훈병원김포공항,,
-,12:57급,14:55급,-,,
-,중앙보훈병원김포공항,김포공항중앙보훈병원,-,,
13:01급,13:03,14:59,-,,
김포공항중앙보훈병원,중앙보훈병원개화,개화중앙보훈병원,-,,
13:05,13:09급,15:06급,15:00,,
개화중앙보훈병원,중앙보훈병원김포공항,김포공항중앙보훈병원,중앙보훈병원개화,,
13:12급,13:15,15:10,15:04급,,
김포공항중앙보훈병원,중앙보훈병원개화,개화중앙보훈병원,중앙보훈병원김포공항,,
13:16,13:20급,15:17급,15:11,,
개화중앙보훈병원,중앙보훈병원김포공항,김포공항중앙보훈병원,중앙보훈병원개화,,
13:23급,13:26,15:21,15:15급,,
김포공항중앙보훈병원,중앙보훈병원개화,개화중앙보훈병원,중앙보훈병원김포공항,,
13:27,13:31급,15:28급,15:22,,
개화중앙보훈병원,중앙보훈병원김포공항,김포공항중앙보훈병원,중앙보훈병원개화,,
13:34급,13:37,15:32,15:26급,,
김포공항중앙보훈병원,중앙보훈병원개화,개화중앙보훈병원,중앙보훈병원김포공항,,
13:38,13:42급,15:39급,15:33,,
개화중앙보훈병원,중앙보훈병원김포공항,김포공항중앙보훈병원,중앙보훈병원개화,,
13:45급,13:48,15:43,15:37급,,
김포공항중앙보훈병원,중앙보훈병원개화,개화중앙보훈병원,중앙보훈병원김포공항,,
13:49,13:53급,15:50급,15:44,,
개화중앙보훈병원,중앙보훈병원김포공항,김포공항중앙보훈병원,중앙보훈병원개화,,
13:56급,13:59,15:54,15:48급,,
김포공항중앙보훈병원,중앙보훈병원개화,개화중앙보훈병원,중앙보훈병원김포공항,,
14:00,14:04급,-,15:55,,
개화중앙보훈병원,중앙보훈병원김포공항,-,중앙보훈병원개화,,
14:07급,14:10,-,15:59급,,
김포공항중앙보훈병원,중앙보훈병원개화,-,중앙보훈병원김포공항,,
14:11,14:15급,16:01급,16:06,,
개화중앙보훈병원,중앙보훈병원김포공항,김포공항중앙보훈병원,중앙보훈병원개화,,
14:18급,14:21,16:05,16:10급,,
김포공항중앙보훈병원,중앙보훈병원개화,개화중앙보훈병원,중앙보훈병원김포공항,,
14:22,14:26급,16:12급,16:17,,
개화중앙보훈병원,중앙보훈병원김포공항,김포공항중앙보훈병원,중앙보훈병원개화,,
14:29급,14:32,16:16,16:21급,,
김포공항중앙보훈병원,중앙보훈병원개화,개화중앙보훈병원,중앙보훈병원김포공항,,
14:33,14:37급,16:23급,16:28,,
개화중앙보훈병원,중앙보훈병원김포공항,김포공항중앙보훈병원,중앙보훈병원개화,,
14:40급,14:43,16:27,16:32급,,
김포공항중앙보훈병원,중앙보훈병원개화,개화중앙보훈병원,중앙보훈병원김포공항,,
14:45,14:48급,16:34급,16:39,,
개화중앙보훈병원,중앙보훈병원김포공항,김포공항중앙보훈병원,중앙보훈병원개화,,
14:52급,14:54,16:38,16:43급,,
김포공항중앙보훈병원,중앙보훈병원개화,개화중앙보훈병원,중앙보훈병원김포공항,,
14:56,14:59급,16:45급,16:50,,
개화중앙보훈병원,중앙보훈병원김포공항,김포공항중앙보훈병원,중앙보훈병원개화,,
15:04급,15:05,16:49,16:54급,,
김포공항중앙보훈병원,중앙보훈병원개화,개화중앙보훈병원,중앙보훈병원김포공항,,
15:08,15:10급,16:56급,-,,
개화중앙보훈병원,중앙보훈병원김포공항,김포공항중앙보훈병원,-,,
15:15급,15:16,17:00,17:01,,
김포공항중앙보훈병원,중앙보훈병원개화,개화중앙보훈병원,중앙보훈병원개화,,
15:19,15:21급,17:07급,17:05급,,
개화중앙보훈병원,중앙보훈병원김포공항,김포공항중앙보훈병원,중앙보훈병원김포공항,,
15:26급,15:27,17:11,17:12,,
김포공항중앙보훈병원,중앙보훈병원개화,개화중앙보훈병원,중앙보훈병원개화,,
15:30,15:32급,17:18급,17:16급,,
개화중앙보훈병원,중앙보훈병원김포공항,김포공항중앙보훈병원,중앙보훈병원김포공항,,
15:37급,15:38,17:22,17:23,,
김포공항중앙보훈병원,중앙보훈병원개화,개화중앙보훈병원,중앙보훈병원개화,,
15:41,15:44급,17:29급,17:27급,,
개화중앙보훈병원,중앙보훈병원김포공항,김포공항중앙보훈병원,중앙보훈병원김포공항,,
15:48급,15:50,17:33,17:34,,
김포공항중앙보훈병원,중앙보훈병원개화,개화중앙보훈병원,중앙보훈병원개화,,
15:52,15:56급,17:40급,17:38급,,
개화중앙보훈병원,중앙보훈병원김포공항,김포공항중앙보훈병원,중앙보훈병원김포공항,,
15:59급,-,17:44,17:45,,
김포공항중앙보훈병원,-,개화중앙보훈병원,중앙보훈병원개화,,
16:03,16:02,17:51급,17:49급,,
개화중앙보훈병원,중앙보훈병원개화,김포공항중앙보훈병원,중앙보훈병원김포공항,,
16:10급,16:07급,17:55,17:56,,
김포공항중앙보훈병원,중앙보훈병원김포공항,개화중앙보훈병원,중앙보훈병원개화,,
16:14,16:13,18:02급,18:00급,,
개화중앙보훈병원,중앙보훈병원개화,김포공항중앙보훈병원,중앙보훈병원김포공항,,
16:21급,16:18급,18:06,18:07,,
김포공항중앙보훈병원,중앙보훈병원김포공항,개화중앙보훈병원,중앙보훈병원개화,,
16:25,16:24,18:13급,18:11급,,
개화중앙보훈병원,중앙보훈병원개화,김포공항중앙보훈병원,중앙보훈병원김포공항,,
16:32급,16:29급,18:17,18:18,,
김포공항중앙보훈병원,중앙보훈병원김포공항,개화중앙보훈병원,중앙보훈병원개화,,
16:36,16:35,18:24급,18:22급,,
개화중앙보훈병원,중앙보훈병원개화,김포공항중앙보훈병원,중앙보훈병원김포공항,,
16:43급,16:40급,18:28,18:29,,
김포공항중앙보훈병원,중앙보훈병원김포공항,개화중앙보훈병원,중앙보훈병원개화,,
16:44,16:46,18:35급,18:33급,,
개화중앙보훈병원,중앙보훈병원개화,김포공항중앙보훈병원,중앙보훈병원김포공항,,
16:47,16:51급,18:39,18:40,,
개화중앙보훈병원,중앙보훈병원김포공항,개화중앙보훈병원,중앙보훈병원개화,,
16:54급,16:57,18:46급,18:44급,,
김포공항중앙보훈병원,중앙보훈병원개화,김포공항중앙보훈병원,중앙보훈병원김포공항,,
16:58,-,18:50,18:51,,
개화중앙보훈병원,-,개화중앙보훈병원,중앙보훈병원개화,,
17:05급,17:02급,18:57급,18:55급,,
김포공항중앙보훈병원,중앙보훈병원김포공항,김포공항중앙보훈병원,중앙보훈병원김포공항,,
17:09,17:08,19:01,19:02,,
개화중앙보훈병원,중앙보훈병원개화,개화중앙보훈병원,중앙보훈병원개화,,
17:15급,17:13급,19:08급,19:06급,,
김포공항중앙보훈병원,중앙보훈병원김포공항,김포공항중앙보훈병원,중앙보훈병원김포공항,,
17:17,17:19,19:12,19:13,,
개화중앙보훈병원,중앙보훈병원개화,개화중앙보훈병원,중앙보훈병원개화,,
17:23급,17:24급,19:19급,19:17급,,
김포공항중앙보훈병원,중앙보훈병원김포공항,김포공항중앙보훈병원,중앙보훈병원김포공항,,
17:25,17:30,19:23,19:24,,
개화중앙보훈병원,중앙보훈병원개화,개화중앙보훈병원,중앙보훈병원개화,,
17:31급,17:35급,19:30급,19:28급,,
김포공항중앙보훈병원,중앙보훈병원김포공항,김포공항중앙보훈병원,중앙보훈병원김포공항,,
17:33,17:41,19:34,19:35,,
개화중앙보훈병원,중앙보훈병원개화,개화중앙보훈병원,중앙보훈병원개화,,
17:39급,17:46급,19:41급,19:39급,,
김포공항중앙보훈병원,중앙보훈병원김포공항,김포공항중앙보훈병원,중앙보훈병원김포공항,,
17:41,17:52,19:45,19:46,,
개화중앙보훈병원,중앙보훈병원개화,개화중앙보훈병원,중앙보훈병원개화,,
17:46급,17:57급,19:52급,19:50급,,
김포공항중앙보훈병원,중앙보훈병원김포공항,김포공항중앙보훈병원,중앙보훈병원김포공항,,
17:48,-,19:56,19:57,,
개화중앙보훈병원,-,개화중앙보훈병원,중앙보훈병원개화,,
17:53급,-,20:03급,20:01급,,
김포공항중앙보훈병원,-,김포공항중앙보훈병원,중앙보훈병원김포공항,,
17:55,-,20:07,20:08,,
개화중앙보훈병원,-,개화중앙보훈병원,중앙보훈병원개화,,
18:00급,18:00,20:14급,20:12급,,
김포공항중앙보훈병원,중앙보훈병원개화,김포공항중앙보훈병원,중앙보훈병원김포공항,,
18:02,18:06,20:18,20:19,,
개화중앙보훈병원,중앙보훈병원개화,개화중앙보훈병원,중앙보훈병원개화,,
18:07급,18:08급,20:25급,20:23급,,
김포공항중앙보훈병원,중앙보훈병원김포공항,김포공항중앙보훈병원,중앙보훈병원김포공항,,
18:09,18:14,20:29,20:30,,
개화중앙보훈병원,중앙보훈병원개화,개화중앙보훈병원,중앙보훈병원개화,,
18:14급,18:16급,20:36급,20:34급,,
김포공항중앙보훈병원,중앙보훈병원김포공항,김포공항중앙보훈병원,중앙보훈병원김포공항,,
18:16,18:22,20:40,20:41,,
개화중앙보훈병원,중앙보훈병원개화,개화중앙보훈병원,중앙보훈병원개화,,
18:22급,18:24급,20:48급,20:45급,,
김포공항중앙보훈병원,중앙보훈병원김포공항,김포공항중앙보훈병원,중앙보훈병원김포공항,,
18:24,18:30,20:52,20:52,,
개화중앙보훈병원,중앙보훈병원개화,개화중앙보훈병원,중앙보훈병원개화,,
18:29급,18:32급,-,20:56급,,
김포공항중앙보훈병원,중앙보훈병원김포공항,-,중앙보훈병원김포공항,,
18:31,18:38,21:00급,21:03,,
개화중앙보훈병원,중앙보훈병원개화,김포공항중앙보훈병원,중앙보훈병원개화,,
18:36급,18:40급,21:04,21:07급,,
김포공항중앙보훈병원,중앙보훈병원김포공항,개화중앙보훈병원,중앙보훈병원김포공항,,
18:38,18:46,21:12급,21:14,,
개화중앙보훈병원,중앙보훈병원개화,김포공항중앙보훈병원,중앙보훈병원개화,,
18:43급,18:47급,21:16,21:18급,,
김포공항중앙보훈병원,중앙보훈병원김포공항,개화중앙보훈병원,중앙보훈병원김포공항,,
18:45,18:53,21:24급,21:25,,
개화중앙보훈병원,중앙보훈병원개화,김포공항중앙보훈병원,중앙보훈병원개화,,
18:50급,18:54급,21:28,21:29급,,
김포공항중앙보훈병원,중앙보훈병원김포공항,개화중앙보훈병원,중앙보훈병원김포공항,,
18:52,-,21:36급,21:36,,
개화중앙보훈병원,-,김포공항중앙보훈병원,중앙보훈병원개화,,
18:57급,-,21:40,21:41급,,
김포공항중앙보훈병원,-,개화중앙보훈병원,중앙보훈병원김포공항,,
18:59,-,21:48급,21:48,,
개화중앙보훈병원,-,김포공항중앙보훈병원,중앙보훈병원개화,,
19:05급,19:00,21:52,21:53급,,
김포공항중앙보훈병원,중앙보훈병원개화,개화중앙보훈병원,중앙보훈병원김포공항,,
19:07,19:01급,22:00급,22:00,,
개화중앙보훈병원,중앙보훈병원김포공항,김포공항중앙보훈병원,중앙보훈병원개화,,
19:12급,19:07,22:04,22:05급,,
김포공항중앙보훈병원,중앙보훈병원개화,개화중앙보훈병원,중앙보훈병원김포공항,,
19:14,19:08급,22:12급,22:12,,
개화중앙보훈병원,중앙보훈병원김포공항,김포공항중앙보훈병원,중앙보훈병원개화,,
19:19급,19:14,22:16,22:17급,,
김포공항중앙보훈병원,중앙보훈병원개화,개화중앙보훈병원,중앙보훈병원김포공항,,
19:21,19:16급,22:24급,22:24,,
개화중앙보훈병원,중앙보훈병원김포공항,김포공항중앙보훈병원,중앙보훈병원개화,,
19:26급,19:21,22:29,22:29급,,
김포공항중앙보훈병원,중앙보훈병원개화,개화중앙보훈병원,중앙보훈병원김포공항,,
19:28,19:23급,22:37급,22:36,,
개화중앙보훈병원,중앙보훈병원김포공항,김포공항중앙보훈병원,중앙보훈병원개화,,
19:33급,19:29,22:42,22:41급,,
김포공항중앙보훈병원,중앙보훈병원개화,개화중앙보훈병원,중앙보훈병원김포공항,,
19:35,19:30급,22:50급,22:48,,
개화중앙보훈병원,중앙보훈병원김포공항,김포공항중앙보훈병원,중앙보훈병원개화,,
19:40급,19:36,22:55,22:53급,,
김포공항중앙보훈병원,중앙보훈병원개화,개화중앙보훈병원,중앙보훈병원김포공항,,
19:42,19:37급,23:03급막,23:01,,
개화중앙보훈병원,중앙보훈병원김포공항,김포공항중앙보훈병원,중앙보훈병원개화,,
19:49급,19:43,23:07,23:06급,,
김포공항중앙보훈병원,중앙보훈병원개화,개화중앙보훈병원,중앙보훈병원김포공항,,
19:50,19:44급,23:17,23:14막,,
개화중앙보훈병원,중앙보훈병원김포공항,개화중앙보훈병원,중앙보훈병원개화,,
19:58급,19:50,23:28,23:19급,,
김포공항중앙보훈병원,중앙보훈병원개화,개화중앙보훈병원,중앙보훈병원김포공항,,
-,19:51급,23:41막,23:27막,,
-,중앙보훈병원김포공항,개화중앙보훈병원,중앙보훈병원염창,,
-,19:57,-,23:32급막,,
-,중앙보훈병원개화,-,중앙보훈병원김포공항,,
-,19:59급,-,23:40막,,
-,중앙보훈병원김포공항,-,중앙보훈병원여의도,,
20:00,20:04,-,23:50막,,
개화중앙보훈병원,중앙보훈병원개화,-,중앙보훈병원동작,,
20:06,20:06급,-,-,,
개화중앙보훈병원,중앙보훈병원김포공항,-,-,,
20:10급,20:12,-,-,,
김포공항중앙보훈병원,중앙보훈병원개화,-,-,,
20:14,20:13급,-,-,,
개화중앙보훈병원,중앙보훈병원김포공항,-,-,,
20:21급,20:19,-,-,,
김포공항중앙보훈병원,중앙보훈병원개화,-,-,,
20:25,20:20급,-,-,,
개화중앙보훈병원,중앙보훈병원김포공항,-,-,,
20:32급,20:26,-,-,,
김포공항중앙보훈병원,중앙보훈병원개화,-,-,,
20:36,20:27급,-,-,,
개화중앙보훈병원,중앙보훈병원김포공항,-,-,,
20:43급,20:33,-,-,,
김포공항중앙보훈병원,중앙보훈병원개화,-,-,,
20:47,20:34급,-,-,,
개화중앙보훈병원,중앙보훈병원김포공항,-,-,,
20:54급,20:40,-,-,,
김포공항중앙보훈병원,중앙보훈병원개화,-,-,,
20:58,20:42급,-,-,,
개화중앙보훈병원,중앙보훈병원김포공항,-,-,,
-,20:50,-,-,,
-,중앙보훈병원개화,-,-,,
-,20:52급,-,-,,
-,중앙보훈병원김포공항,-,-,,
-,20:58,-,-,,
-,중앙보훈병원개화,-,-,,
21:05급,21:03급,-,-,,
김포공항중앙보훈병원,중앙보훈병원김포공항,-,-,,
21:09,21:06,-,-,,
개화중앙보훈병원,중앙보훈병원개화,-,-,,
21:16급,21:09,-,-,,
김포공항중앙보훈병원,중앙보훈병원개화,-,-,,
21:20,21:14급,-,-,,
개화중앙보훈병원,중앙보훈병원김포공항,-,-,,
21:27급,21:20,-,-,,
김포공항중앙보훈병원,중앙보훈병원개화,-,-,,
21:31,21:25급,-,-,,
개화중앙보훈병원,중앙보훈병원김포공항,-,-,,
21:38급,21:31,-,-,,
김포공항중앙보훈병원,중앙보훈병원개화,-,-,,
21:42,21:36급,-,-,,
개화중앙보훈병원,중앙보훈병원김포공항,-,-,,
21:49급,21:42,-,-,,
김포공항중앙보훈병원,중앙보훈병원개화,-,-,,
21:53,21:47급,-,-,,
개화중앙보훈병원,중앙보훈병원김포공항,-,-,,
-,21:53,-,-,,
-,중앙보훈병원개화,-,-,,
-,21:58급,-,-,,
-,중앙보훈병원김포공항,-,-,,
22:00급,22:04,-,-,,
김포공항중앙보훈병원,중앙보훈병원개화,-,-,,
22:04,22:09급,-,-,,
개화중앙보훈병원,중앙보훈병원김포공항,-,-,,
22:11급,22:15,-,-,,
김포공항중앙보훈병원,중앙보훈병원개화,-,-,,
22:15,22:20급,-,-,,
개화중앙보훈병원,중앙보훈병원김포공항,-,-,,
22:22급,22:27,-,-,,
김포공항중앙보훈병원,중앙보훈병원개화,-,-,,
22:26,22:31급,-,-,,
개화중앙보훈병원,중앙보훈병원김포공항,-,-,,
22:33급,22:36,-,-,,
김포공항중앙보훈병원,중앙보훈병원개화,-,-,,
22:37,22:41급,-,-,,
개화중앙보훈병원,중앙보훈병원김포공항,-,-,,
22:44급,22:47,-,-,,
김포공항중앙보훈병원,중앙보훈병원개화,-,-,,
22:48,22:52급,-,-,,
개화중앙보훈병원,중앙보훈병원김포공항,-,-,,
22:55급,22:58,-,-,,
김포공항중앙보훈병원,중앙보훈병원개화,-,-,,
22:59,-,-,-,,
개화중앙보훈병원,-,-,-,,
23:06급,23:03급,-,-,,
김포공항중앙보훈병원,중앙보훈병원김포공항,-,-,,
23:10,23:09,-,-,,
개화중앙보훈병원,중앙보훈병원개화,-,-,,
23:17급,23:14급,-,-,,
김포공항중앙보훈병원,중앙보훈병원김포공항,-,-,,
23:21,23:20,-,-,,
개화중앙보훈병원,중앙보훈병원개화,-,-,,
23:28급,23:25급,-,-,,
김포공항중앙보훈병원,중앙보훈병원김포공항,-,-,,
23:32,23:31,-,-,,
개화중앙보훈병원,중앙보훈병원개화,-,-,,
23:39급,23:36급,-,-,,
김포공항중앙보훈병원,중앙보훈병원김포공항,-,-,,
23:43,23:42,-,-,,
개화중앙보훈병원,중앙보훈병원개화,-,-,,
23:50급,23:47급,-,-,,
김포공항중앙보훈병원,중앙보훈병원김포공항,-,-,,
23:54,23:53,-,-,,
개화중앙보훈병원,중앙보훈병원개화,-,-,,
-,23:58급,-,-,,
-,중앙보훈병원김포공항,-,-,,
00:01급막,00:04막,-,-,,
김포공항중앙보훈병원,중앙보훈병원개화,-,-,,
0:05,00:09급,-,-,,
개화중앙보훈병원,중앙보훈병원김포공항,-,-,,
0:14,00:15막,-,-,,
개화중앙보훈병원,중앙보훈병원마곡나루,-,-,,
0:20,00:20급,-,-,,
개화중앙보훈병원,중앙보훈병원김포공항,-,-,,
00:34막,00:26막,-,-,,
개화중앙보훈병원,중앙보훈병원염창,-,-,,
00:46막,00:31급막,-,-,,
개화삼전,중앙보훈병원김포공항,-,-,,
-,00:37막,-,-,,
-,중앙보훈병원여의도,-,-,,
-,00:47막,-,-,,
-,중앙보훈병원동작,-,-,,
