﻿선정릉방면,신논현방면,선정릉방면,신논현방면,,
평일,평일,주말,주말,,
05:31첫,05:40첫,05:31첫,05:41첫,,
신논현중앙보훈병원,삼전개화,신논현중앙보훈병원,삼전개화,,
5:43,5:56,5:42,5:58,,
동작중앙보훈병원,중앙보훈병원개화,동작중앙보훈병원,중앙보훈병원개화,,
5:57,-,5:54,-,,
여의도중앙보훈병원,-,여의도중앙보훈병원,-,,
6:10,6:09,6:07,6:09,,
염창중앙보훈병원,중앙보훈병원개화,염창중앙보훈병원,중앙보훈병원개화,,
6:21,6:22,6:19,6:22,,
마곡나루중앙보훈병원,중앙보훈병원개화,마곡나루중앙보훈병원,중앙보훈병원개화,,
6:31,6:35,6:29,6:35,,
개화중앙보훈병원,중앙보훈병원개화,개화중앙보훈병원,중앙보훈병원개화,,
6:44,6:48,6:41,6:47,,
개화중앙보훈병원,중앙보훈병원개화,개화중앙보훈병원,중앙보훈병원개화,,
6:56,-,6:53,6:59,,
개화중앙보훈병원,-,개화중앙보훈병원,중앙보훈병원개화,,
7:08,7:01,7:05,7:11,,
개화중앙보훈병원,중앙보훈병원개화,개화중앙보훈병원,중앙보훈병원개화,,
7:17,7:14,7:17,7:23,,
개화중앙보훈병원,중앙보훈병원개화,개화중앙보훈병원,중앙보훈병원개화,,
7:26,7:22,7:29,7:35,,
개화중앙보훈병원,중앙보훈병원개화,개화중앙보훈병원,중앙보훈병원개화,,
7:33,7:34,7:41,7:47,,
개화중앙보훈병원,중앙보훈병원개화,개화중앙보훈병원,중앙보훈병원개화,,
7:40,7:46,7:53,7:59,,
개화중앙보훈병원,중앙보훈병원개화,개화중앙보훈병원,중앙보훈병원개화,,
7:47,7:54,8:05,8:11,,
개화중앙보훈병원,중앙보훈병원개화,개화중앙보훈병원,중앙보훈병원개화,,
7:54,-,8:17,8:23,,
개화중앙보훈병원,-,개화중앙보훈병원,중앙보훈병원개화,,
8:01,8:01,8:29,8:35,,
개화중앙보훈병원,중앙보훈병원개화,개화중앙보훈병원,중앙보훈병원개화,,
8:07,8:09,8:41,8:47,,
개화중앙보훈병원,중앙보훈병원개화,개화중앙보훈병원,중앙보훈병원개화,,
8:14,8:18,8:53,8:59,,
개화중앙보훈병원,중앙보훈병원개화,개화중앙보훈병원,중앙보훈병원개화,,
8:21,8:26,9:05,9:11,,
개화중앙보훈병원,중앙보훈병원개화,개화중앙보훈병원,중앙보훈병원개화,,
8:28,8:34,9:17,9:23,,
개화중앙보훈병원,중앙보훈병원개화,개화중앙보훈병원,중앙보훈병원개화,,
8:35,8:41,9:29,9:35,,
개화중앙보훈병원,중앙보훈병원개화,개화중앙보훈병원,중앙보훈병원개화,,
8:42,8:48,9:41,9:47,,
개화중앙보훈병원,중앙보훈병원개화,개화중앙보훈병원,중앙보훈병원개화,,
8:48,8:55,9:53,9:59,,
개화중앙보훈병원,중앙보훈병원개화,개화중앙보훈병원,중앙보훈병원개화,,
8:55,-,10:04,10:11,,
개화중앙보훈병원,-,개화중앙보훈병원,중앙보훈병원개화,,
9:02,9:01,10:15,10:22,,
개화중앙보훈병원,중앙보훈병원개화,개화중앙보훈병원,중앙보훈병원개화,,
9:09,9:08,10:26,10:33,,
개화중앙보훈병원,중앙보훈병원개화,개화중앙보훈병원,중앙보훈병원개화,,
9:16,9:15,10:37,10:44,,
개화중앙보훈병원,중앙보훈병원개화,개화중앙보훈병원,중앙보훈병원개화,,
9:23,9:22,10:48,10:55,,
개화중앙보훈병원,중앙보훈병원개화,개화중앙보훈병원,중앙보훈병원개화,,
9:28,9:29,10:59,-,,
개화중앙보훈병원,중앙보훈병원개화,개화중앙보훈병원,-,,
9:36,9:36,11:10,11:06,,
개화중앙보훈병원,중앙보훈병원개화,개화중앙보훈병원,중앙보훈병원개화,,
9:47,9:42,11:21,11:17,,
개화중앙보훈병원,중앙보훈병원개화,개화중앙보훈병원,중앙보훈병원개화,,
9:58,9:49,11:32,11:28,,
개화중앙보훈병원,중앙보훈병원개화,개화중앙보훈병원,중앙보훈병원개화,,
-,9:56,11:43,11:39,,
-,중앙보훈병원개화,개화중앙보훈병원,중앙보훈병원개화,,
10:09,10:03,11:54,11:50,,
개화중앙보훈병원,중앙보훈병원개화,개화중앙보훈병원,중앙보훈병원개화,,
10:20,10:10,12:05,12:01,,
개화중앙보훈병원,중앙보훈병원개화,개화중앙보훈병원,중앙보훈병원개화,,
10:31,10:18,12:16,12:12,,
개화중앙보훈병원,중앙보훈병원개화,개화중앙보훈병원,중앙보훈병원개화,,
10:42,10:26,12:27,12:23,,
개화중앙보훈병원,중앙보훈병원개화,개화중앙보훈병원,중앙보훈병원개화,,
10:53,10:34,12:38,12:34,,
개화중앙보훈병원,중앙보훈병원개화,개화중앙보훈병원,중앙보훈병원개화,,
-,10:38,12:49,12:45,,
-,중앙보훈병원개화,개화중앙보훈병원,중앙보훈병원개화,,
-,10:47,-,12:56,,
-,중앙보훈병원개화,-,중앙보훈병원개화,,
-,10:59,13:00,13:07,,
-,중앙보훈병원개화,개화중앙보훈병원,중앙보훈병원개화,,
11:04,11:10,13:11,13:18,,
개화중앙보훈병원,중앙보훈병원개화,개화중앙보훈병원,중앙보훈병원개화,,
11:15,11:21,13:22,13:29,,
개화중앙보훈병원,중앙보훈병원개화,개화중앙보훈병원,중앙보훈병원개화,,
11:26,11:32,13:33,13:40,,
개화중앙보훈병원,중앙보훈병원개화,개화중앙보훈병원,중앙보훈병원개화,,
11:37,11:43,13:44,13:51,,
개화중앙보훈병원,중앙보훈병원개화,개화중앙보훈병원,중앙보훈병원개화,,
11:48,11:54,13:55,-,,
개화중앙보훈병원,중앙보훈병원개화,개화중앙보훈병원,-,,
11:59,-,14:06,14:02,,
개화중앙보훈병원,-,개화중앙보훈병원,중앙보훈병원개화,,
12:11,12:05,14:17,14:13,,
개화중앙보훈병원,중앙보훈병원개화,개화중앙보훈병원,중앙보훈병원개화,,
12:23,12:16,14:28,14:24,,
개화중앙보훈병원,중앙보훈병원개화,개화중앙보훈병원,중앙보훈병원개화,,
12:34,12:27,14:39,14:35,,
개화중앙보훈병원,중앙보훈병원개화,개화중앙보훈병원,중앙보훈병원개화,,
12:45,12:38,14:50,14:46,,
개화중앙보훈병원,중앙보훈병원개화,개화중앙보훈병원,중앙보훈병원개화,,
12:56,12:49,-,14:57,,
개화중앙보훈병원,중앙보훈병원개화,-,중앙보훈병원개화,,
13:07,13:01,15:01,15:08,,
개화중앙보훈병원,중앙보훈병원개화,개화중앙보훈병원,중앙보훈병원개화,,
13:18,13:13,15:12,15:19,,
개화중앙보훈병원,중앙보훈병원개화,개화중앙보훈병원,중앙보훈병원개화,,
13:29,13:24,15:23,15:30,,
개화중앙보훈병원,중앙보훈병원개화,개화중앙보훈병원,중앙보훈병원개화,,
13:40,13:35,15:34,15:41,,
개화중앙보훈병원,중앙보훈병원개화,개화중앙보훈병원,중앙보훈병원개화,,
13:51,13:46,15:45,15:52,,
개화중앙보훈병원,중앙보훈병원개화,개화중앙보훈병원,중앙보훈병원개화,,
-,13:57,15:56,-,,
-,중앙보훈병원개화,개화중앙보훈병원,-,,
14:02,14:08,16:07,16:03,,
개화중앙보훈병원,중앙보훈병원개화,개화중앙보훈병원,중앙보훈병원개화,,
14:13,14:19,16:18,16:14,,
개화중앙보훈병원,중앙보훈병원개화,개화중앙보훈병원,중앙보훈병원개화,,
14:24,14:30,16:29,16:25,,
개화중앙보훈병원,중앙보훈병원개화,개화중앙보훈병원,중앙보훈병원개화,,
14:35,14:41,16:40,16:36,,
개화중앙보훈병원,중앙보훈병원개화,개화중앙보훈병원,중앙보훈병원개화,,
14:47,14:52,16:51,16:47,,
개화중앙보훈병원,중앙보훈병원개화,개화중앙보훈병원,중앙보훈병원개화,,
14:58,-,-,16:58,,
개화중앙보훈병원,-,-,중앙보훈병원개화,,
15:10,15:03,17:02,17:09,,
개화중앙보훈병원,중앙보훈병원개화,개화중앙보훈병원,중앙보훈병원개화,,
15:21,15:14,17:13,17:20,,
개화중앙보훈병원,중앙보훈병원개화,개화중앙보훈병원,중앙보훈병원개화,,
15:32,15:25,17:24,17:31,,
개화중앙보훈병원,중앙보훈병원개화,개화중앙보훈병원,중앙보훈병원개화,,
15:43,15:36,17:35,17:42,,
개화중앙보훈병원,중앙보훈병원개화,개화중앙보훈병원,중앙보훈병원개화,,
15:54,15:48,17:46,17:53,,
개화중앙보훈병원,중앙보훈병원개화,개화중앙보훈병원,중앙보훈병원개화,,
16:05,16:00,17:57,-,,
개화중앙보훈병원,중앙보훈병원개화,개화중앙보훈병원,-,,
16:16,16:11,18:08,18:04,,
개화중앙보훈병원,중앙보훈병원개화,개화중앙보훈병원,중앙보훈병원개화,,
16:27,16:22,18:19,18:15,,
개화중앙보훈병원,중앙보훈병원개화,개화중앙보훈병원,중앙보훈병원개화,,
16:38,16:33,18:30,18:26,,
개화중앙보훈병원,중앙보훈병원개화,개화중앙보훈병원,중앙보훈병원개화,,
16:46,16:44,18:41,18:37,,
개화중앙보훈병원,중앙보훈병원개화,개화중앙보훈병원,중앙보훈병원개화,,
16:49,16:55,18:52,18:48,,
개화중앙보훈병원,중앙보훈병원개화,개화중앙보훈병원,중앙보훈병원개화,,
17:00,17:06,-,18:59,,
개화중앙보훈병원,중앙보훈병원개화,-,중앙보훈병원개화,,
17:11,17:17,19:03,19:10,,
개화중앙보훈병원,중앙보훈병원개화,개화중앙보훈병원,중앙보훈병원개화,,
17:19,17:28,19:14,19:21,,
개화중앙보훈병원,중앙보훈병원개화,개화중앙보훈병원,중앙보훈병원개화,,
17:27,17:39,19:25,19:32,,
개화중앙보훈병원,중앙보훈병원개화,개화중앙보훈병원,중앙보훈병원개화,,
17:35,17:50,19:36,19:43,,
개화중앙보훈병원,중앙보훈병원개화,개화중앙보훈병원,중앙보훈병원개화,,
17:42,17:57,19:47,19:54,,
개화중앙보훈병원,중앙보훈병원개화,개화중앙보훈병원,중앙보훈병원개화,,
17:50,-,19:58,-,,
개화중앙보훈병원,-,개화중앙보훈병원,-,,
17:57,-,20:09,20:05,,
개화중앙보훈병원,-,개화중앙보훈병원,중앙보훈병원개화,,
18:04,18:03,20:20,20:16,,
개화중앙보훈병원,중앙보훈병원개화,개화중앙보훈병원,중앙보훈병원개화,,
18:11,18:12,20:31,20:27,,
개화중앙보훈병원,중앙보훈병원개화,개화중앙보훈병원,중앙보훈병원개화,,
18:18,18:20,20:42,20:38,,
개화중앙보훈병원,중앙보훈병원개화,개화중앙보훈병원,중앙보훈병원개화,,
18:25,18:28,20:54,20:49,,
개화중앙보훈병원,중앙보훈병원개화,개화중앙보훈병원,중앙보훈병원개화,,
18:33,18:36,21:06,21:00,,
개화중앙보훈병원,중앙보훈병원개화,개화중앙보훈병원,중앙보훈병원개화,,
18:40,18:43,21:18,21:11,,
개화중앙보훈병원,중앙보훈병원개화,개화중앙보훈병원,중앙보훈병원개화,,
18:47,18:50,21:30,21:22,,
개화중앙보훈병원,중앙보훈병원개화,개화중앙보훈병원,중앙보훈병원개화,,
18:54,18:58,21:42,21:33,,
개화중앙보훈병원,중앙보훈병원개화,개화중앙보훈병원,중앙보훈병원개화,,
19:01,19:05,21:54,21:45,,
개화중앙보훈병원,중앙보훈병원개화,개화중앙보훈병원,중앙보훈병원개화,,
19:08,19:12,-,21:57,,
개화중앙보훈병원,중앙보훈병원개화,-,중앙보훈병원개화,,
19:16,19:19,22:06,22:09,,
개화중앙보훈병원,중앙보훈병원개화,개화중앙보훈병원,중앙보훈병원개화,,
19:23,19:26,22:18,22:21,,
개화중앙보훈병원,중앙보훈병원개화,개화중앙보훈병원,중앙보훈병원개화,,
19:30,19:33,22:31,22:33,,
개화중앙보훈병원,중앙보훈병원개화,개화중앙보훈병원,중앙보훈병원개화,,
19:37,19:41,22:44,22:45,,
개화중앙보훈병원,중앙보훈병원개화,개화중앙보훈병원,중앙보훈병원개화,,
19:44,19:48,22:57,22:58,,
개화중앙보훈병원,중앙보훈병원개화,개화중앙보훈병원,중앙보훈병원개화,,
19:52,19:55,23:09,23:11막,,
개화중앙보훈병원,중앙보훈병원개화,개화중앙보훈병원,중앙보훈병원개화,,
20:01,20:02,23:19,23:24막,,
개화중앙보훈병원,중앙보훈병원개화,개화중앙보훈병원,중앙보훈병원염창,,
20:08,20:09,23:30,23:37막,,
개화중앙보훈병원,중앙보훈병원개화,개화중앙보훈병원,중앙보훈병원여의도,,
20:16,20:16,23:43막,23:48막,,
개화중앙보훈병원,중앙보훈병원개화,개화중앙보훈병원,중앙보훈병원동작,,
20:27,20:24,-,00:02막,,
개화중앙보훈병원,중앙보훈병원개화,-,중앙보훈병원신논현,,
20:38,20:31,-,-,,
개화중앙보훈병원,중앙보훈병원개화,-,-,,
20:49,20:38,-,-,,
개화중앙보훈병원,중앙보훈병원개화,-,-,,
-,20:47,-,-,,
-,중앙보훈병원개화,-,-,,
-,20:56,-,-,,
-,중앙보훈병원개화,-,-,,
21:00,21:03,-,-,,
개화중앙보훈병원,중앙보훈병원개화,-,-,,
21:11,21:07,-,-,,
개화중앙보훈병원,중앙보훈병원개화,-,-,,
21:22,21:18,-,-,,
개화중앙보훈병원,중앙보훈병원개화,-,-,,
21:33,21:29,-,-,,
개화중앙보훈병원,중앙보훈병원개화,-,-,,
21:44,21:40,-,-,,
개화중앙보훈병원,중앙보훈병원개화,-,-,,
21:55,21:51,-,-,,
개화중앙보훈병원,중앙보훈병원개화,-,-,,
22:06,22:02,-,-,,
개화중앙보훈병원,중앙보훈병원개화,-,-,,
22:17,22:13,-,-,,
개화중앙보훈병원,중앙보훈병원개화,-,-,,
22:28,22:24,-,-,,
개화중앙보훈병원,중앙보훈병원개화,-,-,,
22:39,22:34,-,-,,
개화중앙보훈병원,중앙보훈병원개화,-,-,,
22:50,22:45,-,-,,
개화중앙보훈병원,중앙보훈병원개화,-,-,,
-,22:56,-,-,,
-,중앙보훈병원개화,-,-,,
23:01,23:07,-,-,,
개화중앙보훈병원,중앙보훈병원개화,-,-,,
23:12,23:18,-,-,,
개화중앙보훈병원,중앙보훈병원개화,-,-,,
23:23,23:29,-,-,,
개화중앙보훈병원,중앙보훈병원개화,-,-,,
23:34,23:40,-,-,,
개화중앙보훈병원,중앙보훈병원개화,-,-,,
23:45,23:51,-,-,,
개화중앙보훈병원,중앙보훈병원개화,-,-,,
23:56,-,-,-,,
개화중앙보훈병원,-,-,-,,
0:07,00:02막,-,-,,
개화중앙보훈병원,중앙보훈병원개화,-,-,,
0:16,00:13막,-,-,,
개화중앙보훈병원,중앙보훈병원마곡나루,-,-,,
0:22,00:24막,-,-,,
개화중앙보훈병원,중앙보훈병원염창,-,-,,
00:36막,00:35막,-,-,,
개화중앙보훈병원,중앙보훈병원여의도,-,-,,
00:48막,00:45막,-,-,,
개화삼전,중앙보훈병원동작,-,-,,
-,00:58막,-,-,,
-,중앙보훈병원신논현,-,-,,
