혜화방면,동대문역사문화공원방면,혜화방면,동대문역사문화공원방면
평일,평일,주말,주말
05:42첫,05:39첫,05:43첫,05:41첫
서울역진접,한성대입구오이도,서울역당고개,한성대입구오이도
5:58,5:53,05:58첫,5:53
남태령진접,노원오이도,남태령진접,노원사당
-,5:58,-,5:58
-,당고개사당,-,당고개오이도
6:09,6:04,6:10,6:04
산본당고개,당고개오이도,사당진접,당고개사당
6:17,6:07,6:22,6:10
사당당고개,진접사당,산본당고개,당고개오이도
6:26,6:13,6:30,6:16
안산당고개,당고개오이도,사당진접,진접사당
6:33,6:18,6:38,6:22
사당당고개,당고개사당,안산당고개,당고개오이도
6:40,6:24,6:45,6:28
오이도당고개,당고개오이도,안산당고개,진접사당
6:48,6:28,6:51,6:34
오이도당고개,진접사당,사당진접,당고개안산
6:55,6:33,6:57,6:40
사당진접,당고개오이도,오이도당고개,진접사당
6:59,6:37,-,6:46
오이도당고개,창동사당,-,당고개오이도
-,6:41,-,6:52
-,당고개오이도,-,당고개사당
-,6:45,-,6:58
-,진접사당,-,당고개오이도
-,6:49,7:03,7:04
-,당고개오이도,사당진접,진접사당
-,6:52,7:09,7:10
-,창동사당,오이도당고개,당고개오이도
-,6:57,7:15,7:16
-,당고개안산,사당당고개,당고개사당
7:04,7:01,7:21,7:22
사당진접,진접사당,오이도당고개,당고개오이도
7:06,7:05,7:27,7:28
오이도당고개,당고개오이도,사당진접,당고개오이도
7:11,7:08,7:33,7:34
오이도당고개,창동사당,오이도당고개,진접사당
7:16,7:12,7:39,7:40
사당진접,당고개오이도,사당진접,당고개오이도
7:20,7:15,7:45,7:46
오이도당고개,진접사당,오이도당고개,당고개안산
7:25,7:18,7:51,7:52
사당진접,당고개안산,사당당고개,진접사당
7:29,7:22,7:57,7:57
오이도당고개,당고개사당,오이도당고개,당고개오이도
7:33,7:25,8:03,8:04
사당진접,당고개오이도,사당진접,당고개오이도
7:37,7:30,8:09,8:10
오이도당고개,당고개오이도,오이도당고개,진접사당
7:41,7:33,8:15,8:16
사당진접,진접사당,사당당고개,당고개오이도
7:45,7:36,8:21,8:22
오이도당고개,당고개오이도,오이도당고개,당고개사당
7:51,7:40,8:27,8:28
안산당고개,당고개사당,안산당고개,당고개오이도
7:54,7:43,8:33,8:34
사당진접,당고개오이도,오이도당고개,진접사당
7:57,7:46,8:39,8:40
오이도당고개,창동사당,사당진접,당고개오이도
-,7:49,8:45,8:46
-,당고개안산,오이도당고개,진접사당
-,7:53,8:51,8:52
-,진접사당,오이도당고개,당고개오이도
-,7:56,8:57,8:58
-,당고개오이도,사당당고개,당고개사당
8:00,8:00,9:03,9:04
사당당고개,당고개오이도,오이도당고개,당고개오이도
08:03급첫,8:03,9:09,9:10
오이도당고개,진접사당,사당당고개,진접사당
8:07,8:06,9:15,9:16
사당진접,당고개안산,오이도당고개,당고개오이도
8:10,8:09,9:21,9:22
안산당고개,진접사당,사당당고개,진접사당
8:12,8:13,9:27,9:28
사당당고개,당고개오이도,오이도당고개,당고개오이도
8:15,8:15,9:32,9:34
오이도당고개,창동사당,사당진접,당고개사당
8:18,8:18,9:37,9:40
사당진접,당고개오이도,안산당고개,당고개오이도
08:21급,8:21,9:42,9:46
오이도당고개,진접사당,오이도당고개,진접사당
8:26,8:23,9:47,9:52
오이도당고개,창동오이도,사당당고개,당고개안산
8:29,8:26,9:52,9:58
사당진접,당고개안산,오이도당고개,당고개오이도
8:32,8:31,9:58,-
안산당고개,진접사당,사당당고개,-
8:35,8:36,10:03,10:04
사당당고개,당고개오이도,오이도당고개,진접사당
8:38,8:40,10:09,10:10
오이도당고개,진접사당,사당진접,당고개오이도
8:42,8:43,10:15,10:16
사당진접,당고개오이도,오이도당고개,진접사당
8:46,8:47,10:21,10:22
오이도당고개,진접사당,사당진접,당고개오이도
8:48,8:50,10:27,10:28
사당진접,당고개오이도,오이도당고개,진접사당
8:51,8:56,10:33,10:34
오이도당고개,당고개오이도,사당당고개,당고개오이도
8:55,-,10:39,10:40
오이도당고개,-,오이도당고개,당고개사당
9:01,9:00,10:45,10:46
오이도당고개,진접사당,사당진접,당고개오이도
9:04,9:03,10:51,10:52
사당진접,당고개안산,오이도당고개,진접사당
9:07,9:07,10:56,10:58
오이도당고개,당고개오이도,오이도당고개,당고개오이도
9:10,9:12,11:02,11:04
사당당고개,진접사당,사당진접,당고개사당
09:13급,9:15,11:08,11:10
오이도당고개,당고개오이도,오이도당고개,당고개오이도
9:16,9:18,11:14,11:16
사당당고개,진접사당,사당당고개,진접사당
9:19,9:21,11:20,11:22
오이도당고개,당고개안산,오이도당고개,당고개오이도
9:21,9:26,11:26,11:28
사당진접,당고개오이도,사당당고개,진접사당
09:25급막,9:31,11:32,11:34
오이도당고개,진접사당,오이도당고개,당고개오이도
9:28,9:37,11:37,11:40
사당당고개,당고개오이도,사당진접,당고개사당
9:31,9:42,11:41,11:46
오이도당고개,진접사당,오이도당고개,당고개오이도
9:38,9:47,11:48,11:52
오이도당고개,당고개오이도,오이도당고개,진접사당
9:42,9:52,11:52,11:58
사당진접,진접사당,사당진접,당고개오이도
9:46,9:57,11:57,-
안산당고개,당고개오이도,오이도당고개,-
9:53,-,12:02,12:03
오이도당고개,-,사당당고개,당고개오이도
9:57,-,12:07,12:07
사당진접,-,오이도당고개,진접사당
10:02,10:01,12:12,12:11
안산당고개,당고개안산,오이도당고개,당고개안산
10:05,10:06,12:17,12:15
사당당고개,진접사당,사당당고개,당고개사당
10:09,10:10,12:22,12:19
오이도당고개,당고개오이도,오이도당고개,당고개오이도
10:13,10:14,12:27,12:23
사당진접,당고개사당,사당진접,진접사당
10:19,10:17,12:32,12:28
오이도당고개,진접사당,오이도당고개,당고개오이도
10:24,10:20,12:37,12:33
사당당고개,당고개오이도,오이도당고개,당고개사당
10:29,10:25,12:42,12:38
오이도당고개,진접사당,사당진접,당고개오이도
10:34,10:30,12:47,12:43
사당진접,당고개오이도,오이도당고개,진접사당
10:39,10:35,12:52,12:48
오이도당고개,당고개사당,사당당고개,당고개오이도
10:44,10:41,12:56,12:53
사당진접,당고개오이도,안산당고개,당고개안산
10:49,10:48,-,12:58
오이도당고개,진접사당,-,진접사당
10:54,10:52,13:02,13:03
사당당고개,당고개오이도,오이도당고개,당고개오이도
10:59,10:58,13:06,13:07
오이도당고개,진접사당,사당진접,당고개사당
11:05,11:03,13:10,13:11
사당당고개,당고개오이도,안산당고개,당고개오이도
11:09,11:08,13:14,13:15
오이도당고개,당고개사당,사당당고개,진접사당
11:14,11:14,13:18,13:19
사당당고개,당고개오이도,오이도당고개,당고개오이도
11:18,11:19,13:22,13:23
오이도당고개,진접사당,사당진접,당고개사당
11:22,11:25,13:27,13:28
사당진접,당고개오이도,오이도당고개,당고개오이도
11:25,11:30,13:32,13:33
사당당고개,진접사당,사당당고개,진접사당
11:29,11:36,13:37,13:38
오이도당고개,당고개오이도,오이도당고개,당고개오이도
11:35,11:43,13:42,13:43
사당진접,당고개오이도,사당진접,당고개오이도
11:41,11:49,13:47,13:48
오이도당고개,진접사당,오이도당고개,진접사당
11:46,11:55,13:52,13:53
사당진접,당고개오이도,오이도당고개,당고개오이도
11:49,-,13:57,13:58
오이도당고개,-,사당진접,당고개사당
11:52,-,14:02,14:03
오이도당고개,-,오이도당고개,당고개안산
11:57,-,14:06,14:08
사당진접,-,사당당고개,당고개오이도
12:02,12:01,14:10,14:12
오이도당고개,당고개사당,안산당고개,진접사당
12:09,12:07,14:14,14:16
사당진접,당고개오이도,사당진접,당고개안산
12:16,12:13,14:18,14:20
오이도당고개,진접사당,오이도당고개,당고개사당
12:21,12:19,14:22,14:24
사당진접,당고개안산,사당당고개,당고개오이도
12:26,12:22,14:27,14:28
오이도당고개,진접사당,오이도당고개,진접사당
12:30,12:26,14:32,14:33
사당진접,당고개오이도,사당진접,당고개오이도
12:36,12:31,14:37,14:38
오이도당고개,당고개사당,오이도당고개,당고개사당
12:44,12:37,14:42,14:43
안산당고개,당고개오이도,오이도당고개,당고개오이도
12:48,12:43,14:47,14:48
사당진접,진접사당,사당진접,진접사당
12:54,12:48,14:52,14:53
오이도당고개,당고개오이도,오이도당고개,당고개안산
12:59,12:59,14:57,14:58
사당진접,당고개오이도,사당당고개,당고개오이도
13:04,13:04,15:02,15:03
오이도당고개,진접사당,오이도당고개,진접사당
13:12,13:09,15:07,15:08
오이도당고개,당고개오이도,오이도당고개,당고개오이도
13:17,13:14,15:11,15:12
사당진접,진접사당,사당진접,당고개사당
13:22,13:21,15:15,15:16
오이도당고개,당고개오이도,안산당고개,당고개오이도
13:28,13:26,15:19,15:20
사당진접,진접사당,사당당고개,진접사당
13:33,13:32,15:23,15:24
오이도당고개,당고개오이도,오이도당고개,당고개안산
13:40,13:37,15:27,15:28
사당당고개,진접사당,사당진접,당고개사당
13:47,13:42,15:32,15:33
오이도당고개,당고개오이도,오이도당고개,당고개오이도
13:52,13:50,15:37,15:38
사당진접,당고개오이도,사당당고개,진접사당
13:58,13:55,15:42,15:43
오이도당고개,진접사당,오이도당고개,당고개오이도
14:03,14:01,15:47,15:48
사당당고개,당고개오이도,사당진접,당고개안산
14:07,14:06,15:52,15:53
오이도당고개,진접사당,오이도당고개,진접사당
14:12,14:11,15:57,15:58
사당진접,당고개오이도,안산당고개,당고개오이도
14:17,14:15,16:02,16:03
오이도당고개,진접사당,사당진접,당고개사당
14:23,14:19,16:07,16:08
사당진접,당고개오이도,오이도당고개,당고개안산
14:29,14:23,16:11,16:13
오이도당고개,진접사당,사당당고개,당고개오이도
14:36,14:29,16:15,16:17
사당진접,당고개오이도,오이도당고개,진접사당
14:41,14:35,16:19,16:21
오이도당고개,진접사당,사당진접,당고개안산
14:47,14:40,16:23,16:25
오이도당고개,당고개오이도,오이도당고개,당고개사당
14:53,14:47,16:27,16:29
사당진접,당고개사당,사당당고개,당고개오이도
14:59,14:54,16:32,16:33
오이도당고개,당고개오이도,오이도당고개,진접사당
15:06,15:00,16:37,16:38
사당진접,진접사당,사당진접,당고개오이도
15:11,15:05,16:41,16:43
오이도당고개,당고개오이도,오이도당고개,당고개사당
15:16,15:10,16:48,16:48
안산당고개,당고개사당,오이도당고개,당고개오이도
15:21,15:14,16:52,16:53
사당진접,당고개오이도,사당당고개,진접사당
15:26,15:19,16:57,16:58
오이도당고개,진접사당,오이도당고개,당고개오이도
15:31,15:25,17:02,17:03
사당당고개,당고개오이도,사당진접,당고개오이도
15:36,15:31,17:07,17:08
오이도당고개,진접사당,안산당고개,진접사당
15:44,15:36,17:12,17:13
사당진접,당고개오이도,오이도당고개,당고개오이도
15:50,15:43,17:16,17:18
오이도당고개,진접사당,사당당고개,당고개사당
15:55,15:48,17:21,17:23
사당진접,당고개오이도,오이도당고개,당고개오이도
-,15:54,17:24,17:28
-,당고개오이도,사당진접,당고개오이도
16:01,16:01,17:28,17:33
오이도당고개,진접사당,안산당고개,진접사당
16:05,16:07,17:32,17:38
사당당고개,당고개오이도,사당당고개,당고개오이도
16:09,16:13,17:37,17:43
오이도당고개,진접사당,오이도당고개,진접사당
16:12,16:18,17:42,17:48
사당진접,당고개오이도,사당진접,당고개오이도
16:16,16:23,17:47,17:53
안산당고개,당고개오이도,오이도당고개,당고개오이도
16:19,16:28,17:52,17:58
사당당고개,진접사당,사당진접,진접사당
16:23,16:33,17:56,-
오이도당고개,당고개오이도,안산당고개,-
16:29,16:38,18:02,18:04
사당진접,당고개사당,오이도당고개,당고개오이도
16:35,16:43,18:07,18:10
오이도당고개,당고개오이도,사당진접,당고개사당
16:41,16:49,18:12,18:16
사당진접,진접사당,안산당고개,당고개오이도
16:46,16:57,18:17,18:22
오이도당고개,당고개오이도,오이도당고개,진접사당
16:52,-,18:22,18:28
오이도당고개,-,사당진접,당고개오이도
16:58,-,18:28,18:35
사당진접,-,오이도당고개,당고개오이도
17:04,17:02,18:34,18:40
오이도당고개,진접사당,사당당고개,진접사당
17:11,17:06,18:39,18:46
사당진접,당고개오이도,오이도당고개,당고개오이도
17:15,17:11,18:44,18:52
오이도당고개,당고개사당,사당진접,당고개사당
17:22,17:15,18:49,18:57
오이도당고개,당고개오이도,오이도당고개,당고개오이도
17:26,17:19,18:54,-
사당진접,진접사당,안산당고개,-
17:31,17:22,18:59,-
오이도당고개,당고개오이도,사당진접,-
17:36,17:26,19:04,19:02
사당진접,당고개사당,오이도당고개,진접사당
17:42,17:29,19:10,19:07
오이도당고개,당고개오이도,사당당고개,당고개오이도
17:47,17:33,19:16,19:12
사당진접,진접사당,오이도당고개,당고개오이도
17:52,17:36,19:22,19:17
안산당고개,창동오이도,사당진접,진접사당
17:56,17:40,19:28,19:22
오이도당고개,당고개사당,안산당고개,당고개오이도
-,17:43,19:34,19:28
-,당고개오이도,오이도당고개,진접사당
-,17:47,19:40,19:34
-,진접사당,사당진접,당고개오이도
-,17:51,19:46,19:40
-,당고개오이도,오이도당고개,당고개사당
-,17:54,19:52,19:46
-,당고개사당,사당당고개,당고개오이도
-,17:58,19:58,19:51
-,당고개오이도,오이도당고개,진접사당
18:01,18:01,-,19:56
사당진접,창동사당,-,당고개오이도
18:05,18:04,20:04,20:01
오이도당고개,당고개오이도,사당진접,당고개안산
18:09,18:08,20:10,20:06
사당당고개,진접사당,오이도당고개,진접사당
18:13,18:11,20:16,20:11
안산당고개,당고개오이도,사당당고개,당고개오이도
18:16,18:14,20:22,20:16
사당진접,당고개사당,오이도당고개,당고개사당
18:20,18:21,20:28,20:21
오이도당고개,당고개오이도,사당진접,당고개오이도
18:25,18:24,20:34,20:26
사당당고개,진접사당,오이도당고개,당고개오이도
18:28,18:27,20:40,20:31
안산당고개,당고개오이도,사당당고개,진접사당
18:31,18:30,20:46,20:36
사당진접,당고개사당,오이도당고개,당고개오이도
18:35,18:33,20:52,20:41
오이도당고개,당고개오이도,사당진접,당고개오이도
18:39,18:36,20:58,20:46
사당당고개,진접사당,오이도당고개,진접사당
18:42,18:40,-,20:52
오이도당고개,당고개안산,-,당고개오이도
18:46,18:44,-,20:58
사당진접,진접사당,-,진접사당
18:49,18:47급첫,21:04,21:04
안산당고개,당고개오이도,사당진접,당고개오이도
18:52,18:51,21:09,21:10
사당당고개,당고개사당,오이도당고개,당고개사당
18:56,18:54,21:17,21:16
오이도당고개,창동오이도,오이도당고개,당고개오이도
-,18:58,21:22,21:22
-,진접사당,사당진접,진접사당
19:00,19:01,21:28,21:28
사당진접,당고개오이도,오이도당고개,당고개오이도
19:03,19:05,21:34,21:34
오이도당고개,당고개안산,사당당고개,당고개사당
19:07,19:08,21:40,21:40
사당당고개,진접사당,오이도당고개,당고개오이도
19:10,19:12,21:46,21:46
오이도당고개,당고개오이도,사당진접,진접사당
19:14,19:16,21:52,21:52
사당진접,당고개사당,오이도당고개,당고개오이도
19:18,19:19,21:58,21:58
오이도당고개,당고개오이도,사당당고개,당고개사당
19:22,19:23,22:04,22:04
사당당고개,진접사당,오이도당고개,당고개오이도
19:25,19:26,22:10,22:10
오이도당고개,당고개오이도,사당진접,진접사당
19:29,19:30,22:16,22:14
사당진접,당고개사당,오이도당고개,당고개안산
19:32,19:34,22:22,22:21
오이도당고개,당고개오이도,사당당고개,당고개오이도
19:35,19:38,22:28,22:28
사당당고개,진접사당,오이도당고개,진접사당
19:38,19:42,22:34,22:37막
오이도당고개,당고개오이도,사당진접,당고개오이도
19:42,19:46,22:40,22:43
사당진접,당고개사당,오이도당고개,진접사당
19:46,19:50,22:46,22:50
오이도당고개,당고개오이도,사당당고개,당고개안산
19:49,19:54,22:52,-
사당당고개,진접사당,오이도당고개,-
19:53,19:58급,23:00,23:03
오이도당고개,당고개오이도,사당진접,당고개사당
19:57,-,23:08,23:13막
사당진접,-,오이도당고개,당고개안산
20:00,20:01,23:16막,23:24
오이도당고개,당고개사당,사당진접,진접사당
20:05,20:04,23:24,23:35막
사당당고개,진접사당,오이도당고개,당고개산본
20:08,20:08,23:32막,23:52막
오이도당고개,당고개오이도,사당당고개,진접서울역
20:13,20:12,23:40막,-
사당진접,당고개사당,오이도노원,-
20:17,20:16,23:56막,-
오이도당고개,당고개오이도,오이도한성대입구,-
20:21,20:20,-,-
사당당고개,진접사당,-,-
20:24,20:25,-,-
오이도당고개,당고개오이도,-,-
20:29,20:32,-,-
사당진접,당고개오이도,-,-
20:33,20:35,-,-
오이도당고개,진접사당,-,-
20:37,20:38,-,-
사당당고개,당고개안산,-,-
20:40,20:41,-,-
오이도당고개,당고개사당,-,-
20:45,20:45급막,-,-
사당진접,당고개오이도,-,-
20:49,20:49,-,-
오이도당고개,진접사당,-,-
20:53,20:53,-,-
사당당고개,당고개오이도,-,-
20:58,20:58,-,-
오이도당고개,당고개사당,-,-
21:02,21:02,-,-
사당진접,당고개오이도,-,-
21:06,21:07,-,-
안산당고개,진접사당,-,-
21:10,21:12,-,-
사당당고개,당고개오이도,-,-
21:15,21:17,-,-
오이도당고개,당고개안산,-,-
21:18,21:20,-,-
사당진접,진접사당,-,-
21:21,21:24,-,-
오이도당고개,창동오이도,-,-
21:26,21:31,-,-
사당당고개,당고개오이도,-,-
21:31,21:35,-,-
오이도당고개,진접사당,-,-
21:36,21:40,-,-
사당진접,당고개안산,-,-
21:41,21:47,-,-
안산당고개,당고개오이도,-,-
21:44,21:53,-,-
오이도당고개,진접사당,-,-
21:47,-,-,-
사당당고개,-,-,-
21:50,-,-,-
안산당고개,-,-,-
21:53,-,-,-
사당진접,-,-,-
21:55,-,-,-
오이도당고개,-,-,-
22:00,22:00,-,-
사당당고개,당고개오이도,-,-
22:08,22:05,-,-
오이도당고개,진접사당,-,-
22:12,22:09,-,-
사당진접,당고개안산,-,-
22:18,22:17,-,-
사당당고개,당고개오이도,-,-
22:22,22:21,-,-
오이도당고개,진접사당,-,-
22:30,22:28,-,-
오이도당고개,당고개오이도,-,-
22:37,22:35,-,-
사당진접,진접사당,-,-
22:45,22:40,-,-
오이도당고개,당고개오이도,-,-
22:52,22:48,-,-
사당당고개,당고개안산,-,-
22:59,22:53,-,-
오이도당고개,진접사당,-,-
23:06,23:04막,-,-
사당진접,당고개오이도,-,-
23:13,23:13,-,-
오이도당고개,진접사당,-,-
23:19,23:19막,-,-
사당진접,당고개안산,-,-
23:25,23:26,-,-
오이도당고개,진접사당,-,-
23:32,23:33,-,-
사당진접,당고개사당,-,-
23:40,23:43막,-,-
오이도당고개,당고개금정,-,-
23:53,23:56,-,-
오이도당고개,진접사당,-,-
0:00,0:15,-,-
사당진접,진접사당,-,-
0:06,00:37막,-,-
오이도당고개,진접사당,-,-
00:14막,00:51막,-,-
사당진접,진접서울역,-,-
0:24,-,-,-
오이도당고개,-,-,-
00:37막,-,-,-
사당당고개,-,-,-
00:56막,-,-,-
오이도한성대입구,-,-,-
