총신대입구(이수)방면,남태령방면,총신대입구(이수)방면,남태령방면
평일,평일,주말,주말
05:32첫,05:50첫,05:32첫,05:50첫
남태령진접,사당오이도,남태령진접,사당오이도
5:43,-,5:45,-
산본당고개,-,사당진접,-
5:52,-,5:56,-
사당당고개,-,산본당고개,-
6:00,6:06,6:05,6:07
안산당고개,한성대입구오이도,사당진접,한성대입구오이도
6:08,6:18,6:13,6:23
사당당고개,노원오이도,안산당고개,당고개오이도
6:15,6:29,6:20,6:35
오이도당고개,당고개오이도,안산당고개,당고개오이도
6:23,6:38,6:26,6:47
오이도당고개,당고개오이도,사당진접,당고개오이도
6:30,6:49,6:32,6:59
사당진접,당고개오이도,오이도당고개,당고개안산
6:34,6:58,6:38,-
오이도당고개,당고개오이도,사당진접,-
6:38,-,6:44,-
사당진접,-,오이도당고개,-
6:41,-,6:50,-
오이도당고개,-,사당당고개,-
6:46,-,6:56,-
오이도당고개,-,오이도당고개,-
6:50,-,7:02,7:11
사당진접,-,사당진접,당고개오이도
6:55,-,7:08,7:23
오이도당고개,-,오이도당고개,당고개오이도
6:59,-,7:14,7:35
사당진접,-,사당진접,당고개오이도
7:04,7:06,7:20,7:47
오이도당고개,당고개오이도,오이도당고개,당고개오이도
7:08,7:14,7:26,7:53
사당진접,당고개오이도,사당당고개,당고개오이도
7:12,7:22,7:32,-
오이도당고개,당고개안산,오이도당고개,-
7:16,7:30,7:38,-
사당진접,당고개오이도,사당진접,-
7:19,7:37,7:44,-
오이도당고개,당고개오이도,오이도당고개,-
7:25,7:43,7:50,-
안산당고개,당고개안산,사당당고개,-
7:29,7:50,7:56,-
사당진접,당고개오이도,오이도당고개,-
7:31,7:55,8:01,8:05
오이도당고개,당고개오이도,안산당고개,당고개오이도
7:35,-,8:08,8:11
사당당고개,-,오이도당고개,당고개안산
07:38급첫,-,8:14,8:22
오이도당고개,-,사당진접,당고개오이도
7:41,-,8:20,8:29
사당진접,-,오이도당고개,당고개오이도
7:44,-,8:26,8:41
안산당고개,-,오이도당고개,당고개오이도
7:47,-,8:32,8:53
사당당고개,-,사당당고개,당고개오이도
7:50,-,8:38,-
오이도당고개,-,오이도당고개,-
7:53,-,8:44,-
사당진접,-,사당당고개,-
07:56급,-,8:50,-
오이도당고개,-,오이도당고개,-
8:01,8:01,8:56,-
오이도당고개,당고개오이도,사당당고개,-
8:04,8:08,9:02,9:05
사당진접,당고개오이도,오이도당고개,당고개오이도
8:06,8:14,9:07,9:17
안산당고개,당고개안산,사당진접,당고개오이도
8:10,8:21,9:12,9:29
사당당고개,당고개오이도,안산당고개,당고개오이도
8:13,8:25,9:17,9:41
오이도당고개,당고개오이도,오이도당고개,당고개오이도
8:17,8:31,9:22,9:53
사당진접,당고개안산,사당당고개,당고개오이도
8:20,8:38,9:27,-
오이도당고개,당고개오이도,오이도당고개,-
8:23,8:43,9:33,-
사당진접,당고개오이도,사당당고개,-
8:26,8:49,9:38,-
오이도당고개,창동오이도,오이도당고개,-
8:30,8:51,9:44,-
오이도당고개,당고개안산,사당진접,-
8:36,-,9:50,-
오이도당고개,-,오이도당고개,-
8:39,-,9:56,-
사당진접,-,사당진접,-
8:42,-,10:02,10:05
오이도당고개,-,오이도당고개,당고개오이도
8:45,-,10:08,10:17
사당당고개,-,사당당고개,당고개안산
08:48급,-,10:14,10:23
오이도당고개,-,오이도당고개,당고개오이도
8:50,-,10:20,10:35
사당당고개,-,사당진접,당고개오이도
8:53,-,10:26,10:47
오이도당고개,-,오이도당고개,당고개오이도
8:56,-,10:31,10:59
사당진접,-,오이도당고개,당고개오이도
08:59급막,-,10:37,-
오이도당고개,-,사당진접,-
9:03,9:01,10:43,-
사당당고개,당고개오이도,오이도당고개,-
9:05,9:08,10:49,-
오이도당고개,당고개오이도,사당당고개,-
9:13,9:15,10:55,-
오이도당고개,당고개오이도,오이도당고개,-
9:17,9:21,11:01,11:11
사당진접,당고개오이도,사당당고개,당고개오이도
9:21,9:28,11:07,11:23
안산당고개,당고개안산,오이도당고개,당고개오이도
9:28,9:33,11:12,11:35
오이도당고개,당고개오이도,사당진접,당고개오이도
9:31,9:40,11:16,11:47
사당진접,당고개오이도,오이도당고개,당고개오이도
9:36,9:46,11:23,11:59
안산당고개,당고개안산,오이도당고개,당고개오이도
9:40,9:52,11:27,-
사당당고개,당고개오이도,사당진접,-
9:44,-,11:32,-
오이도당고개,-,오이도당고개,-
9:48,-,11:37,-
사당진접,-,사당당고개,-
9:54,-,11:42,-
오이도당고개,-,오이도당고개,-
9:59,-,11:47,-
사당당고개,-,오이도당고개,-
10:04,10:02,11:52,-
오이도당고개,당고개오이도,사당당고개,-
10:09,10:12,11:57,-
사당진접,당고개오이도,오이도당고개,-
10:14,10:22,12:02,12:11
오이도당고개,당고개오이도,사당진접,당고개오이도
10:19,10:26,12:07,12:23
사당진접,당고개안산,오이도당고개,당고개오이도
10:24,10:35,12:12,12:28
오이도당고개,당고개오이도,오이도당고개,당고개오이도
10:29,10:45,12:17,12:36
사당당고개,당고개오이도,사당진접,당고개안산
10:34,10:55,12:22,12:44
오이도당고개,당고개오이도,오이도당고개,당고개오이도
10:40,-,12:27,12:53
사당당고개,-,사당당고개,당고개오이도
10:44,-,12:30,-
오이도당고개,-,안산당고개,-
10:49,-,12:37,-
사당당고개,-,오이도당고개,-
10:53,-,12:41,-
오이도당고개,-,사당진접,-
10:56,-,12:45,-
사당진접,-,안산당고개,-
11:00,11:06,12:49,-
사당당고개,당고개오이도,사당당고개,-
11:04,11:17,12:53,-
오이도당고개,당고개오이도,오이도당고개,-
11:09,11:28,12:57,-
사당진접,당고개오이도,사당진접,-
11:15,11:39,13:02,13:03
오이도당고개,당고개오이도,오이도당고개,당고개오이도
11:21,11:50,13:07,13:13
사당진접,당고개오이도,사당당고개,당고개오이도
11:24,-,13:12,13:18
오이도당고개,-,오이도당고개,당고개안산
11:27,-,13:17,13:28
오이도당고개,-,사당진접,당고개오이도
11:32,-,13:22,13:36
사당진접,-,오이도당고개,당고개오이도
11:37,-,13:27,13:44
오이도당고개,-,오이도당고개,당고개오이도
11:43,-,13:32,13:53
사당진접,-,사당진접,당고개오이도
11:51,-,13:37,-
오이도당고개,-,오이도당고개,-
11:56,-,13:41,-
사당진접,-,사당당고개,-
12:01,12:01,13:45,-
오이도당고개,당고개오이도,안산당고개,-
12:05,12:08,13:49,-
사당진접,당고개오이도,사당진접,-
12:11,12:20,13:53,-
오이도당고개,당고개오이도,오이도당고개,-
12:18,12:32,13:57,-
안산당고개,당고개오이도,사당당고개,-
12:23,12:44,14:02,14:03
사당진접,당고개안산,오이도당고개,당고개오이도
12:29,12:51,14:07,14:08
오이도당고개,당고개오이도,사당진접,당고개오이도
12:34,-,14:12,14:18
사당진접,-,오이도당고개,당고개오이도
12:39,-,14:17,14:28
오이도당고개,-,오이도당고개,당고개안산
12:47,-,14:22,14:33
오이도당고개,-,사당진접,당고개오이도
12:52,-,14:27,14:41
사당진접,-,오이도당고개,당고개안산
12:57,-,14:32,14:49
오이도당고개,-,사당당고개,당고개오이도
13:02,13:02,14:37,14:58
사당진접,당고개오이도,오이도당고개,당고개오이도
13:08,13:13,14:42,-
오이도당고개,당고개오이도,오이도당고개,-
13:14,13:24,14:46,-
사당당고개,당고개오이도,사당진접,-
13:22,13:35,14:50,-
오이도당고개,당고개오이도,안산당고개,-
13:27,13:46,14:54,-
사당진접,당고개오이도,사당당고개,-
13:33,13:57,14:58,-
오이도당고개,당고개오이도,오이도당고개,-
13:38,-,15:02,15:08
사당당고개,-,사당진접,당고개오이도
13:42,-,15:07,15:18
오이도당고개,-,오이도당고개,당고개안산
13:46,-,15:12,15:23
사당진접,-,사당당고개,당고개오이도
13:52,-,15:17,15:33
오이도당고개,-,오이도당고개,당고개오이도
13:58,-,15:22,15:41
사당진접,-,사당진접,당고개오이도
14:04,14:07,15:27,15:49
오이도당고개,당고개오이도,오이도당고개,당고개안산
14:11,14:15,15:32,15:58
사당진접,당고개오이도,안산당고개,당고개오이도
14:16,14:26,15:37,-
오이도당고개,당고개오이도,사당진접,-
14:22,14:36,15:42,-
오이도당고개,당고개오이도,오이도당고개,-
14:28,14:44,15:46,-
사당진접,당고개오이도,사당당고개,-
14:34,14:54,15:50,-
오이도당고개,당고개오이도,오이도당고개,-
14:40,-,15:54,-
사당진접,-,사당진접,-
14:46,-,15:58,-
오이도당고개,-,오이도당고개,-
14:50,-,16:02,16:08
안산당고개,-,사당당고개,당고개오이도
14:56,-,16:07,16:13
사당진접,-,오이도당고개,당고개안산
15:01,15:05,16:12,16:23
오이도당고개,당고개오이도,사당진접,당고개오이도
15:06,15:19,16:16,16:33
사당당고개,당고개오이도,오이도당고개,당고개안산
15:11,15:30,16:23,16:38
오이도당고개,당고개오이도,오이도당고개,당고개오이도
15:18,15:39,16:27,16:46
사당진접,당고개오이도,사당당고개,당고개안산
15:25,15:50,16:32,16:54
오이도당고개,당고개오이도,오이도당고개,당고개오이도
15:30,-,16:37,-
사당진접,-,사당진접,-
15:36,-,16:42,-
오이도당고개,-,안산당고개,-
15:40,-,16:47,-
사당당고개,-,오이도당고개,-
15:44,-,16:51,-
오이도당고개,-,사당당고개,-
15:47,-,16:56,-
사당진접,-,오이도당고개,-
15:50,-,16:59,-
안산당고개,-,사당진접,-
15:54,-,17:03,17:03
사당당고개,-,안산당고개,당고개오이도
15:58,-,17:07,17:13
오이도당고개,-,사당당고개,당고개오이도
16:04,16:01,17:12,17:23
사당진접,당고개오이도,오이도당고개,당고개오이도
16:10,16:13,17:17,17:28
오이도당고개,당고개오이도,사당진접,당고개오이도
16:16,16:19,17:22,17:38
사당진접,당고개오이도,오이도당고개,당고개오이도
16:21,16:32,17:27,17:48
오이도당고개,당고개오이도,사당진접,당고개오이도
16:27,16:43,17:30,17:53
오이도당고개,당고개오이도,안산당고개,당고개오이도
16:33,16:48,17:37,-
사당진접,당고개오이도,오이도당고개,-
16:39,16:58,17:42,-
오이도당고개,당고개오이도,사당진접,-
16:46,-,17:47,-
사당진접,-,안산당고개,-
16:50,-,17:52,-
오이도당고개,-,오이도당고개,-
16:57,-,17:57,-
오이도당고개,-,사당진접,-
17:01,17:08,18:03,18:03
사당진접,당고개오이도,오이도당고개,당고개오이도
17:06,17:22,18:09,18:13
오이도당고개,당고개오이도,사당당고개,당고개오이도
17:11,17:32,18:14,18:18
사당진접,당고개오이도,오이도당고개,당고개오이도
17:17,17:40,18:19,18:29
오이도당고개,당고개오이도,사당진접,당고개오이도
17:22,17:47,18:24,18:41
사당진접,당고개오이도,오이도당고개,당고개오이도
17:26,17:54,18:29,18:53
안산당고개,당고개오이도,안산당고개,당고개오이도
17:31,-,18:34,-
오이도당고개,-,사당진접,-
17:36,-,18:39,-
사당진접,-,오이도당고개,-
17:40,-,18:45,-
오이도당고개,-,사당당고개,-
17:44,-,18:51,-
사당당고개,-,오이도당고개,-
17:47,-,18:57,-
안산당고개,-,사당진접,-
17:51,-,19:03,19:00
사당진접,-,안산당고개,당고개오이도
17:55,-,19:09,19:11
오이도당고개,-,오이도당고개,당고개오이도
17:59,-,19:15,19:22
사당당고개,-,사당진접,당고개오이도
18:02,18:02,19:21,19:32
안산당고개,창동오이도,오이도당고개,당고개오이도
18:06,18:09,19:27,19:37
사당진접,당고개오이도,사당당고개,당고개오이도
18:10,18:16,19:33,19:47
오이도당고개,당고개오이도,오이도당고개,당고개오이도
18:13,18:23,19:39,19:59
사당당고개,당고개오이도,사당진접,당고개오이도
18:17,18:30,19:45,-
오이도당고개,당고개오이도,오이도당고개,-
18:20,18:36,19:51,-
사당진접,당고개오이도,사당당고개,-
18:23,18:46,19:57,-
안산당고개,당고개오이도,오이도당고개,-
18:27,18:52,20:03,20:11
사당당고개,당고개오이도,사당진접,당고개오이도
18:31,18:58,20:09,20:21
오이도당고개,당고개오이도,오이도당고개,당고개오이도
18:35,-,20:15,20:26
사당진접,-,사당당고개,당고개안산
18:38,-,20:21,20:36
오이도당고개,-,오이도당고개,당고개오이도
18:41,-,20:27,20:46
사당당고개,-,사당진접,당고개오이도
18:45,-,20:33,20:51
오이도당고개,-,오이도당고개,당고개오이도
18:49,-,20:39,-
사당진접,-,사당진접,-
18:53,-,20:44,-
오이도당고개,-,오이도당고개,-
18:57,-,20:52,-
사당당고개,-,오이도당고개,-
18:59,-,20:57,-
오이도당고개,-,사당진접,-
19:04,19:05,21:03,21:01
사당진접,당고개안산,오이도당고개,당고개오이도
19:07,19:12급첫,21:09,21:06
오이도당고개,당고개오이도,사당당고개,당고개오이도
19:10,19:20,21:15,21:17
사당당고개,창동오이도,오이도당고개,당고개오이도
19:13,19:26,21:21,21:29
오이도당고개,당고개오이도,사당진접,당고개오이도
19:17,19:30,21:27,21:41
사당진접,당고개안산,오이도당고개,당고개오이도
19:21,19:37,21:33,21:53
오이도당고개,당고개오이도,사당당고개,당고개오이도
19:24,19:44,21:39,-
사당당고개,당고개오이도,오이도당고개,-
19:27,19:51,21:45,-
오이도당고개,당고개오이도,사당진접,-
19:31,19:59,21:51,-
사당진접,당고개오이도,오이도당고개,-
19:35,-,21:57,-
오이도당고개,-,사당당고개,-
19:40,-,22:03,22:05
사당당고개,-,오이도당고개,당고개오이도
19:43,-,22:09,22:17
오이도당고개,-,사당진접,당고개오이도
19:47,-,22:15,22:29
사당진접,-,오이도당고개,당고개오이도
19:52,-,22:21,22:39
오이도당고개,-,사당당고개,당고개안산
19:56,-,22:27,22:46
사당당고개,-,오이도당고개,당고개오이도
19:59,-,22:35,-
오이도당고개,-,사당진접,-
20:03,20:07,22:43,-
사당진접,당고개오이도,오이도당고개,-
20:08,20:15,22:51막,-
오이도당고개,당고개오이도,사당진접,-
20:12,20:23급,22:59,-
사당당고개,당고개오이도,오이도당고개,-
20:15,20:34,23:07막,23:02막
오이도당고개,당고개오이도,사당당고개,당고개오이도
20:19,20:41,23:15막,23:15
사당진접,당고개오이도,오이도노원,당고개안산
20:24,20:50,23:31막,23:38막
오이도당고개,당고개오이도,오이도한성대입구,당고개안산
20:28,20:57,-,00:00막
사당당고개,당고개오이도,-,당고개산본
20:33,-,-,-
오이도당고개,-,-,-
20:37,-,-,-
사당진접,-,-,-
20:40,-,-,-
안산당고개,-,-,-
20:45,-,-,-
사당당고개,-,-,-
20:50,-,-,-
오이도당고개,-,-,-
20:53,-,-,-
사당진접,-,-,-
20:56,-,-,-
오이도당고개,-,-,-
21:01,21:03,-,-
사당당고개,당고개안산,-,-
21:06,21:10급막,-,-
오이도당고개,당고개오이도,-,-
21:11,21:18,-,-
사당진접,당고개오이도,-,-
21:15,21:27,-,-
안산당고개,당고개오이도,-,-
21:19,21:37,-,-
오이도당고개,당고개오이도,-,-
21:22,21:42,-,-
사당당고개,당고개안산,-,-
21:25,21:49,-,-
안산당고개,창동오이도,-,-
21:27,21:56,-,-
사당진접,당고개오이도,-,-
21:30,-,-,-
오이도당고개,-,-,-
21:35,-,-,-
사당당고개,-,-,-
21:43,-,-,-
오이도당고개,-,-,-
21:47,-,-,-
사당진접,-,-,-
21:53,-,-,-
사당당고개,-,-,-
21:57,-,-,-
오이도당고개,-,-,-
22:05,22:05,-,-
오이도당고개,당고개안산,-,-
22:12,22:12,-,-
사당진접,당고개오이도,-,-
22:20,22:25,-,-
오이도당고개,당고개오이도,-,-
22:27,22:34,-,-
사당당고개,당고개안산,-,-
22:34,22:42,-,-
오이도당고개,당고개오이도,-,-
22:41,22:53,-,-
사당진접,당고개오이도,-,-
22:48,-,-,-
오이도당고개,-,-,-
22:54,-,-,-
사당진접,-,-,-
23:00,23:05,-,-
오이도당고개,당고개오이도,-,-
23:07,23:13,-,-
사당진접,당고개안산,-,-
23:15,23:29막,-,-
오이도당고개,당고개오이도,-,-
23:28,23:44막,-,-
오이도당고개,당고개안산,-,-
23:35,-,-,-
사당진접,-,-,-
23:41,-,-,-
오이도당고개,-,-,-
23:49막,-,-,-
사당진접,-,-,-
23:58,-,-,-
오이도당고개,-,-,-
00:12막,00:08막,-,-
사당당고개,당고개금정,-,-
00:31막,-,-,-
오이도한성대입구,-,-,-
