숙대입구방면,신용산방면,숙대입구방면,신용산방면
평일,평일,주말,주말
05:45첫,05:53첫,05:45첫,05:54첫
남태령진접,한성대입구오이도,남태령진접,한성대입구오이도
5:56,-,5:57,-
산본당고개,-,사당진접,-
6:04,6:06,6:09,6:06
사당당고개,노원오이도,산본당고개,노원사당
6:13,6:11,6:17,6:11
안산당고개,당고개사당,사당진접,당고개오이도
6:20,6:17,6:25,6:17
사당당고개,당고개오이도,안산당고개,당고개사당
6:27,6:20,6:32,6:23
오이도당고개,진접사당,안산당고개,당고개오이도
6:35,6:26,6:38,6:29
오이도당고개,당고개오이도,사당진접,진접사당
6:42,6:31,6:44,6:35
사당진접,당고개사당,오이도당고개,당고개오이도
6:46,6:37,6:50,6:41
오이도당고개,당고개오이도,사당진접,진접사당
6:51,6:41,6:56,6:47
사당진접,진접사당,오이도당고개,당고개안산
6:53,6:46,-,6:53
오이도당고개,당고개오이도,-,진접사당
6:58,6:50,-,6:59
오이도당고개,창동사당,-,당고개오이도
-,6:54,7:02,7:05
-,당고개오이도,사당당고개,당고개사당
-,6:58,7:08,7:11
-,진접사당,오이도당고개,당고개오이도
7:03,7:02,7:14,7:17
사당진접,당고개오이도,사당진접,진접사당
7:07,7:05,7:20,7:23
오이도당고개,창동사당,오이도당고개,당고개오이도
7:12,7:10,7:26,7:29
사당진접,당고개안산,사당진접,당고개사당
7:16,7:14,7:32,7:35
오이도당고개,진접사당,오이도당고개,당고개오이도
7:20,7:18,7:38,7:41
사당진접,당고개오이도,사당당고개,당고개오이도
7:24,7:21,7:44,7:47
오이도당고개,창동사당,오이도당고개,진접사당
7:28,7:25,7:50,7:53
사당진접,당고개오이도,사당진접,당고개오이도
7:32,7:28,7:56,7:59
오이도당고개,진접사당,오이도당고개,당고개안산
7:38,7:31,8:02,8:05
안산당고개,당고개안산,사당당고개,진접사당
7:41,7:35,8:08,8:10
사당진접,당고개사당,오이도당고개,당고개오이도
7:44,7:38,8:14,8:17
오이도당고개,당고개오이도,안산당고개,당고개오이도
7:47,7:43,8:20,8:23
사당당고개,당고개오이도,오이도당고개,진접사당
07:50급첫,7:46,8:26,8:29
오이도당고개,진접사당,사당진접,당고개오이도
7:54,7:49,8:32,8:35
사당진접,당고개오이도,오이도당고개,당고개사당
7:57,7:53,8:38,8:41
안산당고개,당고개사당,오이도당고개,당고개오이도
7:59,7:56,8:44,8:47
사당당고개,당고개오이도,사당당고개,진접사당
-,7:59,8:50,8:53
-,창동사당,오이도당고개,당고개오이도
8:02,8:02,8:56,8:59
오이도당고개,당고개안산,사당당고개,진접사당
8:05,8:06,9:02,9:05
사당진접,진접사당,오이도당고개,당고개오이도
08:08급,8:09,9:08,9:11
오이도당고개,당고개오이도,사당당고개,당고개사당
8:13,8:13,9:14,9:17
오이도당고개,당고개오이도,오이도당고개,당고개오이도
8:16,8:16,9:19,9:23
사당진접,진접사당,사당진접,진접사당
8:19,8:19,9:24,9:29
안산당고개,당고개안산,안산당고개,당고개오이도
8:22,8:22,9:29,9:35
사당당고개,진접사당,오이도당고개,진접사당
8:25,8:26,9:34,9:41
오이도당고개,당고개오이도,사당당고개,당고개오이도
8:29,8:28,9:39,9:47
사당진접,창동사당,오이도당고개,당고개사당
8:33,8:31,9:45,9:53
오이도당고개,당고개오이도,사당당고개,당고개오이도
8:35,8:34,9:50,9:59
사당진접,진접사당,오이도당고개,진접사당
8:38,8:36,9:56,-
오이도당고개,창동오이도,사당진접,-
8:42,8:39,10:02,10:05
오이도당고개,당고개안산,오이도당고개,당고개안산
8:48,8:44,10:08,10:11
오이도당고개,진접사당,사당진접,당고개오이도
8:51,8:49,10:14,10:17
사당진접,당고개오이도,오이도당고개,진접사당
8:54,8:53,10:20,10:23
오이도당고개,진접사당,사당당고개,당고개오이도
8:57,8:56,10:26,10:29
사당당고개,당고개오이도,오이도당고개,진접사당
09:00급,9:00,10:32,10:35
오이도당고개,진접사당,사당진접,당고개오이도
9:03,9:03,10:38,10:41
사당당고개,당고개오이도,오이도당고개,진접사당
9:06,9:09,10:43,10:47
오이도당고개,당고개오이도,오이도당고개,당고개오이도
9:08,9:13,10:49,10:53
사당진접,진접사당,사당진접,당고개사당
09:12급막,9:16,10:55,10:59
오이도당고개,당고개안산,오이도당고개,당고개오이도
9:15,9:20,11:01,11:05
사당당고개,당고개오이도,사당당고개,진접사당
9:18,9:25,11:07,11:11
오이도당고개,진접사당,오이도당고개,당고개오이도
9:25,9:28,11:13,11:17
오이도당고개,당고개오이도,사당당고개,당고개사당
9:29,9:31,11:19,11:23
사당진접,진접사당,오이도당고개,당고개오이도
9:33,9:34,11:24,11:29
안산당고개,당고개안산,사당진접,진접사당
9:40,9:39,11:28,11:35
오이도당고개,당고개오이도,오이도당고개,당고개오이도
9:44,9:44,11:35,11:41
사당진접,진접사당,오이도당고개,진접사당
9:49,9:50,11:39,11:47
안산당고개,당고개오이도,사당진접,당고개오이도
9:52,9:55,11:44,11:53
사당당고개,진접사당,오이도당고개,당고개사당
9:56,-,11:49,11:59
오이도당고개,-,사당당고개,당고개오이도
10:00,10:00,11:54,-
사당진접,당고개오이도,오이도당고개,-
10:06,10:05,11:59,-
오이도당고개,진접사당,오이도당고개,-
10:11,10:10,12:04,12:05
사당당고개,당고개오이도,사당당고개,진접사당
10:16,10:14,12:09,12:11
오이도당고개,당고개안산,오이도당고개,당고개오이도
10:21,10:19,12:14,12:16
사당진접,진접사당,사당진접,당고개오이도
10:26,10:23,12:19,12:20
오이도당고개,당고개오이도,오이도당고개,진접사당
10:31,10:27,12:24,12:24
사당진접,당고개사당,오이도당고개,당고개안산
10:36,10:30,12:29,12:28
오이도당고개,진접사당,사당진접,당고개사당
10:41,10:33,12:34,12:32
사당당고개,당고개오이도,오이도당고개,당고개오이도
10:46,10:38,12:39,12:36
오이도당고개,진접사당,사당당고개,진접사당
10:52,10:43,12:43,12:41
사당당고개,당고개오이도,안산당고개,당고개오이도
10:56,10:48,12:49,12:46
오이도당고개,당고개사당,오이도당고개,당고개사당
-,10:54,12:53,12:51
-,당고개오이도,사당진접,당고개오이도
11:01,11:01,12:57,12:56
사당당고개,진접사당,안산당고개,진접사당
11:05,11:05,13:01,13:01
오이도당고개,당고개오이도,사당당고개,당고개오이도
11:09,11:11,13:05,13:06
사당진접,진접사당,오이도당고개,당고개안산
11:12,11:16,13:09,13:11
사당당고개,당고개오이도,사당진접,진접사당
11:16,11:21,13:14,13:16
오이도당고개,당고개사당,오이도당고개,당고개오이도
11:22,11:27,13:19,13:20
사당진접,당고개오이도,사당당고개,당고개사당
11:28,11:32,13:24,13:24
오이도당고개,진접사당,오이도당고개,당고개오이도
11:33,11:38,13:29,13:28
사당진접,당고개오이도,사당진접,진접사당
11:36,11:43,13:34,13:32
오이도당고개,진접사당,오이도당고개,당고개오이도
11:39,11:49,13:39,13:36
오이도당고개,당고개오이도,오이도당고개,당고개사당
11:44,11:56,13:44,13:41
사당진접,당고개오이도,사당진접,당고개오이도
11:49,-,13:49,13:46
오이도당고개,-,오이도당고개,진접사당
11:56,-,13:53,13:51
사당진접,-,사당당고개,당고개오이도
12:03,12:02,13:57,13:56
오이도당고개,진접사당,안산당고개,당고개오이도
12:08,12:08,14:01,14:01
사당진접,당고개오이도,사당진접,진접사당
12:13,12:14,14:05,14:06
오이도당고개,당고개사당,오이도당고개,당고개오이도
12:17,12:20,14:09,14:11
사당진접,당고개오이도,사당당고개,당고개사당
12:23,12:26,14:14,14:16
오이도당고개,진접사당,오이도당고개,당고개안산
12:31,12:32,14:19,14:21
안산당고개,당고개안산,사당진접,당고개오이도
12:35,12:35,14:24,14:25
사당진접,진접사당,오이도당고개,진접사당
12:41,12:39,14:29,14:29
오이도당고개,당고개오이도,오이도당고개,당고개안산
12:46,12:44,14:34,14:33
사당진접,당고개사당,사당진접,당고개사당
12:51,12:50,14:39,14:37
오이도당고개,당고개오이도,오이도당고개,당고개오이도
12:59,12:56,14:44,14:41
오이도당고개,진접사당,사당당고개,진접사당
13:04,13:01,14:49,14:46
사당진접,당고개오이도,오이도당고개,당고개오이도
13:09,13:12,14:54,14:51
오이도당고개,당고개오이도,오이도당고개,당고개사당
13:15,13:17,14:58,14:56
사당진접,진접사당,사당진접,당고개오이도
13:20,13:22,15:02,15:01
오이도당고개,당고개오이도,안산당고개,진접사당
13:27,13:27,15:06,15:06
사당당고개,진접사당,사당당고개,당고개안산
13:34,13:34,15:10,15:11
오이도당고개,당고개오이도,오이도당고개,당고개오이도
13:39,13:39,15:14,15:16
사당진접,진접사당,사당진접,진접사당
13:45,13:45,15:19,15:21
오이도당고개,당고개오이도,오이도당고개,당고개오이도
13:50,13:50,15:24,15:25
사당당고개,진접사당,사당당고개,당고개사당
13:54,13:55,15:29,15:29
오이도당고개,당고개오이도,오이도당고개,당고개오이도
13:59,-,15:34,15:33
사당진접,-,사당진접,진접사당
14:04,14:03,15:39,15:37
오이도당고개,당고개오이도,오이도당고개,당고개안산
14:10,14:08,15:44,15:41
사당진접,진접사당,안산당고개,당고개사당
14:16,14:14,15:49,15:46
오이도당고개,당고개오이도,사당진접,당고개오이도
14:23,14:19,15:54,15:51
사당진접,진접사당,오이도당고개,진접사당
14:28,14:24,15:58,15:56
오이도당고개,당고개오이도,사당당고개,당고개오이도
14:34,14:28,16:02,16:01
오이도당고개,진접사당,오이도당고개,당고개안산
14:40,14:32,16:06,16:06
사당진접,당고개오이도,사당진접,진접사당
14:46,14:36,16:10,16:11
오이도당고개,진접사당,오이도당고개,당고개오이도
14:53,14:42,16:14,16:16
사당진접,당고개오이도,사당당고개,당고개사당
14:58,14:48,16:19,16:21
오이도당고개,진접사당,오이도당고개,당고개안산
-,14:53,16:24,16:26
-,당고개오이도,사당진접,당고개오이도
15:03,15:00,16:28,16:30
안산당고개,당고개사당,오이도당고개,진접사당
15:08,15:07,16:35,16:34
사당진접,당고개오이도,오이도당고개,당고개안산
15:13,15:13,16:39,16:38
오이도당고개,진접사당,사당당고개,당고개사당
15:18,15:18,16:44,16:42
사당당고개,당고개오이도,오이도당고개,당고개오이도
15:23,15:23,16:49,16:46
오이도당고개,당고개사당,사당진접,진접사당
15:31,15:27,16:54,16:51
사당진접,당고개오이도,안산당고개,당고개오이도
15:37,15:32,16:59,16:56
오이도당고개,진접사당,오이도당고개,당고개사당
15:42,15:38,17:03,17:01
사당진접,당고개오이도,사당당고개,당고개오이도
15:48,15:44,17:08,17:06
오이도당고개,진접사당,오이도당고개,진접사당
15:52,15:49,17:11,17:11
사당당고개,당고개오이도,사당진접,당고개오이도
15:56,15:56,17:15,17:16
오이도당고개,진접사당,안산당고개,당고개오이도
15:59,-,17:19,17:21
사당진접,-,사당당고개,진접사당
16:03,16:01,17:24,17:26
안산당고개,당고개오이도,오이도당고개,당고개오이도
16:06,16:07,17:29,17:31
사당당고개,당고개오이도,사당진접,당고개사당
16:10,16:14,17:34,17:36
오이도당고개,진접사당,오이도당고개,당고개오이도
16:16,16:20,17:39,17:41
사당진접,당고개오이도,사당진접,당고개오이도
16:22,16:26,17:43,17:46
오이도당고개,진접사당,안산당고개,진접사당
16:28,16:31,17:49,17:51
사당진접,당고개오이도,오이도당고개,당고개오이도
16:33,16:36,17:54,17:56
오이도당고개,당고개오이도,사당진접,진접사당
16:39,16:41,17:59,-
오이도당고개,진접사당,안산당고개,-
16:45,16:46,18:04,18:01
사당진접,당고개오이도,오이도당고개,당고개오이도
16:51,16:51,18:09,18:06
오이도당고개,당고개사당,사당진접,당고개오이도
16:58,16:56,18:15,18:11
사당진접,당고개오이도,오이도당고개,진접사당
17:02,17:02,18:21,18:17
오이도당고개,진접사당,사당당고개,당고개오이도
17:09,17:10,18:26,18:23
오이도당고개,당고개오이도,오이도당고개,당고개사당
17:13,17:15,18:31,18:29
사당진접,진접사당,사당진접,당고개오이도
17:18,17:19,18:36,18:35
오이도당고개,당고개오이도,오이도당고개,진접사당
17:23,17:24,18:41,18:41
사당진접,당고개사당,안산당고개,당고개오이도
17:29,17:28,18:46,18:48
오이도당고개,당고개오이도,사당진접,당고개오이도
17:34,17:32,18:51,18:53
사당진접,진접사당,오이도당고개,진접사당
17:39,17:35,18:57,18:59
안산당고개,당고개오이도,사당당고개,당고개오이도
17:43,17:39,19:03,19:05
오이도당고개,당고개사당,오이도당고개,당고개사당
17:48,17:42,19:09,19:10
사당진접,당고개오이도,사당진접,당고개오이도
17:52,17:46,19:15,19:15
오이도당고개,진접사당,안산당고개,진접사당
17:56,17:49,19:21,19:20
사당당고개,창동오이도,오이도당고개,당고개오이도
-,17:53,19:27,19:25
-,당고개사당,사당진접,당고개오이도
-,17:56,19:33,19:30
-,당고개오이도,오이도당고개,진접사당
18:00,18:00,19:39,19:35
안산당고개,진접사당,사당당고개,당고개오이도
18:03,18:04,19:45,19:41
사당진접,당고개오이도,오이도당고개,진접사당
18:07,18:07,19:51,19:47
오이도당고개,당고개사당,사당진접,당고개오이도
18:12,18:11,19:57,19:53
사당당고개,당고개오이도,오이도당고개,당고개사당
18:15,18:14,-,19:59
안산당고개,창동사당,-,당고개오이도
18:18,18:17,20:03,20:04
사당진접,당고개오이도,사당당고개,진접사당
18:22,18:21,20:09,20:09
오이도당고개,진접사당,오이도당고개,당고개오이도
18:26,18:24,20:15,20:14
사당당고개,당고개오이도,사당진접,당고개안산
18:29,18:27,20:21,20:19
오이도당고개,당고개사당,오이도당고개,진접사당
18:33,18:34,20:27,20:24
사당진접,당고개오이도,사당당고개,당고개오이도
18:36,18:37,20:33,20:29
안산당고개,진접사당,오이도당고개,당고개사당
18:39,18:40,20:39,20:34
사당당고개,당고개오이도,사당진접,당고개오이도
18:43,18:43,20:45,20:39
오이도당고개,당고개사당,오이도당고개,당고개오이도
18:47,18:46,20:51,20:44
사당진접,당고개오이도,사당진접,진접사당
18:50,18:49,20:56,20:49
오이도당고개,진접사당,오이도당고개,당고개오이도
18:54,18:53,-,20:54
사당당고개,당고개안산,-,당고개오이도
18:57,18:57,-,20:59
오이도당고개,진접사당,-,진접사당
19:01,19:00급첫,21:04,21:05
사당진접,당고개오이도,오이도당고개,당고개오이도
19:05,19:04,21:09,21:11
오이도당고개,당고개사당,사당진접,진접사당
19:09,19:07,21:15,21:17
사당당고개,창동오이도,오이도당고개,당고개오이도
19:12,19:11,21:21,21:23
오이도당고개,진접사당,사당당고개,당고개사당
19:16,19:14,21:27,21:29
사당진접,당고개오이도,오이도당고개,당고개오이도
19:19,19:18,21:33,21:35
오이도당고개,당고개안산,사당진접,진접사당
19:22,19:21,21:39,21:41
사당당고개,진접사당,오이도당고개,당고개오이도
19:25,19:25,21:45,21:47
오이도당고개,당고개오이도,사당당고개,당고개사당
19:29,19:29,21:51,21:53
사당진접,당고개사당,오이도당고개,당고개오이도
19:33,19:32,21:57,21:59
오이도당고개,당고개오이도,사당진접,진접사당
19:36,19:36,22:03,22:05
사당당고개,진접사당,오이도당고개,당고개오이도
19:40,19:39,22:09,22:11
오이도당고개,당고개오이도,사당당고개,당고개사당
19:44,19:43,22:15,22:17
사당진접,당고개사당,오이도당고개,당고개오이도
19:47,19:47,22:21,22:23
오이도당고개,당고개오이도,사당진접,진접사당
19:52,19:51,22:27,22:27
사당당고개,진접사당,오이도당고개,당고개안산
19:55,19:55,22:33,22:34
오이도당고개,당고개오이도,사당당고개,당고개오이도
-,19:59,22:39,22:41
-,당고개사당,오이도당고개,진접사당
20:00,20:03,22:47,22:50막
사당진접,당고개오이도,사당진접,당고개오이도
20:04,20:07,22:55,22:56
오이도당고개,진접사당,오이도당고개,진접사당
20:08,20:11급,23:03막,23:03
사당당고개,당고개오이도,사당진접,당고개안산
20:11,20:14,23:11,23:16
오이도당고개,당고개사당,오이도당고개,당고개사당
20:16,20:17,23:19막,23:26막
사당진접,진접사당,사당당고개,당고개안산
20:20,20:21,23:27막,23:37
오이도당고개,당고개오이도,오이도노원,진접사당
20:24,20:25,23:43막,23:48막
사당당고개,당고개사당,오이도한성대입구,당고개산본
20:27,20:29,-,-
오이도당고개,당고개오이도,-,-
20:32,20:33,-,-
사당진접,진접사당,-,-
20:36,20:38,-,-
오이도당고개,당고개오이도,-,-
20:40,20:45,-,-
사당당고개,당고개오이도,-,-
20:45,20:48,-,-
오이도당고개,진접사당,-,-
20:49,20:51,-,-
사당진접,당고개안산,-,-
20:53,20:54,-,-
안산당고개,당고개사당,-,-
20:57,20:58급막,-,-
사당당고개,당고개오이도,-,-
21:02,21:02,-,-
오이도당고개,진접사당,-,-
21:05,21:06,-,-
사당진접,당고개오이도,-,-
21:08,21:11,-,-
오이도당고개,당고개사당,-,-
21:13,21:15,-,-
사당당고개,당고개오이도,-,-
21:18,21:20,-,-
오이도당고개,진접사당,-,-
21:23,21:25,-,-
사당진접,당고개오이도,-,-
21:28,21:30,-,-
안산당고개,당고개안산,-,-
21:31,21:33,-,-
오이도당고개,진접사당,-,-
21:34,21:37,-,-
사당당고개,창동오이도,-,-
21:37,21:44,-,-
안산당고개,당고개오이도,-,-
21:40,21:48,-,-
사당진접,진접사당,-,-
21:42,21:53,-,-
오이도당고개,당고개안산,-,-
21:47,-,-,-
사당당고개,-,-,-
21:55,-,-,-
오이도당고개,-,-,-
21:59,-,-,-
사당진접,-,-,-
22:05,22:00,-,-
사당당고개,당고개오이도,-,-
22:09,22:06,-,-
오이도당고개,진접사당,-,-
22:17,22:13,-,-
오이도당고개,당고개오이도,-,-
22:24,22:18,-,-
사당진접,진접사당,-,-
22:32,22:22,-,-
오이도당고개,당고개안산,-,-
22:39,22:30,-,-
사당당고개,당고개오이도,-,-
22:46,22:34,-,-
오이도당고개,진접사당,-,-
22:53,22:41,-,-
사당진접,당고개오이도,-,-
-,22:48,-,-
-,진접사당,-,-
-,22:53,-,-
-,당고개오이도,-,-
23:00,23:01,-,-
오이도당고개,당고개안산,-,-
23:06,23:06,-,-
사당진접,진접사당,-,-
23:12,23:17막,-,-
오이도당고개,당고개오이도,-,-
23:19,23:26,-,-
사당진접,진접사당,-,-
23:27,23:32막,-,-
오이도당고개,당고개안산,-,-
23:40,23:39,-,-
오이도당고개,진접사당,-,-
23:47,23:46,-,-
사당진접,당고개사당,-,-
23:53,23:56막,-,-
오이도당고개,당고개금정,-,-
00:01막,0:09,-,-
사당진접,진접사당,-,-
0:11,0:28,-,-
오이도당고개,진접사당,-,-
00:24막,00:50막,-,-
사당당고개,진접사당,-,-
00:43막,-,-,-
오이도한성대입구,-,-,-
