신용산방면,동작방면,신용산방면,동작방면
평일,평일,주말,주말
05:41첫,05:57첫,05:41첫,05:58첫
남태령진접,한성대입구오이도,남태령진접,한성대입구오이도
5:52,-,5:53,-
산본당고개,-,사당진접,-
6:00,6:10,6:05,6:10
사당당고개,노원오이도,산본당고개,노원사당
6:09,6:15,6:13,6:15
안산당고개,당고개사당,사당진접,당고개오이도
6:16,6:21,6:21,6:21
사당당고개,당고개오이도,안산당고개,당고개사당
6:23,6:24,6:28,6:27
오이도당고개,진접사당,안산당고개,당고개오이도
6:31,6:30,6:34,6:33
오이도당고개,당고개오이도,사당진접,진접사당
6:38,6:35,6:40,6:39
사당진접,당고개사당,오이도당고개,당고개오이도
6:42,6:41,6:46,6:45
오이도당고개,당고개오이도,사당진접,진접사당
6:47,6:45,6:52,6:51
사당진접,진접사당,오이도당고개,당고개안산
6:49,6:50,6:58,6:57
오이도당고개,당고개오이도,사당당고개,진접사당
6:54,6:54,7:04,7:03
오이도당고개,창동사당,오이도당고개,당고개오이도
6:59,6:58,7:10,7:09
사당진접,당고개오이도,사당진접,당고개사당
7:03,7:02,7:16,7:15
오이도당고개,진접사당,오이도당고개,당고개오이도
7:08,7:06,7:22,7:21
사당진접,당고개오이도,사당진접,진접사당
7:12,7:09,7:28,7:27
오이도당고개,창동사당,오이도당고개,당고개오이도
7:16,7:14,7:34,7:33
사당진접,당고개안산,사당당고개,당고개사당
7:20,7:18,7:40,7:39
오이도당고개,진접사당,오이도당고개,당고개오이도
7:24,7:22,7:46,7:45
사당진접,당고개오이도,사당진접,당고개오이도
7:28,7:25,7:52,7:51
오이도당고개,창동사당,오이도당고개,진접사당
7:34,7:29,7:58,7:57
안산당고개,당고개오이도,사당당고개,당고개오이도
7:37,7:32,8:04,8:03
사당진접,진접사당,오이도당고개,당고개안산
7:40,7:35,8:10,8:09
오이도당고개,당고개안산,안산당고개,진접사당
7:43,7:39,8:16,8:14
사당당고개,당고개사당,오이도당고개,당고개오이도
07:46급첫,7:42,8:22,8:21
오이도당고개,당고개오이도,사당진접,당고개오이도
7:50,7:47,8:28,8:27
사당진접,당고개오이도,오이도당고개,진접사당
7:53,7:50,8:34,8:33
안산당고개,진접사당,오이도당고개,당고개오이도
7:55,7:53,8:40,8:39
사당당고개,당고개오이도,사당당고개,당고개사당
7:58,7:57,8:46,8:45
오이도당고개,당고개사당,오이도당고개,당고개오이도
8:01,8:00,8:52,8:51
사당진접,당고개오이도,사당당고개,진접사당
08:04급,8:03,8:58,8:57
오이도당고개,창동사당,오이도당고개,당고개오이도
8:09,8:06,9:04,9:03
오이도당고개,당고개안산,사당당고개,진접사당
8:12,8:10,9:10,9:09
사당진접,진접사당,오이도당고개,당고개오이도
8:15,8:13,9:15,9:15
안산당고개,당고개오이도,사당진접,당고개사당
8:18,8:17,9:20,9:21
사당당고개,당고개오이도,안산당고개,당고개오이도
8:21,8:20,9:25,9:27
오이도당고개,진접사당,오이도당고개,진접사당
8:25,8:23,9:30,9:33
사당진접,당고개안산,사당당고개,당고개오이도
8:29,8:26,9:35,9:39
오이도당고개,진접사당,오이도당고개,진접사당
8:31,8:30,9:41,9:45
사당진접,당고개오이도,사당당고개,당고개오이도
8:34,8:32,9:46,9:51
오이도당고개,창동사당,오이도당고개,당고개사당
8:38,8:35,9:52,9:57
오이도당고개,당고개오이도,사당진접,당고개오이도
8:44,8:38,9:58,-
오이도당고개,진접사당,오이도당고개,-
8:47,8:40,10:04,10:03
사당진접,창동오이도,사당진접,진접사당
8:50,8:43,10:10,10:09
오이도당고개,당고개안산,오이도당고개,당고개안산
8:53,8:48,10:16,10:15
사당당고개,진접사당,사당당고개,당고개오이도
08:56급,8:53,10:22,10:21
오이도당고개,당고개오이도,오이도당고개,진접사당
8:59,8:57,10:28,10:27
사당당고개,진접사당,사당진접,당고개오이도
9:02,9:00,10:34,10:33
오이도당고개,당고개오이도,오이도당고개,진접사당
9:04,9:04,10:39,10:39
사당진접,진접사당,오이도당고개,당고개오이도
09:08급막,9:07,10:45,10:45
오이도당고개,당고개오이도,사당진접,진접사당
9:11,9:13,10:51,10:51
사당당고개,당고개오이도,오이도당고개,당고개오이도
9:14,9:17,10:57,10:57
오이도당고개,진접사당,사당당고개,당고개사당
9:21,9:20,11:03,11:03
오이도당고개,당고개안산,오이도당고개,당고개오이도
9:25,9:24,11:09,11:09
사당진접,당고개오이도,사당당고개,진접사당
9:29,9:29,11:15,11:15
안산당고개,진접사당,오이도당고개,당고개오이도
9:36,9:32,11:20,11:21
오이도당고개,당고개오이도,사당진접,당고개사당
9:40,9:35,11:24,11:27
사당진접,진접사당,오이도당고개,당고개오이도
9:45,9:38,11:31,11:33
안산당고개,당고개안산,오이도당고개,진접사당
9:48,9:43,11:35,11:39
사당당고개,당고개오이도,사당진접,당고개오이도
9:52,9:48,11:40,11:45
오이도당고개,진접사당,오이도당고개,진접사당
9:56,9:54,11:45,11:51
사당진접,당고개오이도,사당당고개,당고개오이도
-,9:59,11:50,11:57
-,진접사당,오이도당고개,당고개사당
10:02,10:04,11:55,-
오이도당고개,당고개오이도,오이도당고개,-
10:07,10:09,12:00,12:03
사당당고개,진접사당,사당당고개,당고개오이도
10:12,10:14,12:05,12:09
오이도당고개,당고개오이도,오이도당고개,진접사당
10:17,10:18,12:10,12:15
사당진접,당고개안산,사당진접,당고개오이도
10:22,10:23,12:15,12:20
오이도당고개,진접사당,오이도당고개,당고개오이도
10:27,10:27,12:20,12:24
사당진접,당고개오이도,오이도당고개,진접사당
10:32,10:31,12:25,12:28
오이도당고개,당고개사당,사당진접,당고개안산
10:37,10:34,12:30,12:32
사당당고개,진접사당,오이도당고개,당고개사당
10:42,10:37,12:35,12:36
오이도당고개,당고개오이도,사당당고개,당고개오이도
10:48,10:42,12:39,12:40
사당당고개,진접사당,안산당고개,진접사당
10:52,10:47,12:45,12:45
오이도당고개,당고개오이도,오이도당고개,당고개오이도
10:57,10:52,12:49,12:50
사당당고개,당고개사당,사당진접,당고개사당
-,10:58,12:53,12:55
-,당고개오이도,안산당고개,당고개오이도
11:01,11:05,12:57,-
오이도당고개,진접사당,사당당고개,-
11:05,11:09,13:01,13:00
사당진접,당고개오이도,오이도당고개,진접사당
11:08,11:15,13:05,13:05
사당당고개,진접사당,사당진접,당고개오이도
11:12,11:20,13:10,13:10
오이도당고개,당고개오이도,오이도당고개,당고개안산
11:18,11:25,13:15,13:15
사당진접,당고개사당,사당당고개,진접사당
11:24,11:31,13:20,13:20
오이도당고개,당고개오이도,오이도당고개,당고개오이도
11:29,11:36,13:25,13:24
사당진접,진접사당,사당진접,당고개사당
11:32,11:42,13:30,13:28
오이도당고개,당고개오이도,오이도당고개,당고개오이도
11:35,11:47,13:35,13:32
오이도당고개,진접사당,오이도당고개,진접사당
11:40,11:53,13:40,13:36
사당진접,당고개오이도,사당진접,당고개오이도
11:45,-,13:45,13:40
오이도당고개,-,오이도당고개,당고개사당
11:52,-,13:49,13:45
사당진접,-,사당당고개,당고개오이도
11:59,-,13:53,13:50
오이도당고개,-,안산당고개,진접사당
12:04,12:00,13:57,13:55
사당진접,당고개오이도,사당진접,당고개오이도
12:09,12:06,14:01,14:00
오이도당고개,진접사당,오이도당고개,당고개오이도
12:13,12:12,14:05,14:05
사당진접,당고개오이도,사당당고개,진접사당
12:19,12:18,14:10,14:10
오이도당고개,당고개사당,오이도당고개,당고개오이도
12:27,12:24,14:15,14:15
안산당고개,당고개오이도,사당진접,당고개사당
12:31,12:30,14:20,14:20
사당진접,진접사당,오이도당고개,당고개안산
12:37,12:36,14:25,14:25
오이도당고개,당고개안산,오이도당고개,당고개오이도
12:42,12:39,14:30,14:29
사당진접,진접사당,사당진접,진접사당
12:47,12:43,14:35,14:33
오이도당고개,당고개오이도,오이도당고개,당고개안산
12:55,12:48,14:40,14:37
오이도당고개,당고개사당,사당당고개,당고개사당
-,12:54,14:45,14:41
-,당고개오이도,오이도당고개,당고개오이도
13:00,13:00,14:50,14:45
사당진접,진접사당,오이도당고개,진접사당
13:05,13:05,14:54,14:50
오이도당고개,당고개오이도,사당진접,당고개오이도
13:11,13:16,14:58,14:55
사당진접,당고개오이도,안산당고개,당고개사당
13:16,13:21,15:02,15:00
오이도당고개,진접사당,사당당고개,당고개오이도
13:23,13:26,15:06,15:05
사당당고개,당고개오이도,오이도당고개,진접사당
13:30,13:31,15:10,15:10
오이도당고개,진접사당,사당진접,당고개안산
13:35,13:38,15:15,15:15
사당진접,당고개오이도,오이도당고개,당고개오이도
13:41,13:43,15:20,15:20
오이도당고개,진접사당,사당당고개,진접사당
13:46,13:49,15:25,15:25
사당당고개,당고개오이도,오이도당고개,당고개오이도
13:50,13:54,15:30,15:29
오이도당고개,진접사당,사당진접,당고개사당
13:55,13:59,15:35,15:33
사당진접,당고개오이도,오이도당고개,당고개오이도
14:00,14:07,15:40,15:37
오이도당고개,당고개오이도,안산당고개,진접사당
14:06,14:12,15:45,15:41
사당진접,진접사당,사당진접,당고개안산
14:12,14:18,15:50,15:45
오이도당고개,당고개오이도,오이도당고개,당고개사당
14:19,14:23,15:54,15:50
사당진접,진접사당,사당당고개,당고개오이도
14:24,14:28,15:58,15:55
오이도당고개,당고개오이도,오이도당고개,진접사당
14:30,14:32,16:02,16:00
오이도당고개,진접사당,사당진접,당고개오이도
14:36,14:36,16:06,16:05
사당진접,당고개오이도,오이도당고개,당고개안산
14:42,14:40,16:10,16:10
오이도당고개,진접사당,사당당고개,진접사당
14:49,14:46,16:15,16:15
사당진접,당고개오이도,오이도당고개,당고개오이도
14:54,14:52,16:20,16:20
오이도당고개,진접사당,사당진접,당고개사당
14:59,14:57,16:24,16:25
안산당고개,당고개오이도,오이도당고개,당고개안산
15:04,15:04,16:31,16:30
사당진접,당고개사당,오이도당고개,당고개오이도
15:09,15:11,16:35,16:34
오이도당고개,당고개오이도,사당당고개,진접사당
15:14,15:17,16:40,16:38
사당당고개,진접사당,오이도당고개,당고개안산
15:19,15:22,16:45,16:42
오이도당고개,당고개오이도,사당진접,당고개사당
15:27,15:27,16:50,16:46
사당진접,당고개사당,안산당고개,당고개오이도
15:33,15:31,16:55,16:50
오이도당고개,당고개오이도,오이도당고개,진접사당
15:38,15:36,16:59,16:55
사당진접,진접사당,사당당고개,당고개오이도
15:44,15:42,17:04,17:00
오이도당고개,당고개오이도,오이도당고개,당고개사당
15:48,15:48,17:07,17:05
사당당고개,진접사당,사당진접,당고개오이도
15:52,15:53,17:11,17:10
오이도당고개,당고개오이도,안산당고개,진접사당
15:55,-,17:15,17:15
사당진접,-,사당당고개,당고개오이도
15:59,-,17:20,17:20
안산당고개,-,오이도당고개,당고개오이도
16:02,16:00,17:25,17:25
사당당고개,진접사당,사당진접,진접사당
16:06,16:05,17:30,17:30
오이도당고개,당고개오이도,오이도당고개,당고개오이도
16:12,16:11,17:35,17:35
사당진접,당고개오이도,사당진접,당고개사당
16:18,16:18,17:39,17:40
오이도당고개,진접사당,안산당고개,당고개오이도
16:24,16:24,17:45,17:45
사당진접,당고개오이도,오이도당고개,당고개오이도
16:29,16:30,17:50,17:50
오이도당고개,진접사당,사당진접,진접사당
16:35,16:35,17:55,17:55
오이도당고개,당고개오이도,안산당고개,당고개오이도
16:41,16:40,18:00,18:00
사당진접,당고개오이도,오이도당고개,진접사당
16:47,16:45,18:05,18:05
오이도당고개,진접사당,사당진접,당고개오이도
16:54,16:50,18:11,18:10
사당진접,당고개오이도,오이도당고개,당고개오이도
16:58,16:55,18:17,18:15
오이도당고개,당고개사당,사당당고개,진접사당
17:05,17:00,18:22,18:21
오이도당고개,당고개오이도,오이도당고개,당고개오이도
17:09,17:06,18:27,18:27
사당진접,진접사당,사당진접,당고개사당
17:14,17:14,18:32,18:33
오이도당고개,당고개오이도,오이도당고개,당고개오이도
17:19,17:19,18:37,18:39
사당진접,진접사당,안산당고개,진접사당
17:25,17:23,18:42,18:45
오이도당고개,당고개오이도,사당진접,당고개오이도
17:30,17:28,18:47,18:52
사당진접,당고개사당,오이도당고개,당고개오이도
17:35,17:32,18:53,18:57
안산당고개,당고개오이도,사당당고개,진접사당
17:39,17:36,18:59,-
오이도당고개,진접사당,오이도당고개,-
17:44,17:39,19:05,19:03
사당진접,당고개오이도,사당진접,당고개오이도
17:48,17:43,19:11,19:09
오이도당고개,당고개사당,안산당고개,당고개사당
17:52,17:46,19:17,19:14
사당당고개,당고개오이도,오이도당고개,당고개오이도
17:56,17:50,19:23,19:19
안산당고개,진접사당,사당진접,진접사당
17:59,17:53,19:29,19:24
사당진접,창동오이도,오이도당고개,당고개오이도
-,17:57,19:35,19:29
-,당고개사당,사당당고개,당고개오이도
18:03,18:00,19:41,19:34
오이도당고개,당고개오이도,오이도당고개,진접사당
18:08,18:04,19:47,19:39
사당당고개,진접사당,사당진접,당고개오이도
18:11,18:08,19:53,19:45
안산당고개,당고개오이도,오이도당고개,진접사당
18:14,18:11,19:59,19:51
사당진접,당고개사당,사당당고개,당고개오이도
18:18,18:15,-,19:57
오이도당고개,당고개오이도,-,당고개사당
18:22,18:18,20:05,20:03
사당당고개,창동사당,오이도당고개,당고개오이도
18:25,18:21,20:11,20:08
오이도당고개,당고개오이도,사당진접,진접사당
18:29,18:25,20:17,20:13
사당진접,진접사당,오이도당고개,당고개오이도
18:32,18:28,20:23,20:18
안산당고개,당고개오이도,사당당고개,당고개안산
18:35,18:31,20:29,20:23
사당당고개,당고개사당,오이도당고개,진접사당
18:39,18:38,20:35,20:28
오이도당고개,당고개오이도,사당진접,당고개오이도
18:43,18:41,20:41,20:33
사당진접,진접사당,오이도당고개,당고개사당
18:46,18:44,20:47,20:38
오이도당고개,당고개오이도,사당진접,당고개오이도
18:50,18:47,20:52,20:43
사당당고개,당고개사당,오이도당고개,당고개오이도
18:53,18:50,-,20:48
오이도당고개,당고개오이도,-,진접사당
18:57,18:53,-,20:53
사당진접,진접사당,-,당고개오이도
-,18:57,-,20:58
-,당고개안산,-,당고개오이도
19:01,19:01,21:00,21:03
오이도당고개,진접사당,오이도당고개,진접사당
19:05,19:04급첫,21:05,21:09
사당당고개,당고개오이도,사당진접,당고개오이도
19:08,19:08,21:11,21:15
오이도당고개,당고개사당,오이도당고개,진접사당
19:12,19:11,21:17,21:21
사당진접,창동오이도,사당당고개,당고개오이도
19:15,19:15,21:23,21:27
오이도당고개,진접사당,오이도당고개,당고개사당
19:18,19:18,21:29,21:33
사당당고개,당고개오이도,사당진접,당고개오이도
19:21,19:22,21:35,21:39
오이도당고개,당고개안산,오이도당고개,진접사당
19:25,19:25,21:41,21:45
사당진접,진접사당,사당당고개,당고개오이도
19:29,19:29,21:47,21:51
오이도당고개,당고개오이도,오이도당고개,당고개사당
19:32,19:33,21:53,21:57
사당당고개,당고개사당,사당진접,당고개오이도
19:36,19:36,21:59,-
오이도당고개,당고개오이도,오이도당고개,-
19:40,19:40,22:05,22:03
사당진접,진접사당,사당당고개,진접사당
19:43,19:43,22:11,22:09
오이도당고개,당고개오이도,오이도당고개,당고개오이도
19:48,19:47,22:17,22:15
사당당고개,당고개사당,사당진접,당고개사당
19:51,19:51,22:23,22:21
오이도당고개,당고개오이도,오이도당고개,당고개오이도
19:56,19:55,22:29,22:27
사당진접,진접사당,사당당고개,진접사당
-,19:59,22:35,22:31
-,당고개오이도,오이도당고개,당고개안산
20:00,20:03,22:43,22:38
오이도당고개,당고개사당,사당진접,당고개오이도
20:04,20:07,22:51,22:45
사당당고개,당고개오이도,오이도당고개,진접사당
20:07,20:11,22:59막,22:54막
오이도당고개,진접사당,사당진접,당고개오이도
20:12,20:15급,23:07,23:00
사당진접,당고개오이도,오이도당고개,진접사당
20:16,20:18,23:15막,23:07
오이도당고개,당고개사당,사당당고개,당고개안산
20:20,20:21,23:23막,23:20
사당당고개,진접사당,오이도노원,당고개사당
20:23,20:25,23:39막,23:30막
오이도당고개,당고개오이도,오이도한성대입구,당고개안산
20:28,20:29,-,23:41
사당진접,당고개사당,-,진접사당
20:32,20:33,-,23:52막
오이도당고개,당고개오이도,-,당고개산본
20:36,20:37,-,-
사당당고개,진접사당,-,-
20:41,20:42,-,-
오이도당고개,당고개오이도,-,-
20:45,20:49,-,-
사당진접,당고개오이도,-,-
20:49,20:52,-,-
안산당고개,진접사당,-,-
20:53,20:55,-,-
사당당고개,당고개안산,-,-
20:58,20:58,-,-
오이도당고개,당고개사당,-,-
21:01,21:02급막,-,-
사당진접,당고개오이도,-,-
21:04,21:06,-,-
오이도당고개,진접사당,-,-
21:09,21:10,-,-
사당당고개,당고개오이도,-,-
21:14,21:15,-,-
오이도당고개,당고개사당,-,-
21:19,21:19,-,-
사당진접,당고개오이도,-,-
21:24,21:24,-,-
안산당고개,진접사당,-,-
21:27,21:29,-,-
오이도당고개,당고개오이도,-,-
21:30,21:34,-,-
사당당고개,당고개안산,-,-
21:33,21:37,-,-
안산당고개,진접사당,-,-
21:36,21:41,-,-
사당진접,창동오이도,-,-
21:38,21:48,-,-
오이도당고개,당고개오이도,-,-
21:43,21:52,-,-
사당당고개,진접사당,-,-
21:51,21:57,-,-
오이도당고개,당고개안산,-,-
21:55,-,-,-
사당진접,-,-,-
22:01,22:04,-,-
사당당고개,당고개오이도,-,-
22:05,22:10,-,-
오이도당고개,진접사당,-,-
22:13,22:17,-,-
오이도당고개,당고개오이도,-,-
22:20,22:22,-,-
사당진접,진접사당,-,-
22:28,22:26,-,-
오이도당고개,당고개안산,-,-
22:35,22:34,-,-
사당당고개,당고개오이도,-,-
22:42,22:38,-,-
오이도당고개,진접사당,-,-
22:49,22:45,-,-
사당진접,당고개오이도,-,-
22:56,22:52,-,-
오이도당고개,진접사당,-,-
-,22:57,-,-
-,당고개오이도,-,-
23:02,23:05,-,-
사당진접,당고개안산,-,-
23:08,23:10,-,-
오이도당고개,진접사당,-,-
23:15,23:21막,-,-
사당진접,당고개오이도,-,-
23:23,23:30,-,-
오이도당고개,진접사당,-,-
23:36,23:36막,-,-
오이도당고개,당고개안산,-,-
23:43,23:43,-,-
사당진접,진접사당,-,-
23:49,23:50,-,-
오이도당고개,당고개사당,-,-
23:57막,-,-,-
사당진접,-,-,-
0:07,00:00막,-,-
오이도당고개,당고개금정,-,-
00:20막,0:13,-,-
사당당고개,진접사당,-,-
00:39막,0:32,-,-
오이도한성대입구,진접사당,-,-
-,00:54막,-,-
-,진접사당,-,-
