동작방면,사당방면,동작방면,사당방면
평일,평일,주말,주말
05:34첫,-,05:34첫,-
남태령진접,-,남태령진접,-
5:45,-,5:47,-
산본당고개,-,사당진접,-
5:54,-,5:58,-
사당당고개,-,산본당고개,-
6:02,06:04첫,6:07,06:05첫
안산당고개,한성대입구오이도,사당진접,한성대입구오이도
6:10,6:16,6:15,6:16
사당당고개,노원오이도,안산당고개,노원사당
6:17,6:21,6:22,6:21
오이도당고개,당고개사당,안산당고개,당고개오이도
6:25,6:27,6:28,6:27
오이도당고개,당고개오이도,사당진접,당고개사당
6:32,6:31,6:34,6:33
사당진접,진접사당,오이도당고개,당고개오이도
6:36,6:36,6:40,6:39
오이도당고개,당고개오이도,사당진접,진접사당
6:40,6:42,6:46,6:45
사당진접,당고개사당,오이도당고개,당고개오이도
6:43,6:47,6:52,6:51
오이도당고개,당고개오이도,사당당고개,진접사당
6:48,6:52,6:58,6:57
오이도당고개,진접사당,오이도당고개,당고개안산
6:52,6:56,7:04,7:03
사당진접,당고개오이도,사당진접,진접사당
6:57,-,7:10,7:09
오이도당고개,-,오이도당고개,당고개오이도
7:01,7:00,7:16,7:15
사당진접,창동사당,사당진접,당고개사당
7:06,7:04,7:22,7:21
오이도당고개,당고개오이도,오이도당고개,당고개오이도
7:10,7:08,7:28,7:27
사당진접,진접사당,사당당고개,진접사당
7:14,7:12,7:34,7:33
오이도당고개,당고개오이도,오이도당고개,당고개오이도
7:18,7:15,7:40,7:39
사당진접,창동사당,사당진접,당고개사당
7:21,7:20,7:46,7:45
오이도당고개,당고개안산,오이도당고개,당고개오이도
7:27,7:24,7:52,7:51
안산당고개,진접사당,사당당고개,당고개오이도
7:31,7:28,7:58,7:57
사당진접,당고개오이도,오이도당고개,진접사당
7:33,7:32,8:03,8:03
오이도당고개,창동사당,안산당고개,당고개오이도
7:37,7:35,8:10,8:09
사당당고개,당고개오이도,오이도당고개,당고개안산
07:40급첫,7:38,8:16,8:15
오이도당고개,진접사당,사당진접,진접사당
7:43,7:41,8:22,8:20
사당진접,당고개안산,오이도당고개,당고개오이도
7:46,7:45,8:28,8:27
안산당고개,당고개사당,오이도당고개,당고개오이도
7:49,7:48,8:34,8:33
사당당고개,당고개오이도,사당당고개,진접사당
7:52,7:53,8:40,8:39
오이도당고개,당고개오이도,오이도당고개,당고개오이도
7:55,7:56,8:46,8:45
사당진접,진접사당,사당당고개,당고개사당
07:58급,7:59,8:52,8:51
오이도당고개,당고개오이도,오이도당고개,당고개오이도
8:03,8:03,8:58,8:57
오이도당고개,당고개사당,사당당고개,진접사당
8:06,8:06,9:04,9:03
사당진접,당고개오이도,오이도당고개,당고개오이도
8:08,8:09,9:09,9:09
안산당고개,창동사당,사당진접,진접사당
8:12,8:12,9:14,9:15
사당당고개,당고개안산,안산당고개,당고개오이도
8:15,8:16,9:19,9:21
오이도당고개,진접사당,오이도당고개,당고개사당
8:19,8:19,9:24,9:27
사당진접,당고개오이도,사당당고개,당고개오이도
8:22,8:23,9:29,9:33
오이도당고개,당고개오이도,오이도당고개,진접사당
8:25,8:26,9:35,9:39
사당진접,진접사당,사당당고개,당고개오이도
8:28,8:29,9:40,9:45
오이도당고개,당고개안산,오이도당고개,진접사당
8:32,8:33,9:46,9:51
오이도당고개,진접사당,사당진접,당고개오이도
8:38,8:36,9:52,9:57
오이도당고개,당고개오이도,오이도당고개,당고개사당
8:41,8:39,9:58,-
사당진접,창동사당,사당진접,-
8:44,8:41,10:04,10:03
오이도당고개,당고개오이도,오이도당고개,당고개오이도
8:47,8:44,10:10,10:09
사당당고개,진접사당,사당당고개,진접사당
08:50급,8:47,10:16,10:15
오이도당고개,창동오이도,오이도당고개,당고개안산
8:52,8:49,10:22,10:21
사당당고개,당고개안산,사당진접,당고개오이도
8:55,8:54,10:28,10:27
오이도당고개,진접사당,오이도당고개,진접사당
8:58,8:59,10:33,10:33
사당진접,당고개오이도,오이도당고개,당고개오이도
09:01급막,9:03,10:39,10:39
오이도당고개,진접사당,사당진접,진접사당
9:05,9:06,10:45,10:45
사당당고개,당고개오이도,오이도당고개,당고개오이도
9:07,9:11,10:51,10:51
오이도당고개,진접사당,사당당고개,진접사당
9:15,9:13,10:57,10:57
오이도당고개,당고개오이도,오이도당고개,당고개오이도
9:19,9:19,11:03,11:03
사당진접,당고개오이도,사당당고개,당고개사당
9:23,9:23,11:09,11:09
안산당고개,진접사당,오이도당고개,당고개오이도
9:30,9:26,11:14,11:15
오이도당고개,당고개안산,사당진접,진접사당
9:33,9:31,11:18,11:21
사당진접,당고개오이도,오이도당고개,당고개오이도
9:38,9:35,11:25,11:27
안산당고개,진접사당,오이도당고개,당고개사당
9:42,9:38,11:29,11:33
사당당고개,당고개오이도,사당진접,당고개오이도
9:46,9:41,11:34,11:39
오이도당고개,진접사당,오이도당고개,진접사당
9:50,9:44,11:39,11:45
사당진접,당고개안산,사당당고개,당고개오이도
9:56,9:50,11:44,11:51
오이도당고개,당고개오이도,오이도당고개,진접사당
-,9:55,11:49,11:57
-,진접사당,오이도당고개,당고개오이도
10:01,10:00,11:54,-
사당당고개,당고개오이도,사당당고개,-
10:06,10:05,11:59,-
오이도당고개,진접사당,오이도당고개,-
10:11,10:10,12:04,12:03
사당진접,당고개오이도,사당진접,당고개사당
10:16,10:15,12:09,12:09
오이도당고개,진접사당,오이도당고개,당고개오이도
10:21,10:20,12:14,12:15
사당진접,당고개오이도,오이도당고개,진접사당
10:26,10:24,12:19,12:21
오이도당고개,당고개안산,사당진접,당고개오이도
10:31,10:29,12:24,12:26
사당당고개,진접사당,오이도당고개,당고개오이도
10:36,10:33,12:29,12:30
오이도당고개,당고개오이도,사당당고개,진접사당
10:42,10:37,12:32,12:34
사당당고개,당고개사당,안산당고개,당고개안산
10:46,10:41,12:39,12:38
오이도당고개,진접사당,오이도당고개,당고개사당
10:51,10:43,12:43,12:42
사당당고개,당고개오이도,사당진접,당고개오이도
10:55,10:48,12:47,12:46
오이도당고개,진접사당,안산당고개,진접사당
10:58,10:53,12:51,12:51
사당진접,당고개오이도,사당당고개,당고개오이도
-,10:59,12:55,12:56
-,당고개사당,오이도당고개,당고개사당
11:02,11:04,12:59,-
사당당고개,당고개오이도,사당진접,-
11:06,11:11,13:04,13:01
오이도당고개,진접사당,오이도당고개,당고개오이도
11:11,11:15,13:09,13:06
사당진접,당고개오이도,사당당고개,진접사당
11:17,11:21,13:14,13:11
오이도당고개,진접사당,오이도당고개,당고개오이도
11:23,11:26,13:19,13:16
사당진접,당고개오이도,사당진접,당고개안산
11:26,11:32,13:24,13:21
오이도당고개,당고개사당,오이도당고개,진접사당
11:29,11:37,13:29,13:26
오이도당고개,당고개오이도,오이도당고개,당고개오이도
11:34,11:42,13:34,13:30
사당진접,진접사당,사당진접,당고개사당
11:39,11:48,13:39,13:34
오이도당고개,당고개오이도,오이도당고개,당고개오이도
11:45,11:54,13:43,13:38
사당진접,진접사당,사당당고개,진접사당
11:53,11:59,13:47,13:42
오이도당고개,당고개오이도,안산당고개,당고개오이도
11:58,-,13:51,13:46
사당진접,-,사당진접,당고개사당
12:03,12:06,13:55,13:51
오이도당고개,당고개오이도,오이도당고개,당고개오이도
12:07,12:12,13:59,13:56
사당진접,진접사당,사당당고개,진접사당
12:13,12:18,14:04,14:01
오이도당고개,당고개오이도,오이도당고개,당고개오이도
12:20,12:24,14:09,14:06
안산당고개,당고개사당,사당진접,당고개오이도
12:25,12:30,14:14,14:11
사당진접,당고개오이도,오이도당고개,진접사당
12:31,12:36,14:19,14:16
오이도당고개,진접사당,오이도당고개,당고개오이도
12:36,12:42,14:24,14:21
사당진접,당고개안산,사당진접,당고개사당
12:41,12:46,14:29,14:26
오이도당고개,진접사당,오이도당고개,당고개안산
12:49,12:49,14:34,14:31
오이도당고개,당고개오이도,사당당고개,당고개오이도
12:54,12:55,14:39,14:35
사당진접,당고개사당,오이도당고개,진접사당
12:59,-,14:44,14:39
오이도당고개,-,오이도당고개,당고개안산
13:04,13:00,14:48,14:43
사당진접,당고개오이도,사당진접,당고개사당
13:10,13:06,14:52,14:47
오이도당고개,진접사당,안산당고개,당고개오이도
13:16,13:11,14:56,14:51
사당당고개,당고개오이도,사당당고개,진접사당
13:24,13:22,-,14:56
오이도당고개,당고개오이도,-,당고개오이도
13:29,13:27,15:00,15:01
사당진접,진접사당,오이도당고개,당고개사당
13:35,13:33,15:04,15:06
오이도당고개,당고개오이도,사당진접,당고개오이도
13:40,13:38,15:09,15:11
사당당고개,진접사당,오이도당고개,진접사당
13:44,13:44,15:14,15:16
오이도당고개,당고개오이도,사당당고개,당고개안산
13:48,13:50,15:19,15:21
사당진접,진접사당,오이도당고개,당고개오이도
13:54,13:55,15:24,15:26
오이도당고개,당고개오이도,사당진접,진접사당
14:00,14:00,15:29,15:31
사당진접,진접사당,오이도당고개,당고개오이도
14:06,14:05,15:34,15:35
오이도당고개,당고개오이도,안산당고개,당고개사당
14:13,14:13,15:39,15:39
사당진접,당고개오이도,사당진접,당고개오이도
14:18,14:19,15:44,15:43
오이도당고개,진접사당,오이도당고개,진접사당
14:24,14:24,15:48,15:47
오이도당고개,당고개오이도,사당당고개,당고개안산
14:30,14:29,15:52,15:51
사당진접,진접사당,오이도당고개,당고개사당
14:36,14:34,15:56,15:56
오이도당고개,당고개오이도,사당진접,당고개오이도
14:42,14:39,16:00,16:01
사당진접,진접사당,오이도당고개,진접사당
14:48,14:42,16:04,16:06
오이도당고개,당고개오이도,사당당고개,당고개오이도
14:52,14:47,16:09,16:11
안산당고개,진접사당,오이도당고개,당고개안산
14:58,14:52,16:14,16:16
사당진접,당고개오이도,사당진접,진접사당
-,14:58,16:18,16:21
-,진접사당,오이도당고개,당고개오이도
15:03,15:03,16:25,16:26
오이도당고개,당고개오이도,오이도당고개,당고개사당
15:08,15:11,16:29,16:31
사당당고개,당고개사당,사당당고개,당고개안산
15:13,15:17,16:34,16:36
오이도당고개,당고개오이도,오이도당고개,당고개오이도
15:20,15:23,16:39,16:40
사당진접,진접사당,사당진접,진접사당
15:27,15:28,16:44,16:44
오이도당고개,당고개오이도,안산당고개,당고개안산
15:32,15:33,16:49,16:48
사당진접,당고개사당,오이도당고개,당고개사당
15:38,15:37,16:53,16:52
오이도당고개,당고개오이도,사당당고개,당고개오이도
15:42,15:43,16:58,16:56
사당당고개,진접사당,오이도당고개,진접사당
15:46,15:48,17:01,17:01
오이도당고개,당고개오이도,사당진접,당고개오이도
15:49,15:54,17:05,17:06
사당진접,진접사당,안산당고개,당고개사당
15:52,15:59,17:09,17:11
안산당고개,당고개오이도,사당당고개,당고개오이도
15:56,-,17:14,17:16
사당당고개,-,오이도당고개,진접사당
16:00,16:07,17:19,17:21
오이도당고개,진접사당,사당진접,당고개오이도
16:06,16:11,17:24,17:26
사당진접,당고개오이도,오이도당고개,당고개오이도
16:12,16:17,17:29,17:31
오이도당고개,당고개오이도,사당진접,진접사당
16:18,16:24,17:32,17:36
사당진접,진접사당,안산당고개,당고개오이도
16:23,16:30,17:39,17:41
오이도당고개,당고개오이도,오이도당고개,당고개사당
16:29,16:36,17:44,17:46
오이도당고개,진접사당,사당진접,당고개오이도
16:35,16:41,17:49,17:51
사당진접,당고개오이도,안산당고개,당고개오이도
16:41,16:46,17:54,17:56
오이도당고개,당고개오이도,오이도당고개,진접사당
16:48,16:52,17:59,-
사당진접,진접사당,사당진접,-
16:52,16:56,18:05,18:01
오이도당고개,당고개오이도,오이도당고개,당고개오이도
16:59,-,18:11,18:06
오이도당고개,-,사당당고개,진접사당
17:03,17:01,18:16,18:11
사당진접,당고개사당,오이도당고개,당고개오이도
17:08,17:06,18:21,18:16
오이도당고개,당고개오이도,사당진접,당고개오이도
17:13,17:13,18:26,18:21
사당진접,진접사당,오이도당고개,진접사당
17:19,17:20,18:31,18:27
오이도당고개,당고개오이도,안산당고개,당고개오이도
17:24,17:25,18:36,18:33
사당진접,진접사당,사당진접,당고개사당
17:28,17:30,18:41,18:39
안산당고개,당고개오이도,오이도당고개,당고개오이도
17:33,17:34,18:47,18:45
오이도당고개,당고개사당,사당당고개,진접사당
17:38,17:38,18:53,18:51
사당진접,당고개오이도,오이도당고개,당고개오이도
17:42,17:42,18:59,18:58
오이도당고개,진접사당,사당진접,당고개오이도
17:46,17:45,19:05,19:03
사당당고개,당고개오이도,안산당고개,진접사당
17:49,17:49,19:11,19:09
안산당고개,당고개사당,오이도당고개,당고개오이도
17:53,17:52,19:17,19:15
사당진접,당고개오이도,사당진접,당고개사당
17:57,17:56,19:23,19:20
오이도당고개,진접사당,오이도당고개,당고개오이도
18:01,18:00,19:29,19:25
사당당고개,창동오이도,사당당고개,진접사당
18:04,18:03,19:35,19:30
안산당고개,당고개사당,오이도당고개,당고개오이도
18:08,18:07,19:41,19:35
사당진접,당고개오이도,사당진접,당고개오이도
18:12,18:10,19:47,19:40
오이도당고개,진접사당,오이도당고개,진접사당
18:15,18:14,19:53,19:45
사당당고개,당고개오이도,사당당고개,당고개오이도
18:19,18:18,19:59,19:51
오이도당고개,당고개사당,오이도당고개,진접사당
18:22,18:21,-,19:57
사당진접,당고개오이도,-,당고개오이도
18:25,18:25,20:05,20:03
안산당고개,창동사당,사당진접,당고개사당
18:29,18:28,20:11,20:09
사당당고개,당고개오이도,오이도당고개,당고개오이도
18:33,18:31,20:17,20:14
오이도당고개,진접사당,사당당고개,진접사당
18:37,18:34,20:23,20:19
사당진접,당고개오이도,오이도당고개,당고개오이도
18:40,18:38,20:29,20:24
오이도당고개,당고개사당,사당진접,당고개안산
18:43,18:44,20:35,20:29
사당당고개,당고개오이도,오이도당고개,진접사당
18:47,18:47,20:41,20:34
오이도당고개,진접사당,사당진접,당고개오이도
18:51,18:50,20:46,20:39
사당진접,당고개오이도,오이도당고개,당고개사당
18:55,18:53,20:54,20:44
오이도당고개,당고개사당,오이도당고개,당고개오이도
18:59,18:56,20:59,20:49
사당당고개,당고개오이도,사당진접,당고개오이도
19:01,19:00,-,20:54
오이도당고개,진접사당,-,진접사당
19:06,19:03,-,20:59
사당진접,당고개안산,-,당고개오이도
19:09,19:07,21:05,21:04
오이도당고개,진접사당,오이도당고개,당고개오이도
19:12,19:10급첫,21:11,21:09
사당당고개,당고개오이도,사당당고개,진접사당
19:15,19:14,21:17,21:15
오이도당고개,당고개사당,오이도당고개,당고개오이도
19:19,19:18,21:23,21:21
사당진접,창동오이도,사당진접,진접사당
19:23,19:21,21:29,21:27
오이도당고개,진접사당,오이도당고개,당고개오이도
19:26,19:24,21:35,21:33
사당당고개,당고개오이도,사당당고개,당고개사당
19:29,19:28,21:41,21:39
오이도당고개,당고개안산,오이도당고개,당고개오이도
19:33,19:32,21:47,21:45
사당진접,진접사당,사당진접,진접사당
19:37,19:35,21:53,21:51
오이도당고개,당고개오이도,오이도당고개,당고개오이도
19:42,19:39,21:59,21:57
사당당고개,당고개사당,사당당고개,당고개사당
19:45,19:42,22:05,22:03
오이도당고개,당고개오이도,오이도당고개,당고개오이도
19:49,19:46,22:11,22:09
사당진접,진접사당,사당진접,진접사당
19:54,19:49,22:17,22:15
오이도당고개,당고개오이도,오이도당고개,당고개오이도
19:58,19:53,22:23,22:21
사당당고개,당고개사당,사당당고개,당고개사당
-,19:57,22:29,22:27
-,당고개오이도,오이도당고개,당고개오이도
20:01,20:01,22:37,22:33
오이도당고개,진접사당,사당진접,진접사당
20:05,20:05,22:45,22:37
사당진접,당고개오이도,오이도당고개,당고개안산
20:10,20:09,22:53막,22:44
오이도당고개,당고개사당,사당진접,당고개오이도
20:14,20:13,-,22:51
사당당고개,당고개오이도,-,진접사당
20:17,20:17,23:01,23:00막
오이도당고개,진접사당,오이도당고개,당고개오이도
20:21,20:21급,23:09막,23:06
사당진접,당고개오이도,사당당고개,진접사당
20:26,20:24,23:17막,23:13
오이도당고개,당고개사당,오이도노원,당고개안산
20:30,20:28,23:33막,23:26
사당당고개,진접사당,오이도한성대입구,당고개사당
20:35,20:32,-,23:36막
오이도당고개,당고개오이도,-,당고개안산
20:39,20:36,-,23:47
사당진접,당고개사당,-,진접사당
20:42,20:39,-,23:58막
안산당고개,당고개오이도,-,당고개산본
20:47,20:43,-,-
사당당고개,진접사당,-,-
20:52,20:48,-,-
오이도당고개,당고개오이도,-,-
20:55,20:55,-,-
사당진접,당고개오이도,-,-
20:58,20:58,-,-
오이도당고개,진접사당,-,-
21:03,21:01,-,-
사당당고개,당고개안산,-,-
21:08,21:05,-,-
오이도당고개,당고개사당,-,-
21:13,21:08급막,-,-
사당진접,당고개오이도,-,-
21:17,21:13,-,-
안산당고개,진접사당,-,-
21:21,21:16,-,-
오이도당고개,당고개오이도,-,-
21:24,21:21,-,-
사당당고개,당고개사당,-,-
21:27,21:25,-,-
안산당고개,당고개오이도,-,-
21:29,21:30,-,-
사당진접,진접사당,-,-
21:32,21:35,-,-
오이도당고개,당고개오이도,-,-
21:37,21:40,-,-
사당당고개,당고개안산,-,-
21:45,21:43,-,-
오이도당고개,진접사당,-,-
21:49,21:47,-,-
사당진접,창동오이도,-,-
21:55,21:54,-,-
사당당고개,당고개오이도,-,-
21:59,21:58,-,-
오이도당고개,진접사당,-,-
22:07,22:03,-,-
오이도당고개,당고개안산,-,-
22:14,22:10,-,-
사당진접,당고개오이도,-,-
22:22,22:16,-,-
오이도당고개,진접사당,-,-
22:29,22:23,-,-
사당당고개,당고개오이도,-,-
22:36,22:28,-,-
오이도당고개,진접사당,-,-
22:43,22:32,-,-
사당진접,당고개안산,-,-
22:50,22:40,-,-
오이도당고개,당고개오이도,-,-
22:56,22:44,-,-
사당진접,진접사당,-,-
-,22:51,-,-
-,당고개오이도,-,-
-,22:58,-,-
-,진접사당,-,-
23:02,23:03,-,-
오이도당고개,당고개오이도,-,-
23:09,23:11,-,-
사당진접,당고개안산,-,-
23:17,23:16,-,-
오이도당고개,진접사당,-,-
23:30,23:27막,-,-
오이도당고개,당고개오이도,-,-
23:37,23:36,-,-
사당진접,진접사당,-,-
23:43,23:42막,-,-
오이도당고개,당고개안산,-,-
23:51막,23:49,-,-
사당진접,진접사당,-,-
-,23:56,-,-
-,당고개사당,-,-
0:00,00:06막,-,-
오이도당고개,당고개금정,-,-
00:14막,0:19,-,-
사당당고개,진접사당,-,-
00:33막,0:38,-,-
오이도한성대입구,진접사당,-,-
-,01:00막,-,-
-,진접사당,-,-
