﻿마포방면,애오개방면,마포방면,애오개방면
평일,평일,주말,주말
05:39첫,05:52첫,05:39첫,05:52첫
애오개방화,화곡하남검단산,애오개방화,화곡하남검단산
5:50,05:59첫,5:50,05:59첫
왕십리방화,화곡마천,왕십리방화,화곡마천
6:00,6:07,6:00,6:07
군자방화,방화하남검단산,군자방화,방화하남검단산
6:09,6:14,6:09,6:14
강동방화,방화마천,강동방화,방화마천
6:16,6:21,6:16,6:22
상일동방화,방화하남검단산,상일동방화,방화하남검단산
6:21,6:28,6:24,6:29
마천방화,방화마천,마천방화,방화마천
6:29,6:35,6:32,6:36
하남검단산방화,방화하남검단산,하남검단산방화,방화하남검단산
6:35,6:41,6:39,6:43
마천방화,방화마천,마천방화,방화마천
6:40,6:48,6:46,6:50
상일동방화,방화하남검단산,상일동방화,방화하남검단산
6:46,6:54,6:53,6:57
마천방화,방화마천,마천방화,방화마천
6:52,-,7:00,7:04
하남검단산방화,-,하남검단산방화,방화하남검단산
6:58,-,7:07,7:11
마천방화,-,마천방화,방화마천
7:04,7:00,7:14,7:18
상일동방화,방화하남검단산,상일동방화,방화하남검단산
7:09,7:05,7:21,7:25
마천방화,방화마천,마천방화,방화마천
7:15,7:12,7:28,7:32
하남검단산방화,방화하남검단산,하남검단산방화,방화하남검단산
7:20,7:17,7:35,7:39
마천방화,방화마천,마천방화,방화마천
7:25,7:23,7:42,7:45
상일동방화,방화하남검단산,하남검단산방화,방화하남검단산
7:30,7:28,7:49,7:52
마천방화,방화마천,마천방화,방화마천
7:35,7:33,7:55,7:58
하남검단산방화,방화하남검단산,하남검단산방화,방화하남검단산
7:40,7:37,8:02,8:05
마천방화,방화마천,마천방화,방화마천
7:45,7:42,8:08,8:11
하남검단산방화,방화하남검단산,하남검단산방화,방화하남검단산
7:49,7:46,8:15,8:18
마천방화,방화마천,마천방화,방화마천
7:54,7:51,8:21,8:24
하남검단산방화,방화하남검단산,하남검단산방화,방화하남검단산
7:58,7:55,8:28,8:31
마천방화,방화마천,마천방화,방화마천
8:03,8:00,8:34,8:37
상일동방화,방화상일동,하남검단산방화,방화하남검단산
8:07,8:05,8:41,8:44
마천방화,방화마천,마천방화,방화마천
8:11,8:09,8:47,8:50
하남검단산방화,방화하남검단산,하남검단산방화,방화하남검단산
8:15,8:13,8:54,8:57
마천방화,방화마천,마천방화,방화마천
8:19,8:17,9:00,9:03
하남검단산방화,방화하남검단산,하남검단산방화,방화하남검단산
8:23,8:21,9:07,9:10
마천방화,방화마천,마천방화,방화마천
8:26,8:24,9:13,9:16
하남검단산방화,방화상일동,하남검단산방화,방화하남검단산
8:29,8:28,9:20,9:23
마천방화,방화마천,마천방화,방화마천
8:33,8:31,9:26,9:29
상일동방화,방화하남검단산,하남검단산방화,방화하남검단산
8:36,8:35,9:33,9:36
마천방화,방화마천,마천방화,방화마천
8:40,8:38,9:39,9:42
하남검단산방화,방화하남검단산,하남검단산방화,방화하남검단산
8:42,8:41,9:46,9:49
마천방화,방화마천,마천방화,방화마천
8:45,8:44,9:52,9:55
하남검단산방화,방화상일동,하남검단산방화,방화하남검단산
8:47,8:47,9:59,-
마천방화,방화마천,마천방화,-
8:50,8:50,10:05,10:02
상일동방화,방화하남검단산,하남검단산방화,방화마천
8:52,8:53,10:12,10:08
하남검단산방화,방화마천,마천방화,방화하남검단산
8:55,8:56,10:18,10:15
마천방화,방화상일동,하남검단산방화,방화마천
8:57,8:59,10:25,10:21
상일동방화,방화마천,마천방화,방화하남검단산
9:00,9:03,10:31,10:28
마천방화,방화하남검단산,하남검단산방화,방화마천
9:03,9:06,10:38,10:34
하남검단산방화,방화마천,마천방화,방화하남검단산
9:05,9:10,10:44,10:41
상일동방화,방화하남검단산,하남검단산방화,방화마천
9:08,9:14,10:51,10:47
마천방화,방화마천,마천방화,방화하남검단산
9:12,9:18,10:57,10:54
하남검단산방화,방화하남검단산,하남검단산방화,방화마천
9:15,9:21,11:04,11:00
마천방화,방화마천,마천방화,방화하남검단산
9:18,9:25,11:10,11:07
하남검단산방화,방화상일동,하남검단산방화,방화마천
9:22,9:29,11:17,11:13
마천방화,방화마천,마천방화,방화하남검단산
9:26,9:33,11:23,11:20
하남검단산방화,방화하남검단산,하남검단산방화,방화마천
9:30,9:37,11:30,11:26
마천방화,방화마천,마천방화,방화하남검단산
9:34,9:41,11:36,11:33
하남검단산방화,방화하남검단산,하남검단산방화,방화마천
9:38,9:45,11:43,11:39
마천방화,방화마천,마천방화,방화하남검단산
9:42,9:50,11:49,11:46
하남검단산방화,방화하남검단산,하남검단산방화,방화마천
9:47,9:55,11:56,11:52
마천방화,방화마천,마천방화,방화하남검단산
9:51,-,-,11:59
하남검단산방화,-,-,방화마천
9:57,-,12:02,12:05
마천방화,-,하남검단산방화,방화하남검단산
10:01,10:00,12:09,12:12
하남검단산방화,방화하남검단산,마천방화,방화마천
10:07,10:05,12:15,12:18
마천방화,방화마천,하남검단산방화,방화하남검단산
10:12,10:10,12:22,12:25
하남검단산방화,방화하남검단산,마천방화,방화마천
10:17,10:15,12:28,12:31
마천방화,방화마천,하남검단산방화,방화하남검단산
10:22,10:20,12:35,12:38
하남검단산방화,방화하남검단산,마천방화,방화마천
10:28,10:27,12:41,12:44
마천방화,방화마천,하남검단산방화,방화하남검단산
10:34,10:33,12:48,12:51
하남검단산방화,방화하남검단산,마천방화,방화마천
10:39,10:40,12:54,12:57
마천방화,방화마천,하남검단산방화,방화하남검단산
10:45,10:46,13:01,13:04
하남검단산방화,방화하남검단산,마천방화,방화마천
10:51,10:52,13:07,13:10
마천방화,방화마천,하남검단산방화,방화하남검단산
10:57,10:59,13:14,13:17
하남검단산방화,방화하남검단산,마천방화,방화마천
11:03,11:06,13:20,13:23
마천방화,방화마천,하남검단산방화,방화하남검단산
11:09,11:12,13:27,13:30
하남검단산방화,방화하남검단산,마천방화,방화마천
11:16,11:19,13:33,13:36
마천방화,방화마천,하남검단산방화,방화하남검단산
11:22,11:25,13:40,13:43
하남검단산방화,방화하남검단산,마천방화,방화마천
11:29,11:32,13:46,13:49
마천방화,방화마천,하남검단산방화,방화하남검단산
11:35,11:38,13:53,13:56
하남검단산방화,방화하남검단산,마천방화,방화마천
11:42,11:45,13:59,-
마천방화,방화마천,하남검단산방화,-
11:48,11:51,14:06,14:02
하남검단산방화,방화하남검단산,마천방화,방화하남검단산
11:55,11:58,14:12,14:09
마천방화,방화마천,하남검단산방화,방화마천
12:01,12:04,14:19,14:15
하남검단산방화,방화하남검단산,마천방화,방화하남검단산
12:08,12:11,14:25,14:22
마천방화,방화마천,하남검단산방화,방화마천
12:14,12:17,14:32,14:28
하남검단산방화,방화하남검단산,마천방화,방화하남검단산
12:21,12:24,14:38,14:35
마천방화,방화마천,하남검단산방화,방화마천
12:27,12:30,14:45,14:41
하남검단산방화,방화하남검단산,마천방화,방화하남검단산
12:34,12:37,14:51,14:48
마천방화,방화마천,하남검단산방화,방화마천
12:40,12:43,14:58,14:54
하남검단산방화,방화하남검단산,마천방화,방화하남검단산
12:47,12:50,15:04,15:01
마천방화,방화마천,하남검단산방화,방화마천
12:53,12:56,15:11,15:07
하남검단산방화,방화하남검단산,마천방화,방화하남검단산
13:00,13:03,15:17,15:14
마천방화,방화마천,하남검단산방화,방화마천
13:06,13:09,15:24,15:20
하남검단산방화,방화하남검단산,마천방화,방화하남검단산
13:13,13:16,15:30,15:27
마천방화,방화마천,하남검단산방화,방화마천
13:19,13:22,15:37,15:33
하남검단산방화,방화하남검단산,마천방화,방화하남검단산
13:26,13:29,15:43,15:40
마천방화,방화마천,하남검단산방화,방화마천
13:32,13:35,15:50,15:46
하남검단산방화,방화하남검단산,마천방화,방화하남검단산
13:39,13:42,15:56,15:53
마천방화,방화마천,하남검단산방화,방화마천
13:45,13:48,-,15:59
하남검단산방화,방화하남검단산,-,방화하남검단산
13:52,13:55,16:03,16:06
마천방화,방화마천,마천방화,방화마천
13:58,-,16:09,16:12
하남검단산방화,-,하남검단산방화,방화하남검단산
14:05,14:01,16:16,16:19
마천방화,방화하남검단산,마천방화,방화마천
14:11,14:08,16:22,16:25
하남검단산방화,방화마천,하남검단산방화,방화하남검단산
14:18,14:14,16:29,16:32
마천방화,방화하남검단산,마천방화,방화마천
14:24,14:21,16:35,16:38
하남검단산방화,방화마천,하남검단산방화,방화하남검단산
14:31,14:27,16:42,16:45
마천방화,방화하남검단산,마천방화,방화마천
14:37,14:34,16:48,16:51
하남검단산방화,방화마천,하남검단산방화,방화하남검단산
14:44,14:40,16:55,16:58
마천방화,방화하남검단산,마천방화,방화마천
14:50,14:47,17:01,17:04
하남검단산방화,방화마천,하남검단산방화,방화하남검단산
14:57,14:53,17:08,17:11
마천방화,방화하남검단산,마천방화,방화마천
15:03,15:00,17:14,17:17
하남검단산방화,방화마천,하남검단산방화,방화하남검단산
15:10,15:06,17:21,17:24
마천방화,방화하남검단산,마천방화,방화마천
15:16,15:13,17:27,17:30
하남검단산방화,방화마천,하남검단산방화,방화하남검단산
15:23,15:19,17:34,17:37
마천방화,방화하남검단산,마천방화,방화마천
15:29,15:26,17:40,17:43
하남검단산방화,방화마천,하남검단산방화,방화하남검단산
15:36,15:32,17:47,17:50
마천방화,방화하남검단산,마천방화,방화마천
15:42,15:39,17:53,17:56
하남검단산방화,방화마천,하남검단산방화,방화하남검단산
15:49,15:45,18:00,18:03
마천방화,방화하남검단산,마천방화,방화마천
15:55,15:52,18:06,18:09
하남검단산방화,방화마천,하남검단산방화,방화하남검단산
-,15:58,18:13,18:16
-,방화하남검단산,마천방화,방화마천
16:02,16:05,18:19,18:22
마천방화,방화마천,하남검단산방화,방화하남검단산
16:08,16:11,18:26,18:29
하남검단산방화,방화하남검단산,마천방화,방화마천
16:15,16:18,18:32,18:35
마천방화,방화마천,하남검단산방화,방화하남검단산
16:21,16:24,18:39,18:42
하남검단산방화,방화하남검단산,마천방화,방화마천
16:28,16:31,18:45,18:48
마천방화,방화마천,하남검단산방화,방화하남검단산
16:34,16:37,18:52,18:55
하남검단산방화,방화하남검단산,마천방화,방화마천
16:41,16:44,18:58,-
마천방화,방화마천,하남검단산방화,-
16:47,16:50,19:05,19:01
하남검단산방화,방화하남검단산,마천방화,방화하남검단산
16:54,16:57,19:11,19:08
마천방화,방화마천,하남검단산방화,방화마천
17:00,17:03,19:18,19:14
하남검단산방화,방화하남검단산,마천방화,방화하남검단산
17:07,17:09,19:24,19:21
마천방화,방화마천,하남검단산방화,방화마천
17:13,17:15,19:31,19:27
하남검단산방화,방화하남검단산,마천방화,방화하남검단산
17:20,17:21,19:37,19:34
마천방화,방화마천,하남검단산방화,방화마천
17:26,17:27,19:44,19:40
하남검단산방화,방화하남검단산,마천방화,방화하남검단산
17:33,17:32,19:50,19:47
마천방화,방화마천,하남검단산방화,방화마천
17:39,17:37,19:57,19:53
하남검단산방화,방화하남검단산,마천방화,방화하남검단산
17:46,17:41,20:03,20:00
마천방화,방화마천,하남검단산방화,방화마천
17:52,17:45,20:10,20:06
하남검단산방화,방화하남검단산,마천방화,방화하남검단산
17:57,17:49,20:16,20:13
마천방화,방화마천,하남검단산방화,방화마천
-,17:53,20:23,20:19
-,방화하남검단산,마천방화,방화하남검단산
-,17:56,20:29,20:26
-,방화마천,하남검단산방화,방화마천
18:02,18:00,20:36,20:32
하남검단산방화,방화하남검단산,마천방화,방화하남검단산
18:06,18:03,20:42,20:39
마천방화,방화마천,하남검단산방화,방화마천
18:10,18:07,20:49,20:45
하남검단산방화,방화하남검단산,마천방화,방화하남검단산
18:14,18:10,20:55,20:52
마천방화,방화마천,하남검단산방화,방화마천
18:17,18:13,-,20:58
상일동방화,방화하남검단산,-,방화하남검단산
18:22,18:16,21:02,21:05
마천방화,방화마천,마천방화,방화마천
18:25,18:19,21:08,21:11
하남검단산방화,방화하남검단산,하남검단산방화,방화하남검단산
18:29,18:22,21:15,21:18
마천방화,방화마천,마천방화,방화마천
18:32,18:25,21:21,21:24
하남검단산방화,방화하남검단산,하남검단산방화,방화하남검단산
18:36,18:28,21:28,21:31
마천방화,방화마천,마천방화,방화마천
18:39,18:31,21:34,21:37
상일동방화,방화하남검단산,하남검단산방화,방화하남검단산
18:42,18:34,21:41,21:44
마천방화,방화마천,마천방화,방화마천
18:45,18:37,21:47,21:50
하남검단산방화,방화하남검단산,하남검단산방화,방화하남검단산
18:48,18:40,21:54,21:57
마천방화,방화마천,마천방화,방화마천
18:52,18:43,22:00,22:03
하남검단산방화,방화하남검단산,하남검단산방화,방화하남검단산
18:56,18:46,22:07,22:10
마천방화,방화마천,마천방화,방화마천
-,18:50,22:13,22:17
-,방화하남검단산,하남검단산방화,방화하남검단산
-,18:55,22:20,22:24
-,방화마천,마천방화,방화마천
19:00,19:00,22:26,22:32
하남검단산방화,방화하남검단산,하남검단산방화,방화하남검단산
19:04,19:05,22:33,22:39
마천방화,방화마천,마천방화,방화마천
19:08,19:10,22:40,22:47
상일동방화,방화하남검단산,하남검단산방화,방화상일동
19:12,19:16,22:47,22:55
마천방화,방화마천,마천방화,방화마천
19:16,19:22,22:55,-
하남검단산방화,방화하남검단산,하남검단산방화,-
19:20,19:28,23:04,23:03막
마천방화,방화마천,마천방화,방화하남검단산
19:25,19:35,23:13,23:11막
하남검단산방화,방화하남검단산,하남검단산방화,방화마천
19:32,19:41,23:23,23:21
마천방화,방화마천,마천방화,방화상일동
19:38,19:48,23:33막,23:29막
하남검단산방화,방화하남검단산,하남검단산방화,방화상일동
19:44,19:54,23:45막,23:37막
마천방화,방화마천,마천화곡,방화군자
19:51,-,23:54막,23:45막
하남검단산방화,-,하남검단산여의도,방화왕십리
19:57,-,-,23:57막
마천방화,-,-,방화애오개
20:04,20:02,-,-
하남검단산방화,방화하남검단산,-,-
20:10,20:07,-,-
마천방화,방화마천,-,-
20:17,20:14,-,-
하남검단산방화,방화하남검단산,-,-
20:23,20:20,-,-
마천방화,방화마천,-,-
20:30,20:27,-,-
하남검단산방화,방화하남검단산,-,-
20:36,20:33,-,-
마천방화,방화마천,-,-
20:43,20:40,-,-
하남검단산방화,방화하남검단산,-,-
20:49,20:46,-,-
마천방화,방화마천,-,-
20:56,20:53,-,-
하남검단산방화,방화하남검단산,-,-
-,20:59,-,-
-,방화마천,-,-
21:02,21:06,-,-
마천방화,방화하남검단산,-,-
21:09,21:12,-,-
하남검단산방화,방화마천,-,-
21:15,21:19,-,-
마천방화,방화하남검단산,-,-
21:22,21:25,-,-
하남검단산방화,방화마천,-,-
21:28,21:32,-,-
마천방화,방화하남검단산,-,-
21:35,21:38,-,-
하남검단산방화,방화마천,-,-
21:41,21:45,-,-
마천방화,방화하남검단산,-,-
21:48,21:51,-,-
하남검단산방화,방화마천,-,-
21:54,21:58,-,-
마천방화,방화하남검단산,-,-
22:01,22:04,-,-
하남검단산방화,방화마천,-,-
22:07,22:11,-,-
마천방화,방화하남검단산,-,-
22:14,22:17,-,-
하남검단산방화,방화마천,-,-
22:21,22:26,-,-
마천방화,방화하남검단산,-,-
22:28,22:33,-,-
하남검단산방화,방화마천,-,-
22:35,22:41,-,-
마천방화,방화하남검단산,-,-
22:42,22:48,-,-
하남검단산방화,방화마천,-,-
22:49,22:57,-,-
마천방화,방화하남검단산,-,-
22:57,-,-,-
하남검단산방화,-,-,-
23:05,23:05,-,-
마천방화,방화마천,-,-
23:13,23:13,-,-
하남검단산방화,방화하남검단산,-,-
23:21,23:22,-,-
마천방화,방화마천,-,-
23:31,23:31,-,-
하남검단산방화,방화하남검단산,-,-
23:43,23:40,-,-
마천방화,방화마천,-,-
23:55,23:49막,-,-
하남검단산방화,방화하남검단산,-,-
-,23:57막,-,-
-,방화마천,-,-
0:08,0:05,-,-
마천방화,방화군자,-,-
00:22막,00:13막,-,-
하남검단산방화,방화상일동,-,-
00:42막,00:31막,-,-
마천여의도,방화군자,-,-
-,00:51막,-,-
-,방화애오개,-,-
