마장방면,장한평방면,마장방면,장한평방면
평일,평일,주말,주말
05:36첫,05:47첫,05:36첫,05:47첫
군자방화,왕십리하남검단산,군자방화,왕십리하남검단산
5:44,-,5:44,-
강동방화,-,강동방화,-
5:52,-,5:52,-
상일동방화,-,상일동방화,-
5:57,-,6:00,06:02첫
마천방화,-,마천방화,애오개마천
6:05,06:02첫,6:08,6:16
하남검단산방화,애오개마천,하남검단산방화,화곡하남검단산
6:11,6:16,6:15,6:23
마천방화,화곡하남검단산,마천방화,화곡마천
6:16,6:23,6:22,6:31
상일동방화,화곡마천,상일동방화,방화하남검단산
6:22,6:31,6:29,6:38
마천방화,방화하남검단산,마천방화,방화마천
6:28,6:38,6:36,6:46
하남검단산방화,방화마천,하남검단산방화,방화하남검단산
6:34,6:45,6:43,6:53
마천방화,방화하남검단산,마천방화,방화마천
6:39,6:52,6:50,-
상일동방화,방화마천,상일동방화,-
6:45,6:59,6:57,-
마천방화,방화하남검단산,마천방화,-
6:50,-,7:04,7:00
하남검단산방화,-,하남검단산방화,방화하남검단산
6:56,-,7:11,7:07
마천방화,-,마천방화,방화마천
7:01,7:05,7:18,7:14
상일동방화,방화마천,하남검단산방화,방화하남검단산
7:06,7:12,7:25,7:21
마천방화,방화하남검단산,마천방화,방화마천
7:11,7:18,7:31,7:28
하남검단산방화,방화마천,하남검단산방화,방화하남검단산
7:16,7:24,7:38,7:35
마천방화,방화하남검단산,마천방화,방화마천
7:20,7:29,7:44,7:42
하남검단산방화,방화마천,하남검단산방화,방화하남검단산
7:25,7:36,7:51,7:49
마천방화,방화하남검단산,마천방화,방화마천
7:29,7:41,7:57,7:56
하남검단산방화,방화마천,하남검단산방화,방화하남검단산
7:34,7:47,8:04,8:03
마천방화,방화하남검단산,마천방화,방화마천
7:38,7:52,8:10,8:09
상일동방화,방화마천,하남검단산방화,방화하남검단산
7:42,7:57,8:17,8:16
마천방화,방화하남검단산,마천방화,방화마천
7:46,-,8:23,8:22
하남검단산방화,-,하남검단산방화,방화하남검단산
7:50,-,8:30,8:29
마천방화,-,마천방화,방화마천
7:54,-,8:36,8:35
하남검단산방화,-,하남검단산방화,방화하남검단산
7:57,-,8:43,8:42
마천방화,-,마천방화,방화마천
8:01,8:01,8:49,8:48
하남검단산방화,방화마천,하남검단산방화,방화하남검단산
8:04,8:06,8:56,8:55
마천방화,방화하남검단산,마천방화,방화마천
8:07,8:11,9:02,9:01
상일동방화,방화마천,하남검단산방화,방화하남검단산
8:10,8:15,9:09,9:08
마천방화,방화하남검단산,마천방화,방화마천
8:14,8:20,9:15,9:14
하남검단산방화,방화마천,하남검단산방화,방화하남검단산
8:16,8:25,9:22,9:21
마천방화,방화상일동,마천방화,방화마천
8:19,8:29,9:28,9:27
하남검단산방화,방화마천,하남검단산방화,방화하남검단산
8:21,8:33,9:35,9:34
마천방화,방화하남검단산,마천방화,방화마천
8:24,8:37,9:41,9:40
상일동방화,방화마천,하남검단산방화,방화하남검단산
8:26,8:41,9:48,9:47
하남검단산방화,방화하남검단산,마천방화,방화마천
8:29,8:45,9:54,9:53
마천방화,방화마천,하남검단산방화,방화하남검단산
8:31,8:49,10:01,10:00
상일동방화,방화상일동,마천방화,방화마천
8:34,8:52,10:07,10:06
마천방화,방화마천,하남검단산방화,방화하남검단산
8:37,8:56,10:14,10:13
하남검단산방화,방화하남검단산,마천방화,방화마천
8:39,8:59,10:20,10:19
상일동방화,방화마천,하남검단산방화,방화하남검단산
8:43,-,10:27,10:26
마천방화,-,마천방화,방화마천
8:46,-,10:33,10:32
하남검단산방화,-,하남검단산방화,방화하남검단산
8:50,-,10:40,10:39
마천방화,-,마천방화,방화마천
8:53,-,10:46,10:45
하남검단산방화,-,하남검단산방화,방화하남검단산
8:57,-,10:53,10:52
마천방화,-,마천방화,방화마천
9:01,9:03,10:59,10:58
하남검단산방화,방화하남검단산,하남검단산방화,방화하남검단산
9:05,9:06,11:06,11:05
마천방화,방화마천,마천방화,방화마천
9:09,9:08,11:12,11:11
하남검단산방화,방화상일동,하남검단산방화,방화하남검단산
9:13,9:11,11:19,11:18
마천방화,방화마천,마천방화,방화마천
9:18,9:14,11:25,11:24
하남검단산방화,방화하남검단산,하남검단산방화,방화하남검단산
9:22,9:17,11:32,11:31
마천방화,방화마천,마천방화,방화마천
9:27,9:21,11:38,11:37
하남검단산방화,방화상일동,하남검단산방화,방화하남검단산
9:32,9:24,11:45,11:44
마천방화,방화마천,마천방화,방화마천
9:37,9:27,11:51,11:50
하남검단산방화,방화하남검단산,하남검단산방화,방화하남검단산
9:42,9:31,11:58,11:57
마천방화,방화마천,마천방화,방화마천
9:47,9:34,12:04,12:03
하남검단산방화,방화하남검단산,하남검단산방화,방화하남검단산
9:53,9:38,12:11,12:10
마천방화,방화마천,마천방화,방화마천
9:58,9:42,12:17,12:16
하남검단산방화,방화하남검단산,하남검단산방화,방화하남검단산
-,9:46,12:24,12:23
-,방화마천,마천방화,방화마천
-,9:50,12:30,12:29
-,방화상일동,하남검단산방화,방화하남검단산
-,9:54,12:37,12:36
-,방화마천,마천방화,방화마천
-,9:58,12:43,12:42
-,방화하남검단산,하남검단산방화,방화하남검단산
10:04,10:02,12:50,12:49
마천방화,방화마천,마천방화,방화마천
10:09,10:05,12:56,12:55
하남검단산방화,방화하남검단산,하남검단산방화,방화하남검단산
10:15,10:10,13:03,13:02
마천방화,방화마천,마천방화,방화마천
10:21,10:14,13:09,13:08
하남검단산방화,방화하남검단산,하남검단산방화,방화하남검단산
10:27,10:19,13:16,13:15
마천방화,방화마천,마천방화,방화마천
10:33,10:24,13:22,13:21
하남검단산방화,방화하남검단산,하남검단산방화,방화하남검단산
10:39,10:29,13:29,13:28
마천방화,방화마천,마천방화,방화마천
10:45,10:34,13:35,13:34
하남검단산방화,방화하남검단산,하남검단산방화,방화하남검단산
10:52,10:39,13:42,13:41
마천방화,방화마천,마천방화,방화마천
10:58,10:44,13:48,13:47
하남검단산방화,방화하남검단산,하남검단산방화,방화하남검단산
-,10:51,13:55,13:54
-,방화마천,마천방화,방화마천
-,10:57,14:01,14:00
-,방화하남검단산,하남검단산방화,방화하남검단산
11:05,11:04,14:08,14:07
마천방화,방화마천,마천방화,방화마천
11:11,11:10,14:14,14:13
하남검단산방화,방화하남검단산,하남검단산방화,방화하남검단산
11:18,11:16,14:21,14:20
마천방화,방화마천,마천방화,방화마천
11:24,11:23,14:27,14:26
하남검단산방화,방화하남검단산,하남검단산방화,방화하남검단산
11:31,11:30,14:34,14:33
마천방화,방화마천,마천방화,방화마천
11:37,11:36,14:40,14:39
하남검단산방화,방화하남검단산,하남검단산방화,방화하남검단산
11:44,11:43,14:47,14:46
마천방화,방화마천,마천방화,방화마천
11:50,11:49,14:53,14:52
하남검단산방화,방화하남검단산,하남검단산방화,방화하남검단산
11:57,11:56,-,14:59
마천방화,방화마천,-,방화마천
12:03,12:02,15:00,15:05
하남검단산방화,방화하남검단산,마천방화,방화하남검단산
12:10,12:09,15:06,15:12
마천방화,방화마천,하남검단산방화,방화마천
12:16,12:15,15:13,15:18
하남검단산방화,방화하남검단산,마천방화,방화하남검단산
12:23,12:22,15:19,15:25
마천방화,방화마천,하남검단산방화,방화마천
12:29,12:28,15:26,15:31
하남검단산방화,방화하남검단산,마천방화,방화하남검단산
12:36,12:35,15:32,15:38
마천방화,방화마천,하남검단산방화,방화마천
12:42,12:41,15:39,15:44
하남검단산방화,방화하남검단산,마천방화,방화하남검단산
12:49,12:48,15:45,15:51
마천방화,방화마천,하남검단산방화,방화마천
12:55,12:54,15:52,15:57
하남검단산방화,방화하남검단산,마천방화,방화하남검단산
13:02,13:01,15:58,-
마천방화,방화마천,하남검단산방화,-
13:08,13:07,16:05,16:04
하남검단산방화,방화하남검단산,마천방화,방화마천
13:15,13:14,16:11,16:10
마천방화,방화마천,하남검단산방화,방화하남검단산
13:21,13:20,16:18,16:17
하남검단산방화,방화하남검단산,마천방화,방화마천
13:28,13:27,16:24,16:23
마천방화,방화마천,하남검단산방화,방화하남검단산
13:34,13:33,16:31,16:30
하남검단산방화,방화하남검단산,마천방화,방화마천
13:41,13:40,16:37,16:36
마천방화,방화마천,하남검단산방화,방화하남검단산
13:47,13:46,16:44,16:43
하남검단산방화,방화하남검단산,마천방화,방화마천
13:54,13:53,16:50,16:49
마천방화,방화마천,하남검단산방화,방화하남검단산
-,13:59,16:57,16:56
-,방화하남검단산,마천방화,방화마천
14:00,14:06,17:03,17:02
하남검단산방화,방화마천,하남검단산방화,방화하남검단산
14:07,14:12,17:10,17:09
마천방화,방화하남검단산,마천방화,방화마천
14:13,14:19,17:16,17:15
하남검단산방화,방화마천,하남검단산방화,방화하남검단산
14:20,14:25,17:23,17:22
마천방화,방화하남검단산,마천방화,방화마천
14:26,14:32,17:29,17:28
하남검단산방화,방화마천,하남검단산방화,방화하남검단산
14:33,14:38,17:36,17:35
마천방화,방화하남검단산,마천방화,방화마천
14:39,14:45,17:42,17:41
하남검단산방화,방화마천,하남검단산방화,방화하남검단산
14:46,14:51,17:49,17:48
마천방화,방화하남검단산,마천방화,방화마천
14:52,14:58,17:55,17:54
하남검단산방화,방화마천,하남검단산방화,방화하남검단산
14:59,-,18:02,18:01
마천방화,-,마천방화,방화마천
15:05,15:04,18:08,18:07
하남검단산방화,방화하남검단산,하남검단산방화,방화하남검단산
15:12,15:11,18:15,18:14
마천방화,방화마천,마천방화,방화마천
15:18,15:17,18:21,18:20
하남검단산방화,방화하남검단산,하남검단산방화,방화하남검단산
15:25,15:24,18:28,18:27
마천방화,방화마천,마천방화,방화마천
15:31,15:30,18:34,18:33
하남검단산방화,방화하남검단산,하남검단산방화,방화하남검단산
15:38,15:37,18:41,18:40
마천방화,방화마천,마천방화,방화마천
15:44,15:43,18:47,18:46
하남검단산방화,방화하남검단산,하남검단산방화,방화하남검단산
15:51,15:50,18:54,18:53
마천방화,방화마천,마천방화,방화마천
15:57,15:56,-,18:59
하남검단산방화,방화하남검단산,-,방화하남검단산
16:04,16:03,19:00,19:06
마천방화,방화마천,하남검단산방화,방화마천
16:10,16:09,19:07,19:12
하남검단산방화,방화하남검단산,마천방화,방화하남검단산
16:17,16:16,19:13,19:19
마천방화,방화마천,하남검단산방화,방화마천
16:23,16:22,19:20,19:25
하남검단산방화,방화하남검단산,마천방화,방화하남검단산
16:30,16:29,19:26,19:32
마천방화,방화마천,하남검단산방화,방화마천
16:36,16:35,19:33,19:38
하남검단산방화,방화하남검단산,마천방화,방화하남검단산
16:43,16:42,19:39,19:45
마천방화,방화마천,하남검단산방화,방화마천
16:49,16:48,19:46,19:51
하남검단산방화,방화하남검단산,마천방화,방화하남검단산
16:56,16:55,19:52,19:58
마천방화,방화마천,하남검단산방화,방화마천
17:02,17:01,19:59,-
하남검단산방화,방화하남검단산,마천방화,-
17:09,17:08,20:05,20:04
마천방화,방화마천,하남검단산방화,방화하남검단산
17:15,17:14,20:12,20:11
하남검단산방화,방화하남검단산,마천방화,방화마천
17:22,17:21,20:18,20:17
마천방화,방화마천,하남검단산방화,방화하남검단산
17:28,17:27,20:25,20:24
하남검단산방화,방화하남검단산,마천방화,방화마천
17:33,17:33,20:31,20:30
마천방화,방화마천,하남검단산방화,방화하남검단산
17:38,17:39,20:38,20:37
하남검단산방화,방화하남검단산,마천방화,방화마천
17:42,17:45,20:44,20:43
마천방화,방화마천,하남검단산방화,방화하남검단산
17:46,17:51,20:51,20:50
하남검단산방화,방화하남검단산,마천방화,방화마천
17:50,17:57,20:57,20:56
마천방화,방화마천,하남검단산방화,방화하남검단산
17:53,-,21:04,21:03
상일동방화,-,마천방화,방화마천
17:58,-,21:10,21:09
마천방화,-,하남검단산방화,방화하남검단산
18:01,18:02,21:17,21:16
하남검단산방화,방화하남검단산,마천방화,방화마천
18:05,18:06,21:23,21:22
마천방화,방화마천,하남검단산방화,방화하남검단산
18:08,18:10,21:30,21:29
하남검단산방화,방화하남검단산,마천방화,방화마천
18:12,18:14,21:36,21:35
마천방화,방화마천,하남검단산방화,방화하남검단산
18:15,18:18,21:43,21:42
상일동방화,방화하남검단산,마천방화,방화마천
18:18,18:21,21:49,21:48
마천방화,방화마천,하남검단산방화,방화하남검단산
18:21,18:25,21:56,21:55
하남검단산방화,방화하남검단산,마천방화,방화마천
18:24,18:28,22:02,22:01
마천방화,방화마천,하남검단산방화,방화하남검단산
18:28,18:32,22:09,22:08
하남검단산방화,방화하남검단산,마천방화,방화마천
18:32,18:35,22:16,22:14
마천방화,방화마천,하남검단산방화,방화하남검단산
18:36,18:38,22:23,22:21
하남검단산방화,방화하남검단산,마천방화,방화마천
18:40,18:41,22:31,22:27
마천방화,방화마천,하남검단산방화,방화하남검단산
18:44,18:44,22:40,22:34
상일동방화,방화하남검단산,마천방화,방화마천
18:48,18:47,22:49,22:41
마천방화,방화마천,하남검단산방화,방화하남검단산
18:52,18:50,22:59,22:48
하남검단산방화,방화하남검단산,마천방화,방화마천
18:56,18:53,-,22:56
마천방화,방화마천,-,방화하남검단산
-,18:56,23:09막,23:03
-,방화하남검단산,하남검단산방화,방화마천
-,18:59,23:21막,23:11
-,방화마천,마천화곡,방화상일동
19:01,19:02,23:30막,23:19
하남검단산방화,방화하남검단산,하남검단산여의도,방화마천
19:08,19:04,23:41막,23:27막
마천방화,방화마천,마천애오개,방화하남검단산
19:14,19:08,23:54막,23:35막
하남검단산방화,방화하남검단산,하남검단산왕십리,방화마천
19:20,19:11,-,23:45
마천방화,방화마천,-,방화상일동
19:27,19:14,-,23:53막
하남검단산방화,방화하남검단산,-,방화상일동
19:33,19:19,-,00:01막
마천방화,방화마천,-,방화군자
19:40,19:24,-,-
하남검단산방화,방화하남검단산,-,-
19:46,19:29,-,-
마천방화,방화마천,-,-
19:53,19:34,-,-
하남검단산방화,방화하남검단산,-,-
19:59,19:40,-,-
마천방화,방화마천,-,-
-,19:46,-,-
-,방화하남검단산,-,-
-,19:52,-,-
-,방화마천,-,-
-,19:59,-,-
-,방화하남검단산,-,-
20:06,20:05,-,-
하남검단산방화,방화마천,-,-
20:12,20:12,-,-
마천방화,방화하남검단산,-,-
20:19,20:18,-,-
하남검단산방화,방화마천,-,-
20:25,20:26,-,-
마천방화,방화하남검단산,-,-
20:32,20:31,-,-
하남검단산방화,방화마천,-,-
20:38,20:38,-,-
마천방화,방화하남검단산,-,-
20:45,20:44,-,-
하남검단산방화,방화마천,-,-
20:51,20:51,-,-
마천방화,방화하남검단산,-,-
20:58,20:57,-,-
하남검단산방화,방화마천,-,-
21:04,21:04,-,-
마천방화,방화하남검단산,-,-
21:11,21:10,-,-
하남검단산방화,방화마천,-,-
21:17,21:17,-,-
마천방화,방화하남검단산,-,-
21:24,21:23,-,-
하남검단산방화,방화마천,-,-
21:30,21:30,-,-
마천방화,방화하남검단산,-,-
21:37,21:36,-,-
하남검단산방화,방화마천,-,-
21:43,21:43,-,-
마천방화,방화하남검단산,-,-
21:50,21:49,-,-
하남검단산방화,방화마천,-,-
21:57,21:56,-,-
마천방화,방화하남검단산,-,-
22:04,22:02,-,-
하남검단산방화,방화마천,-,-
22:11,22:09,-,-
마천방화,방화하남검단산,-,-
22:18,22:15,-,-
하남검단산방화,방화마천,-,-
22:25,22:22,-,-
마천방화,방화하남검단산,-,-
22:33,22:28,-,-
하남검단산방화,방화마천,-,-
22:41,22:35,-,-
마천방화,방화하남검단산,-,-
22:49,22:41,-,-
하남검단산방화,방화마천,-,-
22:57,22:50,-,-
마천방화,방화하남검단산,-,-
-,22:57,-,-
-,방화마천,-,-
23:07,23:05,-,-
하남검단산방화,방화하남검단산,-,-
23:19,23:12,-,-
마천방화,방화마천,-,-
23:31,23:21,-,-
하남검단산방화,방화하남검단산,-,-
23:44,23:29,-,-
마천방화,방화마천,-,-
23:58막,23:37,-,-
하남검단산방화,방화하남검단산,-,-
-,23:46,-,-
-,방화마천,-,-
-,23:55,-,-
-,방화하남검단산,-,-
0:05,0:04,-,-
마천왕십리,방화마천,-,-
00:18막,00:13막,-,-
마천여의도,방화하남검단산,-,-
00:38막,00:21막,-,-
하남검단산애오개,방화마천,-,-
00:56막,0:29,-,-
마천왕십리,방화군자,-,-
-,00:37막,-,-
-,방화상일동,-,-
-,00:55막,-,-
-,방화군자,-,-
