을지로4가방면,청구방면,을지로4가방면,청구방면
평일,평일,주말,주말
05:37첫,05:51첫,05:37첫,05:51첫
왕십리방화,애오개마천,왕십리방화,애오개마천
5:47,-,5:47,-
군자방화,-,군자방화,-
5:55,-,5:55,-
강동방화,-,강동방화,-
6:03,06:06첫,6:03,06:06첫
상일동방화,화곡하남검단산,상일동방화,화곡하남검단산
6:08,6:13,6:10,6:13
마천방화,화곡마천,마천방화,화곡마천
6:16,6:20,6:18,6:20
하남검단산방화,방화하남검단산,하남검단산방화,방화하남검단산
6:21,6:27,6:25,6:28S
마천방화,방화마천,마천방화,방화마천
6:27,6:34,6:32,6:35
상일동방화,방화하남검단산,상일동방화,방화하남검단산
6:33,6:41,6:39,6:42
마천방화,방화마천,마천방화,방화마천
6:39,6:48,6:46,6:49
하남검단산방화,방화하남검단산,하남검단산방화,방화하남검단산
6:45,6:55,6:53,6:56
마천방화,방화마천,마천방화,방화마천
6:50,-,7:00,7:03
상일동방화,-,상일동방화,방화하남검단산
6:56,-,7:07,7:10
마천방화,-,마천방화,방화마천
7:01,7:01,7:14,7:17
하남검단산방화,방화하남검단산,하남검단산방화,방화하남검단산
7:07,7:07,7:21,7:24
마천방화,방화마천,마천방화,방화마천
7:12,7:14,7:28,7:31
상일동방화,방화하남검단산,하남검단산방화,방화하남검단산
7:17,7:19,7:35,7:38
마천방화,방화마천,마천방화,방화마천
7:22,7:25,7:42,7:45
하남검단산방화,방화하남검단산,하남검단산방화,방화하남검단산
7:27,7:30,7:48,7:52
마천방화,방화마천,마천방화,방화마천
7:31,7:36,7:55,7:59
하남검단산방화,방화하남검단산,하남검단산방화,방화하남검단산
7:36,7:41,8:01,8:05
마천방화,방화마천,마천방화,방화마천
7:40,7:46,8:08,8:12
하남검단산방화,방화하남검단산,하남검단산방화,방화하남검단산
7:45,7:51,8:14,8:18
마천방화,방화마천,마천방화,방화마천
7:49,7:56,8:21,8:25
상일동방화,방화하남검단산,하남검단산방화,방화하남검단산
7:53,-,8:27,8:31
마천방화,-,마천방화,방화마천
7:57,-,8:34,8:38
하남검단산방화,-,하남검단산방화,방화하남검단산
8:01,8:00,8:40,8:44
마천방화,방화마천,마천방화,방화마천
8:05,8:05,8:47,8:51
하남검단산방화,방화하남검단산,하남검단산방화,방화하남검단산
8:09,8:09,8:53,8:57
마천방화,방화마천,마천방화,방화마천
8:13,8:14,9:00,9:04
하남검단산방화,방화상일동,하남검단산방화,방화하남검단산
8:16,8:19,9:06,9:10
마천방화,방화마천,마천방화,방화마천
8:19,8:23,9:13,9:17
상일동방화,방화하남검단산,하남검단산방화,방화하남검단산
8:22,8:27,9:19,9:23
마천방화,방화마천,마천방화,방화마천
8:26,8:31,9:26,9:30
하남검단산방화,방화하남검단산,하남검단산방화,방화하남검단산
8:28,8:35,9:32,9:36
마천방화,방화마천,마천방화,방화마천
8:31,8:38,9:39,9:43
하남검단산방화,방화상일동,하남검단산방화,방화하남검단산
8:33,8:42,9:45,9:49
마천방화,방화마천,마천방화,방화마천
8:36,8:45,9:52,9:56
상일동방화,방화하남검단산,하남검단산방화,방화하남검단산
8:38,8:49,9:58,-
하남검단산방화,방화마천,마천방화,-
8:41,8:52,10:05,10:02
마천방화,방화하남검단산,하남검단산방화,방화마천
8:43,8:55,10:11,10:09
상일동방화,방화마천,마천방화,방화하남검단산
8:46,8:58,10:18,10:15
마천방화,방화상일동,하남검단산방화,방화마천
8:49,-,10:24,10:22
하남검단산방화,-,마천방화,방화하남검단산
8:51,-,10:31,10:28
상일동방화,-,하남검단산방화,방화마천
8:55,-,10:37,10:35
마천방화,-,마천방화,방화하남검단산
8:58,-,10:44,10:41
하남검단산방화,-,하남검단산방화,방화마천
9:02,9:01,10:50,10:48
마천방화,방화마천,마천방화,방화하남검단산
9:05,9:04,10:57,10:54
하남검단산방화,방화하남검단산,하남검단산방화,방화마천
9:08,9:07,11:03,11:01
마천방화,방화마천,마천방화,방화하남검단산
9:12,9:10,11:10,11:07
하남검단산방화,방화상일동,하남검단산방화,방화마천
9:16,9:13,11:16,11:14
마천방화,방화마천,마천방화,방화하남검단산
9:20,9:17,11:23,11:20
하남검단산방화,방화하남검단산,하남검단산방화,방화마천
9:25,9:20,11:29,11:27
마천방화,방화마천,마천방화,방화하남검단산
9:29,9:24,11:36,11:33
하남검단산방화,방화하남검단산,하남검단산방화,방화마천
9:33,9:28,11:42,11:40
마천방화,방화마천,마천방화,방화하남검단산
9:38,9:32,11:49,11:46
하남검단산방화,방화하남검단산,하남검단산방화,방화마천
9:43,9:35,11:55,11:53
마천방화,방화마천,마천방화,방화하남검단산
9:48,9:39,-,11:59
하남검단산방화,방화상일동,-,방화마천
9:53,9:43,12:02,12:06
마천방화,방화마천,하남검단산방화,방화하남검단산
9:58,9:47,12:08,12:12
하남검단산방화,방화하남검단산,마천방화,방화마천
-,9:51,12:15,12:19
-,방화마천,하남검단산방화,방화하남검단산
-,9:55,12:21,12:25
-,방화하남검단산,마천방화,방화마천
-,9:59,12:28,12:32
-,방화마천,하남검단산방화,방화하남검단산
10:04,10:04,12:34,12:38
마천방화,방화하남검단산,마천방화,방화마천
10:09,10:09,12:41,12:45
하남검단산방화,방화마천,하남검단산방화,방화하남검단산
10:15,10:14,12:47,12:51
마천방화,방화하남검단산,마천방화,방화마천
10:20,10:18,12:54,12:58
하남검단산방화,방화마천,하남검단산방화,방화하남검단산
10:26,10:23,13:00,13:04
마천방화,방화하남검단산,마천방화,방화마천
10:31,10:28,13:07,13:11
하남검단산방화,방화마천,하남검단산방화,방화하남검단산
10:37,10:34,13:13,13:17
마천방화,방화하남검단산,마천방화,방화마천
10:43,10:40,13:20,13:24
하남검단산방화,방화마천,하남검단산방화,방화하남검단산
10:49,10:47,13:26,13:30
마천방화,방화하남검단산,마천방화,방화마천
10:56,10:53,13:33,13:37
하남검단산방화,방화마천,하남검단산방화,방화하남검단산
11:02,11:00,13:39,13:43
마천방화,방화하남검단산,마천방화,방화마천
11:09,11:06,13:46,13:50
하남검단산방화,방화마천,하남검단산방화,방화하남검단산
11:15,11:13,13:52,13:56
마천방화,방화하남검단산,마천방화,방화마천
11:22,11:19,13:59,-
하남검단산방화,방화마천,하남검단산방화,-
11:28,11:26,14:05,14:03
마천방화,방화하남검단산,마천방화,방화하남검단산
11:35,11:32,14:12,14:09
하남검단산방화,방화마천,하남검단산방화,방화마천
11:41,11:39,14:18,14:16
마천방화,방화하남검단산,마천방화,방화하남검단산
11:48,11:45,14:25,14:22
하남검단산방화,방화마천,하남검단산방화,방화마천
11:54,11:52,14:31,14:29
마천방화,방화하남검단산,마천방화,방화하남검단산
-,11:58,14:38,14:35
-,방화마천,하남검단산방화,방화마천
12:01,12:05,14:44,14:42
하남검단산방화,방화하남검단산,마천방화,방화하남검단산
12:07,12:11,14:51,14:48
마천방화,방화마천,하남검단산방화,방화마천
12:14,12:18,14:57,14:55
하남검단산방화,방화하남검단산,마천방화,방화하남검단산
12:20,12:24,15:04,15:01
마천방화,방화마천,하남검단산방화,방화마천
12:27,12:31,15:10,15:08
하남검단산방화,방화하남검단산,마천방화,방화하남검단산
12:33,12:37,15:17,15:14
마천방화,방화마천,하남검단산방화,방화마천
12:40,12:44,15:23,15:21
하남검단산방화,방화하남검단산,마천방화,방화하남검단산
12:46,12:50,15:30,15:27
마천방화,방화마천,하남검단산방화,방화마천
12:53,12:57,15:36,15:34
하남검단산방화,방화하남검단산,마천방화,방화하남검단산
12:59,-,15:43,15:40
마천방화,-,하남검단산방화,방화마천
13:06,13:03,15:49,15:47
하남검단산방화,방화마천,마천방화,방화하남검단산
13:12,13:10,15:56,15:53
마천방화,방화하남검단산,하남검단산방화,방화마천
13:19,13:16,16:02,16:00
하남검단산방화,방화마천,마천방화,방화하남검단산
13:25,13:23,16:09,16:06
마천방화,방화하남검단산,하남검단산방화,방화마천
13:32,13:29,16:15,16:13
하남검단산방화,방화마천,마천방화,방화하남검단산
13:38,13:36,16:22,16:19
마천방화,방화하남검단산,하남검단산방화,방화마천
13:45,13:42,16:28,16:26
하남검단산방화,방화마천,마천방화,방화하남검단산
13:51,13:49,16:35,16:32
마천방화,방화하남검단산,하남검단산방화,방화마천
13:58,13:55,16:41,16:39
하남검단산방화,방화마천,마천방화,방화하남검단산
14:04,14:02,16:48,16:45
마천방화,방화하남검단산,하남검단산방화,방화마천
14:11,14:08,16:54,16:52
하남검단산방화,방화마천,마천방화,방화하남검단산
14:17,14:15,-,16:58
마천방화,방화하남검단산,-,방화마천
14:24,14:21,17:01,17:05
하남검단산방화,방화마천,하남검단산방화,방화하남검단산
14:30,14:28,17:07,17:11
마천방화,방화하남검단산,마천방화,방화마천
14:37,14:34,17:14,17:18
하남검단산방화,방화마천,하남검단산방화,방화하남검단산
14:43,14:41,17:20,17:24
마천방화,방화하남검단산,마천방화,방화마천
14:50,14:47,17:27,17:31
하남검단산방화,방화마천,하남검단산방화,방화하남검단산
14:56,14:54,17:33,17:37
마천방화,방화하남검단산,마천방화,방화마천
15:03,15:00,17:40,17:44
하남검단산방화,방화마천,하남검단산방화,방화하남검단산
15:09,15:07,17:46,17:50
마천방화,방화하남검단산,마천방화,방화마천
15:16,15:13,17:53,17:57
하남검단산방화,방화마천,하남검단산방화,방화하남검단산
15:22,15:20,17:59,-
마천방화,방화하남검단산,마천방화,-
15:29,15:26,18:06,18:03
하남검단산방화,방화마천,하남검단산방화,방화마천
15:35,15:33,18:12,18:10
마천방화,방화하남검단산,마천방화,방화하남검단산
15:42,15:39,18:19,18:16
하남검단산방화,방화마천,하남검단산방화,방화마천
15:48,15:46,18:25,18:23
마천방화,방화하남검단산,마천방화,방화하남검단산
15:55,15:52,18:32,18:29
하남검단산방화,방화마천,하남검단산방화,방화마천
-,15:59,18:38,18:36
-,방화하남검단산,마천방화,방화하남검단산
16:01,16:05,18:45,18:42
마천방화,방화마천,하남검단산방화,방화마천
16:08,16:12,18:51,18:49
하남검단산방화,방화하남검단산,마천방화,방화하남검단산
16:14,16:18,18:58,18:55
마천방화,방화마천,하남검단산방화,방화마천
16:21,16:25,19:04,19:02
하남검단산방화,방화하남검단산,마천방화,방화하남검단산
16:27,16:31,19:11,19:08
마천방화,방화마천,하남검단산방화,방화마천
16:34,16:38,19:17,19:15
하남검단산방화,방화하남검단산,마천방화,방화하남검단산
16:40,16:44,19:24,19:21
마천방화,방화마천,하남검단산방화,방화마천
16:47,16:51,19:30,19:28
하남검단산방화,방화하남검단산,마천방화,방화하남검단산
16:53,16:57,19:37,19:34
마천방화,방화마천,하남검단산방화,방화마천
17:00,17:04,19:43,19:41
하남검단산방화,방화하남검단산,마천방화,방화하남검단산
17:06,17:10,19:50,19:47
마천방화,방화마천,하남검단산방화,방화마천
17:13,17:16,19:56,19:54
하남검단산방화,방화하남검단산,마천방화,방화하남검단산
17:19,17:22,20:03,20:00
마천방화,방화마천,하남검단산방화,방화마천
17:26,17:28,20:09,20:07
하남검단산방화,방화하남검단산,마천방화,방화하남검단산
17:32,17:34,20:16,20:13
마천방화,방화마천,하남검단산방화,방화마천
17:39,17:40,20:22,20:20
하남검단산방화,방화하남검단산,마천방화,방화하남검단산
17:43,17:46,20:29,20:26
마천방화,방화마천,하남검단산방화,방화마천
17:48,17:51,20:35,20:33
하남검단산방화,방화하남검단산,마천방화,방화하남검단산
17:52,17:55,20:42,20:39
마천방화,방화마천,하남검단산방화,방화마천
17:56,17:59,20:48,20:46
하남검단산방화,방화하남검단산,마천방화,방화하남검단산
18:00,18:03,20:55,20:52
마천방화,방화마천,하남검단산방화,방화마천
18:04,18:07,-,20:59
상일동방화,방화하남검단산,-,방화하남검단산
18:08,18:10,21:01,21:05
마천방화,방화마천,마천방화,방화마천
18:12,18:14,21:08,21:12
하남검단산방화,방화하남검단산,하남검단산방화,방화하남검단산
18:16,18:17,21:14,21:18
마천방화,방화마천,마천방화,방화마천
18:19,18:21,21:21,21:25
하남검단산방화,방화하남검단산,하남검단산방화,방화하남검단산
18:22,18:24,21:27,21:31
마천방화,방화마천,마천방화,방화마천
18:25,18:27,21:34,21:38
상일동방화,방화하남검단산,하남검단산방화,방화하남검단산
18:28,18:30,21:40,21:44
마천방화,방화마천,마천방화,방화마천
18:31,18:33,21:47,21:51
하남검단산방화,방화하남검단산,하남검단산방화,방화하남검단산
18:35,18:36,21:53,21:57
마천방화,방화마천,마천방화,방화마천
18:38,18:39,22:00,22:04
하남검단산방화,방화하남검단산,하남검단산방화,방화하남검단산
18:42,18:42,22:06,22:10
마천방화,방화마천,마천방화,방화마천
18:46,18:45,22:13,22:17
하남검단산방화,방화하남검단산,하남검단산방화,방화하남검단산
18:50,18:48,22:19,22:23
마천방화,방화마천,마천방화,방화마천
18:54,18:51,22:26,22:30
상일동방화,방화하남검단산,하남검단산방화,방화하남검단산
18:59,18:53,22:33,22:38
마천방화,방화마천,마천방화,방화마천
-,18:57,22:41,22:45
-,방화하남검단산,하남검단산방화,방화하남검단산
19:03,19:00,22:50,22:53
하남검단산방화,방화마천,마천방화,방화마천
19:07,19:03,22:59,-
마천방화,방화하남검단산,하남검단산방화,-
19:12,19:08,23:09,23:01
하남검단산방화,방화마천,마천방화,방화상일동
19:18,19:13,23:20막,23:09
마천방화,방화하남검단산,하남검단산방화,방화마천
19:24,19:18,23:31막,23:17막
하남검단산방화,방화마천,마천화곡,방화하남검단산
19:31,19:23,23:40막,23:25막
마천방화,방화하남검단산,하남검단산여의도,방화마천
19:37,19:29,23:52막,23:34
하남검단산방화,방화마천,마천애오개,방화상일동
19:44,19:35,-,23:42막
마천방화,방화하남검단산,-,방화상일동
19:50,19:42,-,23:50막
하남검단산방화,방화마천,-,방화군자
19:57,19:48,-,23:58막
마천방화,방화하남검단산,-,방화왕십리
-,19:55,-,-
-,방화마천,-,-
20:03,20:01,-,-
하남검단산방화,방화하남검단산,-,-
20:10,20:08,-,-
마천방화,방화마천,-,-
20:16,20:15,-,-
하남검단산방화,방화하남검단산,-,-
20:23,20:21,-,-
마천방화,방화마천,-,-
20:29,20:27,-,-
하남검단산방화,방화하남검단산,-,-
20:36,20:34,-,-
마천방화,방화마천,-,-
20:42,20:40,-,-
하남검단산방화,방화하남검단산,-,-
20:49,20:47,-,-
마천방화,방화마천,-,-
20:55,20:53,-,-
하남검단산방화,방화하남검단산,-,-
21:02,21:00,-,-
마천방화,방화마천,-,-
21:08,21:06,-,-
하남검단산방화,방화하남검단산,-,-
21:15,21:13,-,-
마천방화,방화마천,-,-
21:21,21:19,-,-
하남검단산방화,방화하남검단산,-,-
21:28,21:26,-,-
마천방화,방화마천,-,-
21:34,21:32,-,-
하남검단산방화,방화하남검단산,-,-
21:41,21:39,-,-
마천방화,방화마천,-,-
21:47,21:45,-,-
하남검단산방화,방화하남검단산,-,-
21:54,21:52,-,-
마천방화,방화마천,-,-
-,21:58,-,-
-,방화하남검단산,-,-
22:00,22:05,-,-
하남검단산방화,방화마천,-,-
22:07,22:11,-,-
마천방화,방화하남검단산,-,-
22:14,22:18,-,-
하남검단산방화,방화마천,-,-
22:21,22:24,-,-
마천방화,방화하남검단산,-,-
22:28,22:31,-,-
하남검단산방화,방화마천,-,-
22:35,22:39,-,-
마천방화,방화하남검단산,-,-
22:43,22:47,-,-
하남검단산방화,방화마천,-,-
22:51,22:54,-,-
마천방화,방화하남검단산,-,-
22:59,-,-,-
하남검단산방화,-,-,-
23:07,23:02,-,-
마천방화,방화마천,-,-
23:18,23:10,-,-
하남검단산방화,방화하남검단산,-,-
23:29,23:18,-,-
마천방화,방화마천,-,-
23:42,23:27,-,-
하남검단산방화,방화하남검단산,-,-
23:55,23:35,-,-
마천방화,방화마천,-,-
-,23:44,-,-
-,방화하남검단산,-,-
-,23:53,-,-
-,방화마천,-,-
00:09막,00:02막,-,-
하남검단산방화,방화하남검단산,-,-
00:29막,00:10막,-,-
마천여의도,방화마천,-,-
00:48막,0:18,-,-
하남검단산애오개,방화군자,-,-
-,00:26막,-,-
-,방화상일동,-,-
-,00:44막,-,-
-,방화군자,-,-
