군자방면,광나루방면,군자방면,광나루방면
평일,평일,주말,주말
05:38첫,05:38첫,05:38첫,05:38첫
강동방화,군자하남검단산,강동방화,군자하남검단산
5:46,5:53,5:46,5:53
상일동방화,왕십리하남검단산,상일동방화,왕십리하남검단산
5:51,-,5:53,-
마천방화,-,마천방화,-
5:59,-,6:01,06:08첫
하남검단산방화,-,하남검단산방화,애오개마천
6:04,06:08첫,6:08,6:22
마천방화,애오개마천,마천방화,화곡하남검단산
6:10,6:22,6:15,6:29
상일동방화,화곡하남검단산,상일동방화,화곡마천
6:16,6:29,6:22,6:37
마천방화,화곡마천,마천방화,방화하남검단산
6:22,6:37,6:29,6:45
하남검단산방화,방화하남검단산,하남검단산방화,방화마천
6:27,6:44,6:36,6:52
마천방화,방화마천,마천방화,방화하남검단산
6:33,6:51,6:43,6:59
상일동방화,방화하남검단산,상일동방화,방화마천
6:38,6:58,6:50,-
마천방화,방화마천,마천방화,-
6:44,-,6:57,-
하남검단산방화,-,하남검단산방화,-
6:49,-,7:04,7:06
마천방화,-,마천방화,방화하남검단산
6:54,-,7:11,7:13
상일동방화,-,하남검단산방화,방화마천
6:59,-,7:18,7:20
마천방화,-,마천방화,방화하남검단산
7:04,7:05,7:25,7:27
하남검단산방화,방화하남검단산,하남검단산방화,방화마천
7:09,7:12,7:31,7:34
마천방화,방화마천,마천방화,방화하남검단산
7:13,7:18,7:38,7:41
하남검단산방화,방화하남검단산,하남검단산방화,방화마천
7:18,7:24,7:44,7:48
마천방화,방화마천,마천방화,방화하남검단산
7:22,7:31,7:51,7:55
하남검단산방화,방화하남검단산,하남검단산방화,방화마천
7:27,7:36,7:57,-
마천방화,방화마천,마천방화,-
7:31,7:42,8:04,8:02
상일동방화,방화하남검단산,하남검단산방화,방화하남검단산
7:35,7:47,8:10,8:09
마천방화,방화마천,마천방화,방화마천
7:39,7:53,8:17,8:16
하남검단산방화,방화하남검단산,하남검단산방화,방화하남검단산
7:43,7:58,8:23,8:22
마천방화,방화마천,마천방화,방화마천
7:47,-,8:30,8:29
하남검단산방화,-,하남검단산방화,방화하남검단산
7:50,-,8:36,8:35
마천방화,-,마천방화,방화마천
7:54,-,8:43,8:42
하남검단산방화,-,하남검단산방화,방화하남검단산
7:57,-,8:49,8:48
마천방화,-,마천방화,방화마천
8:00,8:03,8:56,8:55
상일동방화,방화하남검단산,하남검단산방화,방화하남검단산
8:03,8:08,9:02,9:01
마천방화,방화마천,마천방화,방화마천
8:07,8:13,9:09,9:08
하남검단산방화,방화하남검단산,하남검단산방화,방화하남검단산
8:09,8:17,9:15,9:14
마천방화,방화마천,마천방화,방화마천
8:12,8:22,9:22,9:21
하남검단산방화,방화하남검단산,하남검단산방화,방화하남검단산
8:14,8:26,9:28,9:27
마천방화,방화마천,마천방화,방화마천
8:17,8:31,9:35,9:34
상일동방화,방화상일동,하남검단산방화,방화하남검단산
8:19,8:36,9:41,9:40
하남검단산방화,방화마천,마천방화,방화마천
8:22,8:40,9:48,9:47
마천방화,방화하남검단산,하남검단산방화,방화하남검단산
8:24,8:44,9:54,9:53
상일동방화,방화마천,마천방화,방화마천
8:27,8:48,10:01,10:00
마천방화,방화하남검단산,하남검단산방화,방화하남검단산
8:30,8:52,10:07,10:06
하남검단산방화,방화마천,마천방화,방화마천
8:32,8:55,10:14,10:13
상일동방화,방화상일동,하남검단산방화,방화하남검단산
8:36,8:59,10:20,10:19
마천방화,방화마천,마천방화,방화마천
8:39,-,10:27,10:26
하남검단산방화,-,하남검단산방화,방화하남검단산
8:43,-,10:33,10:32
마천방화,-,마천방화,방화마천
8:46,-,10:40,10:39
하남검단산방화,-,하남검단산방화,방화하남검단산
8:50,-,10:46,10:45
마천방화,-,마천방화,방화마천
8:54,-,10:53,10:52
하남검단산방화,-,하남검단산방화,방화하남검단산
8:58,-,10:59,10:58
마천방화,-,마천방화,방화마천
9:02,9:02,11:06,11:05
하남검단산방화,방화하남검단산,하남검단산방화,방화하남검단산
9:06,9:06,11:12,11:11
마천방화,방화마천,마천방화,방화마천
9:11,9:09,11:19,11:18
하남검단산방화,방화하남검단산,하남검단산방화,방화하남검단산
9:15,9:12,11:25,11:24
마천방화,방화마천,마천방화,방화마천
9:20,9:15,11:32,11:31
하남검단산방화,방화상일동,하남검단산방화,방화하남검단산
9:25,9:18,11:38,11:37
마천방화,방화마천,마천방화,방화마천
9:30,9:21,11:45,11:44
하남검단산방화,방화하남검단산,하남검단산방화,방화하남검단산
9:36,9:24,11:51,11:50
마천방화,방화마천,마천방화,방화마천
9:41,9:27,11:58,11:57
하남검단산방화,방화상일동,하남검단산방화,방화하남검단산
9:46,9:30,12:04,12:03
마천방화,방화마천,마천방화,방화마천
9:51,9:34,12:11,12:10
하남검단산방화,방화하남검단산,하남검단산방화,방화하남검단산
9:57,9:37,12:17,12:16
마천방화,방화마천,마천방화,방화마천
-,9:41,12:24,12:23
-,방화하남검단산,하남검단산방화,방화하남검단산
-,9:45,12:30,12:29
-,방화마천,마천방화,방화마천
-,9:49,12:37,12:36
-,방화하남검단산,하남검단산방화,방화하남검단산
-,9:52,12:43,12:42
-,방화마천,마천방화,방화마천
-,9:56,12:50,12:49
-,방화상일동,하남검단산방화,방화하남검단산
10:03,10:00,12:56,12:55
하남검단산방화,방화마천,마천방화,방화마천
10:08,10:04,13:03,13:02
마천방화,방화하남검단산,하남검단산방화,방화하남검단산
10:14,10:08,13:09,13:08
하남검단산방화,방화마천,마천방화,방화마천
10:20,10:12,13:16,13:15
마천방화,방화하남검단산,하남검단산방화,방화하남검단산
10:26,10:16,13:22,13:21
하남검단산방화,방화마천,마천방화,방화마천
10:32,10:21,13:29,13:28
마천방화,방화하남검단산,하남검단산방화,방화하남검단산
10:39,10:26,13:35,13:34
하남검단산방화,방화마천,마천방화,방화마천
10:45,10:31,13:42,13:41
마천방화,방화하남검단산,하남검단산방화,방화하남검단산
10:52,10:35,13:48,13:47
하남검단산방화,방화마천,마천방화,방화마천
10:58,10:40,13:55,13:54
마천방화,방화하남검단산,하남검단산방화,방화하남검단산
-,10:45,14:01,14:00
-,방화마천,마천방화,방화마천
-,10:51,14:08,14:07
-,방화하남검단산,하남검단산방화,방화하남검단산
-,10:57,14:14,14:13
-,방화마천,마천방화,방화마천
11:05,11:04,14:21,14:20
하남검단산방화,방화하남검단산,하남검단산방화,방화하남검단산
11:11,11:10,14:27,14:26
마천방화,방화마천,마천방화,방화마천
11:18,11:17,14:34,14:33
하남검단산방화,방화하남검단산,하남검단산방화,방화하남검단산
11:24,11:23,14:40,14:39
마천방화,방화마천,마천방화,방화마천
11:31,11:30,14:47,14:46
하남검단산방화,방화하남검단산,하남검단산방화,방화하남검단산
11:37,11:36,14:53,14:52
마천방화,방화마천,마천방화,방화마천
11:44,11:43,-,14:59
하남검단산방화,방화하남검단산,-,방화하남검단산
11:50,11:49,15:00,15:05
마천방화,방화마천,하남검단산방화,방화마천
11:57,11:56,15:06,15:12
하남검단산방화,방화하남검단산,마천방화,방화하남검단산
12:03,12:02,15:13,15:18
마천방화,방화마천,하남검단산방화,방화마천
12:10,12:09,15:19,15:25
하남검단산방화,방화하남검단산,마천방화,방화하남검단산
12:16,12:15,15:26,15:31
마천방화,방화마천,하남검단산방화,방화마천
12:23,12:22,15:32,15:38
하남검단산방화,방화하남검단산,마천방화,방화하남검단산
12:29,12:28,15:39,15:44
마천방화,방화마천,하남검단산방화,방화마천
12:36,12:35,15:45,15:51
하남검단산방화,방화하남검단산,마천방화,방화하남검단산
12:42,12:41,15:52,15:57
마천방화,방화마천,하남검단산방화,방화마천
12:49,12:48,15:58,-
하남검단산방화,방화하남검단산,마천방화,-
12:55,12:54,16:05,16:04
마천방화,방화마천,하남검단산방화,방화하남검단산
13:02,13:01,16:11,16:10
하남검단산방화,방화하남검단산,마천방화,방화마천
13:08,13:07,16:18,16:17
마천방화,방화마천,하남검단산방화,방화하남검단산
13:15,13:14,16:24,16:23
하남검단산방화,방화하남검단산,마천방화,방화마천
13:21,13:20,16:31,16:30
마천방화,방화마천,하남검단산방화,방화하남검단산
13:28,13:27,16:37,16:36
하남검단산방화,방화하남검단산,마천방화,방화마천
13:34,13:33,16:44,16:43
마천방화,방화마천,하남검단산방화,방화하남검단산
13:41,13:40,16:50,16:49
하남검단산방화,방화하남검단산,마천방화,방화마천
13:47,13:46,16:57,16:56
마천방화,방화마천,하남검단산방화,방화하남검단산
13:54,13:53,17:03,17:02
하남검단산방화,방화하남검단산,마천방화,방화마천
-,13:59,17:10,17:09
-,방화마천,하남검단산방화,방화하남검단산
14:00,14:06,17:16,17:15
마천방화,방화하남검단산,마천방화,방화마천
14:07,14:12,17:23,17:22
하남검단산방화,방화마천,하남검단산방화,방화하남검단산
14:13,14:19,17:29,17:28
마천방화,방화하남검단산,마천방화,방화마천
14:20,14:25,17:36,17:35
하남검단산방화,방화마천,하남검단산방화,방화하남검단산
14:26,14:32,17:42,17:41
마천방화,방화하남검단산,마천방화,방화마천
14:33,14:38,17:49,17:48
하남검단산방화,방화마천,하남검단산방화,방화하남검단산
14:39,14:45,17:55,17:54
마천방화,방화하남검단산,마천방화,방화마천
14:46,14:51,18:02,18:01
하남검단산방화,방화마천,하남검단산방화,방화하남검단산
14:52,14:58,18:08,18:07
마천방화,방화하남검단산,마천방화,방화마천
14:59,-,18:15,18:14
하남검단산방화,-,하남검단산방화,방화하남검단산
15:05,15:04,18:21,18:20
마천방화,방화마천,마천방화,방화마천
15:12,15:11,18:28,18:27
하남검단산방화,방화하남검단산,하남검단산방화,방화하남검단산
15:18,15:17,18:34,18:33
마천방화,방화마천,마천방화,방화마천
15:25,15:24,18:41,18:40
하남검단산방화,방화하남검단산,하남검단산방화,방화하남검단산
15:31,15:30,18:47,18:46
마천방화,방화마천,마천방화,방화마천
15:38,15:37,18:54,18:53
하남검단산방화,방화하남검단산,하남검단산방화,방화하남검단산
15:44,15:43,-,18:59
마천방화,방화마천,-,방화마천
15:51,15:50,19:00,19:06
하남검단산방화,방화하남검단산,마천방화,방화하남검단산
15:57,15:56,19:07,19:12
마천방화,방화마천,하남검단산방화,방화마천
16:04,16:03,19:13,19:19
하남검단산방화,방화하남검단산,마천방화,방화하남검단산
16:10,16:09,19:20,19:25
마천방화,방화마천,하남검단산방화,방화마천
16:17,16:16,19:26,19:32
하남검단산방화,방화하남검단산,마천방화,방화하남검단산
16:23,16:22,19:33,19:38
마천방화,방화마천,하남검단산방화,방화마천
16:30,16:29,19:39,19:45
하남검단산방화,방화하남검단산,마천방화,방화하남검단산
16:36,16:35,19:46,19:51
마천방화,방화마천,하남검단산방화,방화마천
16:43,16:42,19:52,19:58
하남검단산방화,방화하남검단산,마천방화,방화하남검단산
16:49,16:48,19:59,-
마천방화,방화마천,하남검단산방화,-
16:56,16:55,20:05,20:04
하남검단산방화,방화하남검단산,마천방화,방화마천
17:02,17:01,20:12,20:11
마천방화,방화마천,하남검단산방화,방화하남검단산
17:09,17:08,20:18,20:17
하남검단산방화,방화하남검단산,마천방화,방화마천
17:15,17:14,20:25,20:24
마천방화,방화마천,하남검단산방화,방화하남검단산
17:22,17:21,20:31,20:30
하남검단산방화,방화하남검단산,마천방화,방화마천
17:26,17:27,20:38,20:37
마천방화,방화마천,하남검단산방화,방화하남검단산
17:31,17:33,20:44,20:43
하남검단산방화,방화하남검단산,마천방화,방화마천
17:35,17:39,20:51,20:50
마천방화,방화마천,하남검단산방화,방화하남검단산
17:39,17:45,20:57,20:56
하남검단산방화,방화하남검단산,마천방화,방화마천
17:43,17:51,21:04,21:03
마천방화,방화마천,하남검단산방화,방화하남검단산
17:47,17:57,21:10,21:09
상일동방화,방화하남검단산,마천방화,방화마천
17:51,-,21:17,21:16
마천방화,-,하남검단산방화,방화하남검단산
17:55,-,21:23,21:22
하남검단산방화,-,마천방화,방화마천
17:59,-,21:30,21:29
마천방화,-,하남검단산방화,방화하남검단산
18:02,18:03,21:36,21:35
하남검단산방화,방화마천,마천방화,방화마천
18:05,18:08,21:43,21:42
마천방화,방화하남검단산,하남검단산방화,방화하남검단산
18:08,18:13,21:49,21:48
상일동방화,방화마천,마천방화,방화마천
18:11,18:17,21:56,21:55
마천방화,방화하남검단산,하남검단산방화,방화하남검단산
18:14,18:21,22:02,22:01
하남검단산방화,방화마천,마천방화,방화마천
18:18,18:25,22:09,22:08
마천방화,방화하남검단산,하남검단산방화,방화하남검단산
18:21,18:28,22:16,22:14
하남검단산방화,방화마천,마천방화,방화마천
18:25,18:32,22:24,22:21
마천방화,방화하남검단산,하남검단산방화,방화하남검단산
18:29,18:35,22:33,22:27
하남검단산방화,방화마천,마천방화,방화마천
18:33,18:39,22:42,22:34
마천방화,방화하남검단산,하남검단산방화,방화하남검단산
18:37,18:42,22:52,22:40
상일동방화,방화마천,마천방화,방화마천
18:42,18:45,-,22:47
마천방화,방화하남검단산,-,방화하남검단산
18:46,18:47,-,22:55
하남검단산방화,방화마천,-,방화마천
18:50,18:51,23:03막,23:02
마천방화,방화하남검단산,하남검단산방화,방화하남검단산
18:55,18:53,23:14막,23:10
하남검단산방화,방화마천,마천화곡,방화마천
-,18:56,23:23막,23:18
-,방화하남검단산,하남검단산여의도,방화상일동
-,18:59,23:35막,23:26
-,방화마천,마천애오개,방화마천
19:01,19:02,23:48막,23:34막
마천방화,방화하남검단산,하남검단산왕십리,방화하남검단산
19:07,19:05,-,23:42막
하남검단산방화,방화마천,-,방화마천
19:14,19:08,-,23:51
마천방화,방화하남검단산,-,방화상일동
19:20,19:11,-,23:59막
하남검단산방화,방화마천,-,방화상일동
19:27,19:14,00:00막,-
마천방화,방화하남검단산,마천군자,-
19:33,19:17,-,-
하남검단산방화,방화마천,-,-
19:40,19:21,-,-
마천방화,방화하남검단산,-,-
19:46,19:25,-,-
하남검단산방화,방화마천,-,-
19:53,19:31,-,-
마천방화,방화하남검단산,-,-
19:59,19:35,-,-
하남검단산방화,방화마천,-,-
-,19:40,-,-
-,방화하남검단산,-,-
-,19:46,-,-
-,방화마천,-,-
-,19:52,-,-
-,방화하남검단산,-,-
-,19:59,-,-
-,방화마천,-,-
20:06,20:05,-,-
마천방화,방화하남검단산,-,-
20:12,20:12,-,-
하남검단산방화,방화마천,-,-
20:19,20:18,-,-
마천방화,방화하남검단산,-,-
20:25,20:25,-,-
하남검단산방화,방화마천,-,-
20:32,20:32,-,-
마천방화,방화하남검단산,-,-
20:38,20:38,-,-
하남검단산방화,방화마천,-,-
20:45,20:44,-,-
마천방화,방화하남검단산,-,-
20:51,20:51,-,-
하남검단산방화,방화마천,-,-
20:58,20:57,-,-
마천방화,방화하남검단산,-,-
21:04,21:04,-,-
하남검단산방화,방화마천,-,-
21:11,21:10,-,-
마천방화,방화하남검단산,-,-
21:17,21:17,-,-
하남검단산방화,방화마천,-,-
21:24,21:23,-,-
마천방화,방화하남검단산,-,-
21:30,21:30,-,-
하남검단산방화,방화마천,-,-
21:37,21:36,-,-
마천방화,방화하남검단산,-,-
21:43,21:43,-,-
하남검단산방화,방화마천,-,-
21:50,21:49,-,-
마천방화,방화하남검단산,-,-
21:57,21:56,-,-
하남검단산방화,방화마천,-,-
22:04,22:02,-,-
마천방화,방화하남검단산,-,-
22:11,22:09,-,-
하남검단산방화,방화마천,-,-
22:18,22:15,-,-
마천방화,방화하남검단산,-,-
22:26,22:22,-,-
하남검단산방화,방화마천,-,-
22:34,22:28,-,-
마천방화,방화하남검단산,-,-
22:42,22:35,-,-
하남검단산방화,방화마천,-,-
22:50,22:41,-,-
마천방화,방화하남검단산,-,-
-,22:48,-,-
-,방화마천,-,-
-,22:56,-,-
-,방화하남검단산,-,-
23:01,23:04,-,-
하남검단산방화,방화마천,-,-
23:12,23:11,-,-
마천방화,방화하남검단산,-,-
23:25,23:19,-,-
하남검단산방화,방화마천,-,-
23:38,23:27,-,-
마천방화,방화하남검단산,-,-
23:52막,23:35,-,-
하남검단산방화,방화마천,-,-
23:58,23:44,-,-
마천왕십리,방화하남검단산,-,-
-,23:52,-,-
-,방화마천,-,-
00:12막,0:01,-,-
마천여의도,방화하남검단산,-,-
00:31막,0:10,-,-
하남검단산애오개,방화마천,-,-
00:49막,00:19막,-,-
마천왕십리,방화하남검단산,-,-
-,00:27막,-,-
-,방화마천,-,-
-,00:43막,-,-
-,방화상일동,-,-
