여의도방면,마포방면,여의도방면,마포방면
평일,평일,주말,주말
05:43첫,05:48첫,05:43첫,05:48첫
애오개방화,화곡하남검단산,애오개방화,화곡하남검단산
5:54,05:55첫,5:54,05:55첫
왕십리방화,화곡마천,왕십리방화,화곡마천
6:04,6:03,6:04,6:03
군자방화,방화하남검단산,군자방화,방화하남검단산
6:13,6:10,6:13,6:10
강동방화,방화마천,강동방화,방화마천
6:20,6:17,6:20,6:18
상일동방화,방화하남검단산,상일동방화,방화하남검단산
6:25,6:24,6:28,6:25
마천방화,방화마천,마천방화,방화마천
6:33,6:31,6:36,6:32
하남검단산방화,방화하남검단산,하남검단산방화,방화하남검단산
6:39,6:37,6:43,6:39
마천방화,방화마천,마천방화,방화마천
6:44,6:44,6:50,6:46
상일동방화,방화하남검단산,상일동방화,방화하남검단산
6:50,6:50,6:57,6:53
마천방화,방화마천,마천방화,방화마천
6:56,6:56,7:04,7:00
하남검단산방화,방화하남검단산,하남검단산방화,방화하남검단산
7:02,7:01,7:11,7:07
마천방화,방화마천,마천방화,방화마천
7:08,7:08,7:18,7:14
상일동방화,방화하남검단산,상일동방화,방화하남검단산
7:13,7:13,7:25,7:21
마천방화,방화마천,마천방화,방화마천
7:19,7:18,7:32,7:28
하남검단산방화,방화하남검단산,하남검단산방화,방화하남검단산
7:24,7:23,7:39,7:35
마천방화,방화마천,마천방화,방화마천
7:29,7:28,7:46,7:41
상일동방화,방화하남검단산,하남검단산방화,방화하남검단산
7:34,7:33,7:53,7:48
마천방화,방화마천,마천방화,방화마천
7:39,7:38,7:59,7:54
하남검단산방화,방화하남검단산,하남검단산방화,방화하남검단산
7:44,7:42,8:06,8:01
마천방화,방화마천,마천방화,방화마천
7:49,7:47,8:12,8:07
하남검단산방화,방화하남검단산,하남검단산방화,방화하남검단산
7:53,7:51,8:19,8:14
마천방화,방화마천,마천방화,방화마천
7:58,7:56,8:25,8:20
하남검단산방화,방화상일동,하남검단산방화,방화하남검단산
8:02,8:01,8:32,8:27
마천방화,방화마천,마천방화,방화마천
8:07,8:05,8:38,8:33
상일동방화,방화하남검단산,하남검단산방화,방화하남검단산
8:11,8:09,8:45,8:40
마천방화,방화마천,마천방화,방화마천
8:15,8:13,8:51,8:46
하남검단산방화,방화하남검단산,하남검단산방화,방화하남검단산
8:19,8:16,8:58,8:53
마천방화,방화마천,마천방화,방화마천
8:23,8:20,-,8:59
하남검단산방화,방화상일동,-,방화하남검단산
8:27,8:23,9:04,9:06
마천방화,방화마천,하남검단산방화,방화마천
8:30,8:27,9:11,9:12
하남검단산방화,방화하남검단산,마천방화,방화하남검단산
8:33,8:30,9:17,9:19
마천방화,방화마천,하남검단산방화,방화마천
8:37,8:34,9:24,9:25
상일동방화,방화하남검단산,마천방화,방화하남검단산
8:40,8:36,9:30,9:32
마천방화,방화마천,하남검단산방화,방화마천
8:44,8:39,9:37,9:38
하남검단산방화,방화상일동,마천방화,방화하남검단산
8:46,8:42,9:43,9:45
마천방화,방화마천,하남검단산방화,방화마천
8:49,8:45,9:50,9:51
하남검단산방화,방화하남검단산,마천방화,방화하남검단산
8:51,8:48,9:56,9:58
마천방화,방화마천,하남검단산방화,방화마천
8:54,8:51,10:03,10:04
상일동방화,방화상일동,마천방화,방화하남검단산
8:56,8:55,10:09,10:11
하남검단산방화,방화마천,하남검단산방화,방화마천
8:59,8:58,10:16,10:17
마천방화,방화하남검단산,마천방화,방화하남검단산
9:01,9:02,10:22,10:24
상일동방화,방화마천,하남검단산방화,방화마천
9:04,9:05,10:29,10:30
마천방화,방화하남검단산,마천방화,방화하남검단산
9:07,9:09,10:35,10:37
하남검단산방화,방화마천,하남검단산방화,방화마천
9:09,9:13,10:42,10:43
상일동방화,방화하남검단산,마천방화,방화하남검단산
9:12,9:17,10:48,10:50
마천방화,방화마천,하남검단산방화,방화마천
9:16,9:21,10:55,10:56
하남검단산방화,방화상일동,마천방화,방화하남검단산
9:19,9:25,11:01,11:03
마천방화,방화마천,하남검단산방화,방화마천
9:22,9:29,11:08,11:09
하남검단산방화,방화하남검단산,마천방화,방화하남검단산
9:26,9:33,11:14,11:16
마천방화,방화마천,하남검단산방화,방화마천
9:30,9:37,11:21,11:22
하남검단산방화,방화하남검단산,마천방화,방화하남검단산
9:34,9:41,11:27,11:29
마천방화,방화마천,하남검단산방화,방화마천
9:38,9:46,11:34,11:35
하남검단산방화,방화하남검단산,마천방화,방화하남검단산
9:42,9:51,11:40,11:42
마천방화,방화마천,하남검단산방화,방화마천
9:46,9:56,11:47,11:48
하남검단산방화,방화하남검단산,마천방화,방화하남검단산
9:51,-,11:53,11:55
마천방화,-,하남검단산방화,방화마천
9:55,-,12:00,12:01
하남검단산방화,-,마천방화,방화하남검단산
10:01,10:00,12:06,12:08
마천방화,방화마천,하남검단산방화,방화마천
10:05,10:05,12:13,12:14
하남검단산방화,방화하남검단산,마천방화,방화하남검단산
10:11,10:10,12:19,12:21
마천방화,방화마천,하남검단산방화,방화마천
10:16,10:16,12:26,12:27
하남검단산방화,방화하남검단산,마천방화,방화하남검단산
10:21,10:23,12:32,12:34
마천방화,방화마천,하남검단산방화,방화마천
10:26,10:29,12:39,12:40
하남검단산방화,방화하남검단산,마천방화,방화하남검단산
10:32,10:36,12:45,12:47
마천방화,방화마천,하남검단산방화,방화마천
10:38,10:42,12:52,12:53
하남검단산방화,방화하남검단산,마천방화,방화하남검단산
10:43,10:48,12:58,-
마천방화,방화마천,하남검단산방화,-
10:49,10:55,13:05,13:00
하남검단산방화,방화하남검단산,마천방화,방화마천
10:55,-,13:11,13:06
마천방화,-,하남검단산방화,방화하남검단산
11:01,11:02,13:18,13:13
하남검단산방화,방화마천,마천방화,방화마천
11:07,11:08,13:24,13:19
마천방화,방화하남검단산,하남검단산방화,방화하남검단산
11:13,11:15,13:31,13:26
하남검단산방화,방화마천,마천방화,방화마천
11:20,11:21,13:37,13:32
마천방화,방화하남검단산,하남검단산방화,방화하남검단산
11:26,11:28,13:44,13:39
하남검단산방화,방화마천,마천방화,방화마천
11:33,11:34,13:50,13:45
마천방화,방화하남검단산,하남검단산방화,방화하남검단산
11:39,11:41,13:57,13:52
하남검단산방화,방화마천,마천방화,방화마천
11:46,11:47,-,13:58
마천방화,방화하남검단산,-,방화하남검단산
11:52,11:54,14:03,14:05
하남검단산방화,방화마천,하남검단산방화,방화마천
11:59,-,14:10,14:11
마천방화,-,마천방화,방화하남검단산
12:05,12:00,14:16,14:18
하남검단산방화,방화하남검단산,하남검단산방화,방화마천
12:12,12:07,14:23,14:24
마천방화,방화마천,마천방화,방화하남검단산
12:18,12:13,14:29,14:31
하남검단산방화,방화하남검단산,하남검단산방화,방화마천
12:25,12:20,14:36,14:37
마천방화,방화마천,마천방화,방화하남검단산
12:31,12:26,14:42,14:44
하남검단산방화,방화하남검단산,하남검단산방화,방화마천
12:38,12:33,14:49,14:50
마천방화,방화마천,마천방화,방화하남검단산
12:44,12:39,14:55,14:57
하남검단산방화,방화하남검단산,하남검단산방화,방화마천
12:51,12:46,15:02,15:03
마천방화,방화마천,마천방화,방화하남검단산
12:57,12:52,15:08,15:10
하남검단산방화,방화하남검단산,하남검단산방화,방화마천
-,12:59,15:15,15:16
-,방화마천,마천방화,방화하남검단산
13:04,13:05,15:21,15:23
마천방화,방화하남검단산,하남검단산방화,방화마천
13:10,13:12,15:28,15:29
하남검단산방화,방화마천,마천방화,방화하남검단산
13:17,13:18,15:34,15:36
마천방화,방화하남검단산,하남검단산방화,방화마천
13:23,13:25,15:41,15:42
하남검단산방화,방화마천,마천방화,방화하남검단산
13:30,13:31,15:47,15:49
마천방화,방화하남검단산,하남검단산방화,방화마천
13:36,13:38,15:54,15:55
하남검단산방화,방화마천,마천방화,방화하남검단산
13:43,13:44,16:00,16:02
마천방화,방화하남검단산,하남검단산방화,방화마천
13:49,13:51,16:07,16:08
하남검단산방화,방화마천,마천방화,방화하남검단산
13:56,13:57,16:13,16:15
마천방화,방화하남검단산,하남검단산방화,방화마천
14:02,14:04,16:20,16:21
하남검단산방화,방화마천,마천방화,방화하남검단산
14:09,14:10,16:26,16:28
마천방화,방화하남검단산,하남검단산방화,방화마천
14:15,14:17,16:33,16:34
하남검단산방화,방화마천,마천방화,방화하남검단산
14:22,14:23,16:39,16:41
마천방화,방화하남검단산,하남검단산방화,방화마천
14:28,14:30,16:46,16:47
하남검단산방화,방화마천,마천방화,방화하남검단산
14:35,14:36,16:52,16:54
마천방화,방화하남검단산,하남검단산방화,방화마천
14:41,14:43,16:59,-
하남검단산방화,방화마천,마천방화,-
14:48,14:49,17:05,17:00
마천방화,방화하남검단산,하남검단산방화,방화하남검단산
14:54,14:56,17:12,17:07
하남검단산방화,방화마천,마천방화,방화마천
15:01,15:02,17:18,17:13
마천방화,방화하남검단산,하남검단산방화,방화하남검단산
15:07,15:09,17:25,17:20
하남검단산방화,방화마천,마천방화,방화마천
15:14,15:15,17:31,17:26
마천방화,방화하남검단산,하남검단산방화,방화하남검단산
15:20,15:22,17:38,17:33
하남검단산방화,방화마천,마천방화,방화마천
15:27,15:28,17:44,17:39
마천방화,방화하남검단산,하남검단산방화,방화하남검단산
15:33,15:35,17:51,17:46
하남검단산방화,방화마천,마천방화,방화마천
15:40,15:41,17:57,17:52
마천방화,방화하남검단산,하남검단산방화,방화하남검단산
15:46,15:48,-,17:59
하남검단산방화,방화마천,-,방화마천
15:53,15:54,18:04,18:05
마천방화,방화하남검단산,마천방화,방화하남검단산
15:59,-,18:10,18:12
하남검단산방화,-,하남검단산방화,방화마천
16:06,16:01,18:17,18:18
마천방화,방화마천,마천방화,방화하남검단산
16:12,16:07,18:23,18:25
하남검단산방화,방화하남검단산,하남검단산방화,방화마천
16:19,16:14,18:30,18:31
마천방화,방화마천,마천방화,방화하남검단산
16:25,16:20,18:36,18:38
하남검단산방화,방화하남검단산,하남검단산방화,방화마천
16:32,16:27,18:43,18:44
마천방화,방화마천,마천방화,방화하남검단산
16:38,16:33,18:49,18:51
하남검단산방화,방화하남검단산,하남검단산방화,방화마천
16:45,16:40,18:56,18:57
마천방화,방화마천,마천방화,방화하남검단산
16:51,16:46,19:02,19:04
하남검단산방화,방화하남검단산,하남검단산방화,방화마천
16:58,16:53,19:09,19:10
마천방화,방화마천,마천방화,방화하남검단산
-,16:59,19:15,19:17
-,방화하남검단산,하남검단산방화,방화마천
17:04,17:05,19:22,19:23
하남검단산방화,방화마천,마천방화,방화하남검단산
17:11,17:11,19:28,19:30
마천방화,방화하남검단산,하남검단산방화,방화마천
17:17,17:17,19:35,19:36
하남검단산방화,방화마천,마천방화,방화하남검단산
17:24,17:23,19:41,19:43
마천방화,방화하남검단산,하남검단산방화,방화마천
17:30,17:28,19:48,19:49
하남검단산방화,방화마천,마천방화,방화하남검단산
17:37,17:33,19:54,19:56
마천방화,방화하남검단산,하남검단산방화,방화마천
17:43,17:37,20:01,20:02
하남검단산방화,방화마천,마천방화,방화하남검단산
17:50,17:41,20:07,20:09
마천방화,방화하남검단산,하남검단산방화,방화마천
17:56,17:45,20:14,20:15
하남검단산방화,방화마천,마천방화,방화하남검단산
-,17:49,20:20,20:22
-,방화하남검단산,하남검단산방화,방화마천
-,17:52,20:27,20:28
-,방화마천,마천방화,방화하남검단산
-,17:56,20:33,20:35
-,방화하남검단산,하남검단산방화,방화마천
-,17:59,20:40,20:41
-,방화마천,마천방화,방화하남검단산
18:01,18:03,20:46,20:48
마천방화,방화하남검단산,하남검단산방화,방화마천
18:06,18:06,20:53,20:54
하남검단산방화,방화마천,마천방화,방화하남검단산
18:10,18:09,20:59,-
마천방화,방화하남검단산,하남검단산방화,-
18:14,18:12,21:06,21:01
하남검단산방화,방화마천,마천방화,방화마천
18:18,18:15,21:12,21:07
마천방화,방화하남검단산,하남검단산방화,방화하남검단산
18:22,18:18,21:19,21:14
상일동방화,방화마천,마천방화,방화마천
18:26,18:21,21:25,21:20
마천방화,방화하남검단산,하남검단산방화,방화하남검단산
18:30,18:24,21:32,21:27
하남검단산방화,방화마천,마천방화,방화마천
18:34,18:27,21:38,21:33
마천방화,방화하남검단산,하남검단산방화,방화하남검단산
18:37,18:30,21:45,21:40
하남검단산방화,방화마천,마천방화,방화마천
18:40,18:33,21:51,21:46
마천방화,방화하남검단산,하남검단산방화,방화하남검단산
18:43,18:36,21:58,21:53
상일동방화,방화마천,마천방화,방화마천
18:46,18:39,-,21:59
마천방화,방화하남검단산,-,방화하남검단산
18:49,18:42,22:04,22:06
하남검단산방화,방화마천,하남검단산방화,방화마천
18:53,18:46,22:11,22:13
마천방화,방화하남검단산,마천방화,방화하남검단산
18:56,18:51,22:17,22:20
하남검단산방화,방화마천,하남검단산방화,방화마천
-,18:56,22:24,22:28
-,방화하남검단산,마천방화,방화하남검단산
19:00,19:01,22:30,22:35
마천방화,방화마천,하남검단산방화,방화마천
19:04,19:06,22:37,22:43
하남검단산방화,방화하남검단산,마천방화,방화상일동
19:08,19:12,22:44,22:51
마천방화,방화마천,하남검단산방화,방화마천
19:12,19:18,22:51,22:59막
상일동방화,방화하남검단산,마천방화,방화하남검단산
19:17,19:24,22:59,-
마천방화,방화마천,하남검단산방화,-
19:21,19:31,23:08,23:07막
하남검단산방화,방화하남검단산,마천방화,방화마천
19:25,19:37,23:17,23:17
마천방화,방화마천,하남검단산방화,방화상일동
19:30,19:44,23:27,23:25막
하남검단산방화,방화하남검단산,마천방화,방화상일동
19:36,19:50,23:37막,23:33막
마천방화,방화마천,하남검단산방화,방화군자
19:42,19:58,23:49막,23:41막
하남검단산방화,방화하남검단산,마천화곡,방화왕십리
19:48,-,23:58막,23:53막
마천방화,-,하남검단산여의도,방화애오개
19:55,-,-,-
하남검단산방화,-,-,-
20:01,20:03,-,-
마천방화,방화마천,-,-
20:08,20:10,-,-
하남검단산방화,방화하남검단산,-,-
20:14,20:16,-,-
마천방화,방화마천,-,-
20:21,20:23,-,-
하남검단산방화,방화하남검단산,-,-
20:27,20:29,-,-
마천방화,방화마천,-,-
20:34,20:36,-,-
하남검단산방화,방화하남검단산,-,-
20:40,20:42,-,-
마천방화,방화마천,-,-
20:47,20:49,-,-
하남검단산방화,방화하남검단산,-,-
20:53,20:55,-,-
마천방화,방화마천,-,-
21:00,21:02,-,-
하남검단산방화,방화하남검단산,-,-
21:06,21:08,-,-
마천방화,방화마천,-,-
21:13,21:15,-,-
하남검단산방화,방화하남검단산,-,-
21:19,21:21,-,-
마천방화,방화마천,-,-
21:26,21:28,-,-
하남검단산방화,방화하남검단산,-,-
21:32,21:34,-,-
마천방화,방화마천,-,-
21:39,21:41,-,-
하남검단산방화,방화하남검단산,-,-
21:45,21:47,-,-
마천방화,방화마천,-,-
21:52,21:54,-,-
하남검단산방화,방화하남검단산,-,-
21:58,-,-,-
마천방화,-,-,-
22:05,22:00,-,-
하남검단산방화,방화마천,-,-
22:11,22:07,-,-
마천방화,방화하남검단산,-,-
22:18,22:13,-,-
하남검단산방화,방화마천,-,-
22:25,22:22,-,-
마천방화,방화하남검단산,-,-
22:32,22:29,-,-
하남검단산방화,방화마천,-,-
22:39,22:37,-,-
마천방화,방화하남검단산,-,-
22:46,22:44,-,-
하남검단산방화,방화마천,-,-
22:53,22:53,-,-
마천방화,방화하남검단산,-,-
23:01,23:01,-,-
하남검단산방화,방화마천,-,-
23:09,23:09,-,-
마천방화,방화하남검단산,-,-
23:17,23:18,-,-
하남검단산방화,방화마천,-,-
23:25,23:27,-,-
마천방화,방화하남검단산,-,-
23:35,23:36,-,-
하남검단산방화,방화마천,-,-
23:47,23:45막,-,-
마천방화,방화하남검단산,-,-
23:59,23:53막,-,-
하남검단산방화,방화마천,-,-
0:12,0:01,-,-
마천방화,방화군자,-,-
00:26막,00:09막,-,-
하남검단산방화,방화상일동,-,-
00:46막,00:27막,-,-
마천여의도,방화군자,-,-
-,00:47막,-,-
-,방화애오개,-,-
