﻿신길방면,여의나루방면,신길방면,여의나루방면
평일,평일,주말,주말
05:30첫,05:46첫,05:30첫,05:46첫
여의도방화,화곡하남검단산,여의도방화,화곡하남검단산
5:44,05:53첫,5:44,05:53첫
애오개방화,화곡마천,애오개방화,화곡마천
5:56,-,5:56,-
왕십리방화,-,왕십리방화,-
6:06,6:01,6:06,6:01
군자방화,방화하남검단산,군자방화,방화하남검단산
6:14,6:08,6:14,6:08
강동방화,방화마천,강동방화,방화마천
6:22,6:15,6:22,6:16
상일동방화,방화하남검단산,상일동방화,방화하남검단산
6:27,6:22,6:30,6:23
마천방화,방화마천,마천방화,방화마천S
6:35,6:29,6:38,6:30
하남검단산방화,방화하남검단산,하남검단산방화,방화하남검단산
6:41,6:35,6:45,6:37
마천방화,방화마천,마천방화,방화마천
6:46,6:42,6:52,6:44
상일동방화,방화하남검단산,상일동방화,방화하남검단산
6:52,6:48,6:59,6:51
마천방화,방화마천,마천방화,방화마천
6:58,6:54,-,6:58
하남검단산방화,방화하남검단산,-,방화하남검단산
-,6:59,7:06,7:05
-,방화마천,하남검단산방화,방화마천
7:04,7:06,7:13,7:12
마천방화,방화하남검단산,마천방화,방화하남검단산
7:10,7:11,7:20,7:19
상일동방화,방화마천,상일동방화,방화마천
7:15,7:16,7:27,7:26
마천방화,방화하남검단산,마천방화,방화하남검단산
7:21,7:21,7:34,7:33
하남검단산방화,방화마천,하남검단산방화,방화마천
7:26,7:26,7:41,7:39
마천방화,방화하남검단산,마천방화,방화하남검단산
7:31,7:31,7:48,7:46
상일동방화,방화마천,하남검단산방화,방화마천
7:36,7:36,7:55,7:52
마천방화,방화하남검단산,마천방화,방화하남검단산
7:41,7:40,-,7:59
하남검단산방화,방화마천,-,방화마천
7:46,7:45,8:01,8:05
마천방화,방화하남검단산,하남검단산방화,방화하남검단산
7:51,7:49,8:08,8:12
하남검단산방화,방화마천,마천방화,방화마천
7:55,7:54,8:14,8:18
마천방화,방화상일동,하남검단산방화,방화하남검단산
-,7:59,8:21,8:25
-,방화마천,마천방화,방화마천
8:00,8:03,8:27,8:31
하남검단산방화,방화하남검단산,하남검단산방화,방화하남검단산
8:04,8:07,8:34,8:38
마천방화,방화마천,마천방화,방화마천
8:09,8:11,8:40,8:44
상일동방화,방화하남검단산,하남검단산방화,방화하남검단산
8:13,8:14,8:47,8:51
마천방화,방화마천,마천방화,방화마천
8:17,8:18,8:53,8:57
하남검단산방화,방화상일동,하남검단산방화,방화하남검단산
8:21,8:21,9:00,9:04
마천방화,방화마천,마천방화,방화마천
8:25,8:25,9:06,9:10
하남검단산방화,방화하남검단산,하남검단산방화,방화하남검단산
8:29,8:28,9:13,9:17
마천방화,방화마천,마천방화,방화마천
8:32,8:32,9:19,9:23
하남검단산방화,방화하남검단산,하남검단산방화,방화하남검단산
8:35,8:34,9:26,9:30
마천방화,방화마천,마천방화,방화마천
8:39,8:37,9:32,9:36
상일동방화,방화상일동,하남검단산방화,방화하남검단산
8:42,8:40,9:39,9:43
마천방화,방화마천,마천방화,방화마천
8:46,8:43,9:45,9:49
하남검단산방화,방화하남검단산,하남검단산방화,방화하남검단산
8:48,8:46,9:52,9:56
마천방화,방화마천,마천방화,방화마천
8:51,8:49,9:58,-
하남검단산방화,방화상일동,하남검단산방화,-
8:53,8:53,10:05,10:02
마천방화,방화마천,마천방화,방화하남검단산
8:56,8:56,10:11,10:09
상일동방화,방화하남검단산,하남검단산방화,방화마천
8:58,-,10:18,10:15
하남검단산방화,-,마천방화,방화하남검단산
9:01,9:00,10:24,10:22
마천방화,방화마천,하남검단산방화,방화마천
9:03,9:03,10:31,10:28
상일동방화,방화하남검단산,마천방화,방화하남검단산
9:06,9:07,10:37,10:35
마천방화,방화마천,하남검단산방화,방화마천
9:09,9:11,10:44,10:41
하남검단산방화,방화하남검단산,마천방화,방화하남검단산
9:11,9:15,10:50,10:48
상일동방화,방화마천,하남검단산방화,방화마천
9:14,9:19,10:57,10:54
마천방화,방화상일동,마천방화,방화하남검단산
9:18,9:23,11:03,11:01
하남검단산방화,방화마천,하남검단산방화,방화마천
9:21,9:27,11:10,11:07
마천방화,방화하남검단산,마천방화,방화하남검단산
9:24,9:31,11:16,11:14
하남검단산방화,방화마천,하남검단산방화,방화마천
9:28,9:35,11:23,11:20
마천방화,방화하남검단산,마천방화,방화하남검단산
9:32,9:39,11:29,11:27
하남검단산방화,방화마천,하남검단산방화,방화마천
9:36,9:44,11:36,11:33
마천방화,방화하남검단산,마천방화,방화하남검단산
9:40,9:49,11:42,11:40
하남검단산방화,방화마천,하남검단산방화,방화마천
9:44,9:54,11:49,11:46
마천방화,방화하남검단산,마천방화,방화하남검단산
9:48,9:58,11:55,11:53
하남검단산방화,방화마천,하남검단산방화,방화마천
9:53,-,-,11:59
마천방화,-,-,방화하남검단산
9:57,-,12:02,12:06
하남검단산방화,-,마천방화,방화마천
10:03,10:03,12:08,12:12
마천방화,방화하남검단산,하남검단산방화,방화하남검단산
10:07,10:08,12:15,12:19
하남검단산방화,방화마천,마천방화,방화마천
10:13,10:14,12:21,12:25
마천방화,방화하남검단산,하남검단산방화,방화하남검단산
10:18,10:21,12:28,12:32
하남검단산방화,방화마천,마천방화,방화마천
10:23,10:27,12:34,12:38
마천방화,방화하남검단산,하남검단산방화,방화하남검단산
10:28,10:34,12:41,12:45
하남검단산방화,방화마천,마천방화,방화마천
10:34,10:40,12:47,12:51
마천방화,방화하남검단산,하남검단산방화,방화하남검단산
10:40,10:46,12:54,12:58
하남검단산방화,방화마천,마천방화,방화마천
10:45,10:53,13:00,13:04
마천방화,방화하남검단산,하남검단산방화,방화하남검단산
10:51,-,13:07,13:11
하남검단산방화,-,마천방화,방화마천
10:57,-,13:13,13:17
마천방화,-,하남검단산방화,방화하남검단산
11:03,11:00,13:20,13:24
하남검단산방화,방화마천,마천방화,방화마천
11:09,11:06,13:26,13:30
마천방화,방화하남검단산,하남검단산방화,방화하남검단산
11:15,11:13,13:33,13:37
하남검단산방화,방화마천,마천방화,방화마천
11:22,11:19,13:39,13:43
마천방화,방화하남검단산,하남검단산방화,방화하남검단산
11:28,11:26,13:46,13:50
하남검단산방화,방화마천,마천방화,방화마천
11:35,11:32,13:52,13:56
마천방화,방화하남검단산,하남검단산방화,방화하남검단산
11:41,11:39,13:59,-
하남검단산방화,방화마천,마천방화,-
11:48,11:45,14:05,14:03
마천방화,방화하남검단산,하남검단산방화,방화마천
11:54,11:52,14:12,14:09
하남검단산방화,방화마천,마천방화,방화하남검단산
-,11:58,14:18,14:16
-,방화하남검단산,하남검단산방화,방화마천
12:01,12:05,14:25,14:22
마천방화,방화마천,마천방화,방화하남검단산
12:07,12:11,14:31,14:29
하남검단산방화,방화하남검단산,하남검단산방화,방화마천
12:14,12:18,14:38,14:35
마천방화,방화마천,마천방화,방화하남검단산
12:20,12:24,14:44,14:42
하남검단산방화,방화하남검단산,하남검단산방화,방화마천
12:27,12:31,14:51,14:48
마천방화,방화마천,마천방화,방화하남검단산
12:33,12:37,14:57,14:55
하남검단산방화,방화하남검단산,하남검단산방화,방화마천
12:40,12:44,15:04,15:01
마천방화,방화마천,마천방화,방화하남검단산
12:46,12:50,15:10,15:08
하남검단산방화,방화하남검단산,하남검단산방화,방화마천
12:53,12:57,15:17,15:14
마천방화,방화마천,마천방화,방화하남검단산
12:59,-,15:23,15:21
하남검단산방화,-,하남검단산방화,방화마천
13:06,13:03,15:30,15:27
마천방화,방화하남검단산,마천방화,방화하남검단산
13:12,13:10,15:36,15:34
하남검단산방화,방화마천,하남검단산방화,방화마천
13:19,13:16,15:43,15:40
마천방화,방화하남검단산,마천방화,방화하남검단산
13:25,13:23,15:49,15:47
하남검단산방화,방화마천,하남검단산방화,방화마천
13:32,13:29,15:56,15:53
마천방화,방화하남검단산,마천방화,방화하남검단산
13:38,13:36,16:02,16:00
하남검단산방화,방화마천,하남검단산방화,방화마천
13:45,13:42,16:09,16:06
마천방화,방화하남검단산,마천방화,방화하남검단산
13:51,13:49,16:15,16:13
하남검단산방화,방화마천,하남검단산방화,방화마천
13:58,13:55,16:22,16:19
마천방화,방화하남검단산,마천방화,방화하남검단산
14:04,14:02,16:28,16:26
하남검단산방화,방화마천,하남검단산방화,방화마천
14:11,14:08,16:35,16:32
마천방화,방화하남검단산,마천방화,방화하남검단산
14:17,14:15,16:41,16:39
하남검단산방화,방화마천,하남검단산방화,방화마천
14:24,14:21,16:48,16:45
마천방화,방화하남검단산,마천방화,방화하남검단산
14:30,14:28,16:54,16:52
하남검단산방화,방화마천,하남검단산방화,방화마천
14:37,14:34,-,16:58
마천방화,방화하남검단산,-,방화하남검단산
14:43,14:41,17:01,17:05
하남검단산방화,방화마천,마천방화,방화마천
14:50,14:47,17:07,17:11
마천방화,방화하남검단산,하남검단산방화,방화하남검단산
14:56,14:54,17:14,17:18
하남검단산방화,방화마천,마천방화,방화마천
15:03,15:00,17:20,17:24
마천방화,방화하남검단산,하남검단산방화,방화하남검단산
15:09,15:07,17:27,17:31
하남검단산방화,방화마천,마천방화,방화마천
15:16,15:13,17:33,17:37
마천방화,방화하남검단산,하남검단산방화,방화하남검단산
15:22,15:20,17:40,17:44
하남검단산방화,방화마천,마천방화,방화마천
15:29,15:26,17:46,17:50
마천방화,방화하남검단산,하남검단산방화,방화하남검단산
15:35,15:33,17:53,17:57
하남검단산방화,방화마천,마천방화,방화마천
15:42,15:39,17:59,-
마천방화,방화하남검단산,하남검단산방화,-
15:48,15:46,18:06,18:03
하남검단산방화,방화마천,마천방화,방화하남검단산
15:55,15:52,18:12,18:10
마천방화,방화하남검단산,하남검단산방화,방화마천
-,15:59,18:19,18:16
-,방화마천,마천방화,방화하남검단산
16:01,16:05,18:25,18:23
하남검단산방화,방화하남검단산,하남검단산방화,방화마천
16:08,16:12,18:32,18:29
마천방화,방화마천,마천방화,방화하남검단산
16:14,16:18,18:38,18:36
하남검단산방화,방화하남검단산,하남검단산방화,방화마천
16:21,16:25,18:45,18:42
마천방화,방화마천,마천방화,방화하남검단산
16:27,16:31,18:51,18:49
하남검단산방화,방화하남검단산,하남검단산방화,방화마천
16:34,16:38,18:58,18:55
마천방화,방화마천,마천방화,방화하남검단산
16:40,16:44,19:04,19:02
하남검단산방화,방화하남검단산,하남검단산방화,방화마천
16:47,16:51,19:11,19:08
마천방화,방화마천,마천방화,방화하남검단산
16:53,16:57,19:17,19:15
하남검단산방화,방화하남검단산,하남검단산방화,방화마천
17:00,17:03,19:24,19:21
마천방화,방화마천,마천방화,방화하남검단산
17:06,17:09,19:30,19:28
하남검단산방화,방화하남검단산,하남검단산방화,방화마천
17:13,17:15,19:37,19:34
마천방화,방화마천,마천방화,방화하남검단산
17:19,17:21,19:43,19:41
하남검단산방화,방화하남검단산,하남검단산방화,방화마천
17:26,17:26,19:50,19:47
마천방화,방화마천,마천방화,방화하남검단산
17:32,17:31,19:56,19:54
하남검단산방화,방화하남검단산,하남검단산방화,방화마천
17:39,17:35,20:03,20:00
마천방화,방화마천,마천방화,방화하남검단산
17:45,17:39,20:09,20:07
하남검단산방화,방화하남검단산,하남검단산방화,방화마천
17:52,17:43,20:16,20:13
마천방화,방화마천,마천방화,방화하남검단산
17:58,17:47,20:22,20:20
하남검단산방화,방화하남검단산,하남검단산방화,방화마천
-,17:50,20:29,20:26
-,방화마천,마천방화,방화하남검단산
-,17:54,20:35,20:33
-,방화하남검단산,하남검단산방화,방화마천
-,17:57,20:42,20:39
-,방화마천,마천방화,방화하남검단산
18:03,18:01,20:48,20:46
마천방화,방화하남검단산,하남검단산방화,방화마천
18:08,18:04,20:55,20:52
하남검단산방화,방화마천,마천방화,방화하남검단산
18:12,18:07,-,20:59
마천방화,방화하남검단산,-,방화마천
18:16,18:10,21:01,21:05
하남검단산방화,방화마천,하남검단산방화,방화하남검단산
18:20,18:13,21:08,21:12
마천방화,방화하남검단산,마천방화,방화마천
18:24,18:16,21:14,21:18
상일동방화,방화마천,하남검단산방화,방화하남검단산
18:28,18:19,21:21,21:25
마천방화,방화하남검단산,마천방화,방화마천
18:32,18:22,21:27,21:31
하남검단산방화,방화마천,하남검단산방화,방화하남검단산
18:36,18:25,21:34,21:38
마천방화,방화하남검단산,마천방화,방화마천
18:39,18:28,21:40,21:44
하남검단산방화,방화마천,하남검단산방화,방화하남검단산
18:42,18:31,21:47,21:51
마천방화,방화하남검단산,마천방화,방화마천
18:45,18:34,21:53,21:57
상일동방화,방화마천,하남검단산방화,방화하남검단산
18:48,18:37,22:00,22:04
마천방화,방화하남검단산,마천방화,방화마천
18:51,18:40,22:06,22:11
하남검단산방화,방화마천,하남검단산방화,방화하남검단산
18:55,18:44,22:13,22:18
마천방화,방화하남검단산,마천방화,방화마천
18:58,18:49,22:19,22:26
하남검단산방화,방화마천,하남검단산방화,방화하남검단산
-,18:54,22:26,22:33
-,방화하남검단산,마천방화,방화마천
-,18:59,22:32,22:41
-,방화마천,하남검단산방화,방화상일동
19:02,19:04,22:39,22:49
마천방화,방화하남검단산,마천방화,방화마천
19:06,19:10,22:46,22:57막
하남검단산방화,방화마천,하남검단산방화,방화하남검단산
19:10,19:16,22:53,-
마천방화,방화하남검단산,마천방화,-
19:14,19:22,23:01,23:05막
상일동방화,방화마천,하남검단산방화,방화마천
19:18,19:29,23:10,23:15
마천방화,방화하남검단산,마천방화,방화상일동
19:22,19:35,23:19,23:23막
하남검단산방화,방화마천,하남검단산방화,방화상일동
19:26,19:42,23:29,23:31막
마천방화,방화하남검단산,마천방화,방화군자
19:31,19:48,23:39막,23:39막
하남검단산방화,방화마천,하남검단산방화,방화왕십리
19:38,19:56,23:51막,23:51막
마천방화,방화하남검단산,마천화곡,방화애오개
19:44,-,-,-
하남검단산방화,-,-,-
19:50,-,-,-
마천방화,-,-,-
19:57,-,-,-
하남검단산방화,-,-,-
20:03,20:01,-,-
마천방화,방화마천,-,-
20:10,20:08,-,-
하남검단산방화,방화하남검단산,-,-
20:16,20:14,-,-
마천방화,방화마천,-,-
20:23,20:21,-,-
하남검단산방화,방화하남검단산,-,-
20:29,20:27,-,-
마천방화,방화마천,-,-
20:36,20:34,-,-
하남검단산방화,방화하남검단산,-,-
20:42,20:40,-,-
마천방화,방화마천,-,-
20:49,20:47,-,-
하남검단산방화,방화하남검단산,-,-
20:55,20:53,-,-
마천방화,방화마천,-,-
21:02,21:00,-,-
하남검단산방화,방화하남검단산,-,-
21:08,21:06,-,-
마천방화,방화마천,-,-
21:15,21:13,-,-
하남검단산방화,방화하남검단산,-,-
21:21,21:19,-,-
마천방화,방화마천,-,-
21:28,21:26,-,-
하남검단산방화,방화하남검단산,-,-
21:34,21:32,-,-
마천방화,방화마천,-,-
21:41,21:39,-,-
하남검단산방화,방화하남검단산,-,-
21:47,21:45,-,-
마천방화,방화마천,-,-
21:54,21:52,-,-
하남검단산방화,방화하남검단산,-,-
-,21:58,-,-
-,방화마천,-,-
22:00,22:05,-,-
마천방화,방화하남검단산,-,-
22:07,22:11,-,-
하남검단산방화,방화마천,-,-
22:13,22:20,-,-
마천방화,방화하남검단산,-,-
22:20,22:27,-,-
하남검단산방화,방화마천,-,-
22:27,22:35,-,-
마천방화,방화하남검단산,-,-
22:34,22:42,-,-
하남검단산방화,방화마천,-,-
22:41,22:51,-,-
마천방화,방화하남검단산,-,-
22:48,22:59,-,-
하남검단산방화,방화마천,-,-
22:55,-,-,-
마천방화,-,-,-
23:03,23:07,-,-
하남검단산방화,방화하남검단산,-,-
23:11,23:16,-,-
마천방화,방화마천,-,-
23:19,23:25,-,-
하남검단산방화,방화하남검단산,-,-
23:27,23:34,-,-
마천방화,방화마천,-,-
23:37,23:43막,-,-
하남검단산방화,방화하남검단산,-,-
23:49,23:51막,-,-
마천방화,방화마천,-,-
-,23:59,-,-
-,방화군자,-,-
0:01,00:07막,-,-
하남검단산방화,방화상일동,-,-
0:14,00:25막,-,-
마천방화,방화군자,-,-
00:28막,00:45막,-,-
하남검단산방화,방화애오개,-,-
