동대문역사문화공원방면,신금호방면,동대문역사문화공원방면,신금호방면
평일,평일,주말,주말
05:35첫,05:53첫,05:35첫,05:53첫
왕십리방화,애오개마천,왕십리방화,애오개마천
5:45,-,5:45,-
군자방화,-,군자방화,-
5:53,-,5:53,-
강동방화,-,강동방화,-
6:01,06:07첫,6:01,06:07첫
상일동방화,화곡하남검단산,상일동방화,화곡하남검단산
6:06,6:14,6:08,6:14
마천방화,화곡마천,마천방화,화곡마천
6:14,6:22,6:16,6:22
하남검단산방화,방화하남검단산,하남검단산방화,방화하남검단산
6:19,6:29,6:23,6:30
마천방화,방화마천,마천방화,방화마천
6:25,6:36,6:30,6:37
상일동방화,방화하남검단산,상일동방화,방화하남검단산
6:31,6:43,6:37,6:44
마천방화,방화마천,마천방화,방화마천
6:37,6:50,6:44,6:51
하남검단산방화,방화하남검단산,하남검단산방화,방화하남검단산
6:43,6:57,6:51,6:58
마천방화,방화마천,마천방화,방화마천
6:48,-,6:58,-
상일동방화,-,상일동방화,-
6:54,-,7:05,7:05
마천방화,-,마천방화,방화하남검단산
6:59,-,7:12,7:12
하남검단산방화,-,하남검단산방화,방화마천
7:05,7:03,7:19,7:19
마천방화,방화하남검단산,마천방화,방화하남검단산
7:10,7:09,7:26,7:26
상일동방화,방화마천,하남검단산방화,방화마천
7:15,7:16,7:33,7:33
마천방화,방화하남검단산,마천방화,방화하남검단산
7:20,7:21,7:40,7:40
하남검단산방화,방화마천,하남검단산방화,방화마천
7:25,7:27,7:46,7:47
마천방화,방화하남검단산,마천방화,방화하남검단산
7:29,7:32,7:53,7:54
하남검단산방화,방화마천,하남검단산방화,방화마천
7:34,7:38,7:59,-
마천방화,방화하남검단산,마천방화,-
7:38,7:43,8:06,8:01
하남검단산방화,방화마천,하남검단산방화,방화하남검단산
7:43,7:48,8:12,8:07
마천방화,방화하남검단산,마천방화,방화마천
7:47,7:53,8:19,8:14
상일동방화,방화마천,하남검단산방화,방화하남검단산
7:51,7:58,8:25,8:20
마천방화,방화하남검단산,마천방화,방화마천
7:55,-,8:32,8:27
하남검단산방화,-,하남검단산방화,방화하남검단산
7:59,-,8:38,8:33
마천방화,-,마천방화,방화마천
8:03,8:02,8:45,8:40
하남검단산방화,방화마천,하남검단산방화,방화하남검단산
8:07,8:07,8:51,8:46
마천방화,방화하남검단산,마천방화,방화마천
8:10,8:11,8:58,8:53
하남검단산방화,방화마천,하남검단산방화,방화하남검단산
8:13,8:16,-,8:59
마천방화,방화상일동,-,방화마천
8:17,8:20,9:04,9:06
상일동방화,방화마천,마천방화,방화하남검단산
8:20,8:24,9:11,9:12
마천방화,방화하남검단산,하남검단산방화,방화마천
8:23,8:28,9:17,9:19
하남검단산방화,방화마천,마천방화,방화하남검단산
8:26,8:32,9:24,9:25
마천방화,방화하남검단산,하남검단산방화,방화마천
8:28,8:36,9:30,9:32
하남검단산방화,방화마천,마천방화,방화하남검단산
8:31,8:40,9:37,9:38
마천방화,방화상일동,하남검단산방화,방화마천
8:33,8:43,9:43,9:45
상일동방화,방화마천,마천방화,방화하남검단산
8:36,8:47,9:50,9:51
하남검단산방화,방화하남검단산,하남검단산방화,방화마천
8:38,8:50,9:56,9:58
마천방화,방화마천,마천방화,방화하남검단산
8:41,8:54,10:03,10:04
상일동방화,방화하남검단산,하남검단산방화,방화마천
8:43,8:57,10:09,10:11
마천방화,방화마천,마천방화,방화하남검단산
8:46,8:59,10:16,10:17
하남검단산방화,방화상일동,하남검단산방화,방화마천
8:49,-,10:22,10:24
상일동방화,-,마천방화,방화하남검단산
8:52,-,10:29,10:30
마천방화,-,하남검단산방화,방화마천
8:56,-,10:35,10:37
하남검단산방화,-,마천방화,방화하남검단산
8:59,-,10:42,10:43
마천방화,-,하남검단산방화,방화마천
9:02,9:02,10:48,10:50
하남검단산방화,방화마천,마천방화,방화하남검단산
9:06,9:05,10:55,10:56
마천방화,방화하남검단산,하남검단산방화,방화마천
9:10,9:08,11:01,11:03
하남검단산방화,방화마천,마천방화,방화하남검단산
9:14,9:12,11:08,11:09
마천방화,방화상일동,하남검단산방화,방화마천
9:18,9:15,11:14,11:16
하남검단산방화,방화마천,마천방화,방화하남검단산
9:23,9:18,11:21,11:22
마천방화,방화하남검단산,하남검단산방화,방화마천
9:27,9:22,11:27,11:29
하남검단산방화,방화마천,마천방화,방화하남검단산
9:31,9:25,11:34,11:35
마천방화,방화하남검단산,하남검단산방화,방화마천
9:36,9:29,11:40,11:42
하남검단산방화,방화마천,마천방화,방화하남검단산
9:41,9:33,11:47,11:48
마천방화,방화하남검단산,하남검단산방화,방화마천
9:46,9:37,11:53,11:55
하남검단산방화,방화마천,마천방화,방화하남검단산
9:51,9:41,12:00,12:01
마천방화,방화상일동,하남검단산방화,방화마천
9:56,9:45,12:06,12:08
하남검단산방화,방화마천,마천방화,방화하남검단산
-,9:49,12:13,12:14
-,방화하남검단산,하남검단산방화,방화마천
-,9:53,12:19,12:21
-,방화마천,마천방화,방화하남검단산
-,9:56,12:26,12:27
-,방화하남검단산,하남검단산방화,방화마천
10:02,10:01,12:32,12:34
마천방화,방화마천,마천방화,방화하남검단산
10:07,10:05,12:39,12:40
하남검단산방화,방화하남검단산,하남검단산방화,방화마천
10:13,10:10,12:45,12:47
마천방화,방화마천,마천방화,방화하남검단산
10:18,10:15,12:52,12:53
하남검단산방화,방화하남검단산,하남검단산방화,방화마천
10:24,10:20,12:58,-
마천방화,방화마천,마천방화,-
10:29,10:25,13:05,13:00
하남검단산방화,방화하남검단산,하남검단산방화,방화하남검단산
10:35,10:30,13:11,13:06
마천방화,방화마천,마천방화,방화마천
10:41,10:36,13:18,13:13
하남검단산방화,방화하남검단산,하남검단산방화,방화하남검단산
10:47,10:42,13:24,13:19
마천방화,방화마천,마천방화,방화마천
10:54,10:49,13:31,13:26
하남검단산방화,방화하남검단산,하남검단산방화,방화하남검단산
-,10:55,13:37,13:32
-,방화마천,마천방화,방화마천
11:00,11:02,13:44,13:39
마천방화,방화하남검단산,하남검단산방화,방화하남검단산
11:07,11:08,13:50,13:45
하남검단산방화,방화마천,마천방화,방화마천
11:13,11:15,13:57,13:52
마천방화,방화하남검단산,하남검단산방화,방화하남검단산
11:20,11:21,-,13:58
하남검단산방화,방화마천,-,방화마천
11:26,11:28,14:03,14:05
마천방화,방화하남검단산,마천방화,방화하남검단산
11:33,11:34,14:10,14:11
하남검단산방화,방화마천,하남검단산방화,방화마천
11:39,11:41,14:16,14:18
마천방화,방화하남검단산,마천방화,방화하남검단산
11:46,11:47,14:23,14:24
하남검단산방화,방화마천,하남검단산방화,방화마천
11:52,11:54,14:29,14:31
마천방화,방화하남검단산,마천방화,방화하남검단산
11:59,-,14:36,14:37
하남검단산방화,-,하남검단산방화,방화마천
12:05,12:00,14:42,14:44
마천방화,방화마천,마천방화,방화하남검단산
12:12,12:07,14:49,14:50
하남검단산방화,방화하남검단산,하남검단산방화,방화마천
12:18,12:13,14:55,14:57
마천방화,방화마천,마천방화,방화하남검단산
12:25,12:20,15:02,15:03
하남검단산방화,방화하남검단산,하남검단산방화,방화마천
12:31,12:26,15:08,15:10
마천방화,방화마천,마천방화,방화하남검단산
12:38,12:33,15:15,15:16
하남검단산방화,방화하남검단산,하남검단산방화,방화마천
12:44,12:39,15:21,15:23
마천방화,방화마천,마천방화,방화하남검단산
12:51,12:46,15:28,15:29
하남검단산방화,방화하남검단산,하남검단산방화,방화마천
12:57,12:52,15:34,15:36
마천방화,방화마천,마천방화,방화하남검단산
-,12:59,15:41,15:42
-,방화하남검단산,하남검단산방화,방화마천
13:04,13:05,15:47,15:49
하남검단산방화,방화마천,마천방화,방화하남검단산
13:10,13:12,15:54,15:55
마천방화,방화하남검단산,하남검단산방화,방화마천
13:17,13:18,16:00,16:02
하남검단산방화,방화마천,마천방화,방화하남검단산
13:23,13:25,16:07,16:08
마천방화,방화하남검단산,하남검단산방화,방화마천
13:30,13:31,16:13,16:15
하남검단산방화,방화마천,마천방화,방화하남검단산
13:36,13:38,16:20,16:21
마천방화,방화하남검단산,하남검단산방화,방화마천
13:43,13:44,16:26,16:28
하남검단산방화,방화마천,마천방화,방화하남검단산
13:49,13:51,16:33,16:34
마천방화,방화하남검단산,하남검단산방화,방화마천
13:56,13:57,16:39,16:41
하남검단산방화,방화마천,마천방화,방화하남검단산
14:02,14:04,16:46,16:47
마천방화,방화하남검단산,하남검단산방화,방화마천
14:09,14:10,16:52,16:54
하남검단산방화,방화마천,마천방화,방화하남검단산
14:15,14:17,16:59,-
마천방화,방화하남검단산,하남검단산방화,-
14:22,14:23,17:05,17:00
하남검단산방화,방화마천,마천방화,방화마천
14:28,14:30,17:12,17:07
마천방화,방화하남검단산,하남검단산방화,방화하남검단산
14:35,14:36,17:18,17:13
하남검단산방화,방화마천,마천방화,방화마천
14:41,14:43,17:25,17:20
마천방화,방화하남검단산,하남검단산방화,방화하남검단산
14:48,14:49,17:31,17:26
하남검단산방화,방화마천,마천방화,방화마천
14:54,14:56,17:38,17:33
마천방화,방화하남검단산,하남검단산방화,방화하남검단산
15:01,15:02,17:44,17:39
하남검단산방화,방화마천,마천방화,방화마천
15:07,15:09,17:51,17:46
마천방화,방화하남검단산,하남검단산방화,방화하남검단산
15:14,15:15,17:57,17:52
하남검단산방화,방화마천,마천방화,방화마천
15:20,15:22,-,17:59
마천방화,방화하남검단산,-,방화하남검단산
15:27,15:28,18:04,18:05
하남검단산방화,방화마천,하남검단산방화,방화마천
15:33,15:35,18:10,18:12
마천방화,방화하남검단산,마천방화,방화하남검단산
15:40,15:41,18:17,18:18
하남검단산방화,방화마천,하남검단산방화,방화마천
15:46,15:48,18:23,18:25
마천방화,방화하남검단산,마천방화,방화하남검단산
15:53,15:54,18:30,18:31
하남검단산방화,방화마천,하남검단산방화,방화마천
15:59,-,18:36,18:38
마천방화,-,마천방화,방화하남검단산
16:06,16:01,18:43,18:44
하남검단산방화,방화하남검단산,하남검단산방화,방화마천
16:12,16:07,18:49,18:51
마천방화,방화마천,마천방화,방화하남검단산
16:19,16:14,18:56,18:57
하남검단산방화,방화하남검단산,하남검단산방화,방화마천
16:25,16:20,19:02,19:04
마천방화,방화마천,마천방화,방화하남검단산
16:32,16:27,19:09,19:10
하남검단산방화,방화하남검단산,하남검단산방화,방화마천
16:38,16:33,19:15,19:17
마천방화,방화마천,마천방화,방화하남검단산
16:45,16:40,19:22,19:23
하남검단산방화,방화하남검단산,하남검단산방화,방화마천
16:51,16:46,19:28,19:30
마천방화,방화마천,마천방화,방화하남검단산
16:58,16:53,19:35,19:36
하남검단산방화,방화하남검단산,하남검단산방화,방화마천
-,16:59,19:41,19:43
-,방화마천,마천방화,방화하남검단산
17:04,17:06,19:48,19:49
마천방화,방화하남검단산,하남검단산방화,방화마천
17:11,17:12,19:54,19:56
하남검단산방화,방화마천,마천방화,방화하남검단산
17:17,17:18,20:01,20:02
마천방화,방화하남검단산,하남검단산방화,방화마천
17:24,17:24,20:07,20:09
하남검단산방화,방화마천,마천방화,방화하남검단산
17:30,17:30,20:14,20:15
마천방화,방화하남검단산,하남검단산방화,방화마천
17:37,17:36,20:20,20:22
하남검단산방화,방화마천,마천방화,방화하남검단산
17:41,17:42,20:27,20:28
마천방화,방화하남검단산,하남검단산방화,방화마천
17:46,17:47,20:33,20:35
하남검단산방화,방화마천,마천방화,방화하남검단산
17:50,17:52,20:40,20:41
마천방화,방화하남검단산,하남검단산방화,방화마천
17:54,17:56,20:46,20:48
하남검단산방화,방화마천,마천방화,방화하남검단산
17:58,-,20:53,20:54
마천방화,-,하남검단산방화,방화마천
18:02,18:00,20:59,-
상일동방화,방화하남검단산,마천방화,-
18:06,18:04,21:06,21:01
마천방화,방화마천,하남검단산방화,방화하남검단산
18:10,18:08,21:12,21:07
하남검단산방화,방화하남검단산,마천방화,방화마천
18:14,18:12,21:19,21:14
마천방화,방화마천,하남검단산방화,방화하남검단산
18:17,18:15,21:25,21:20
하남검단산방화,방화하남검단산,마천방화,방화마천
18:20,18:19,21:32,21:27
마천방화,방화마천,하남검단산방화,방화하남검단산
18:23,18:22,21:38,21:33
상일동방화,방화하남검단산,마천방화,방화마천
18:26,18:25,21:45,21:40
마천방화,방화마천,하남검단산방화,방화하남검단산
18:29,18:28,21:51,21:46
하남검단산방화,방화하남검단산,마천방화,방화마천
18:33,18:31,21:58,21:53
마천방화,방화마천,하남검단산방화,방화하남검단산
18:36,18:34,-,21:59
하남검단산방화,방화하남검단산,-,방화마천
18:40,18:37,22:04,22:06
마천방화,방화마천,마천방화,방화하남검단산
18:44,18:40,22:11,22:12
하남검단산방화,방화하남검단산,하남검단산방화,방화마천
18:48,18:43,22:17,22:19
마천방화,방화마천,마천방화,방화하남검단산
18:52,18:46,22:24,22:25
상일동방화,방화하남검단산,하남검단산방화,방화마천
18:57,18:49,22:31,22:32
마천방화,방화마천,마천방화,방화하남검단산
-,18:52,22:39,22:40
-,방화하남검단산,하남검단산방화,방화마천
-,18:55,22:48,22:47
-,방화마천,마천방화,방화하남검단산
-,18:58,22:57,22:55
-,방화하남검단산,하남검단산방화,방화마천
19:01,19:02,23:07,23:03
하남검단산방화,방화마천,마천방화,방화상일동
19:05,19:05,23:18막,23:11
마천방화,방화하남검단산,하남검단산방화,방화마천
19:10,19:10,23:29막,23:19막
하남검단산방화,방화마천,마천화곡,방화하남검단산
19:16,19:15,23:38막,23:27막
마천방화,방화하남검단산,하남검단산여의도,방화마천
19:22,19:20,23:50막,23:36
하남검단산방화,방화마천,마천애오개,방화상일동
19:29,19:25,-,23:44막
마천방화,방화하남검단산,-,방화상일동
19:35,19:31,-,23:52막
하남검단산방화,방화마천,-,방화군자
19:42,19:37,-,00:00막
마천방화,방화하남검단산,-,방화왕십리
19:48,19:44,-,-
하남검단산방화,방화마천,-,-
19:55,19:50,-,-
마천방화,방화하남검단산,-,-
-,19:57,-,-
-,방화마천,-,-
20:01,20:03,-,-
하남검단산방화,방화하남검단산,-,-
20:08,20:10,-,-
마천방화,방화마천,-,-
20:14,20:17,-,-
하남검단산방화,방화하남검단산,-,-
20:21,20:23,-,-
마천방화,방화마천,-,-
20:27,20:29,-,-
하남검단산방화,방화하남검단산,-,-
20:34,20:36,-,-
마천방화,방화마천,-,-
20:40,20:42,-,-
하남검단산방화,방화하남검단산,-,-
20:47,20:49,-,-
마천방화,방화마천,-,-
20:53,20:55,-,-
하남검단산방화,방화하남검단산,-,-
21:00,21:02,-,-
마천방화,방화마천,-,-
21:06,21:08,-,-
하남검단산방화,방화하남검단산,-,-
21:13,21:15,-,-
마천방화,방화마천,-,-
21:19,21:21,-,-
하남검단산방화,방화하남검단산,-,-
21:26,21:28,-,-
마천방화,방화마천,-,-
21:32,21:34,-,-
하남검단산방화,방화하남검단산,-,-
21:39,21:41,-,-
마천방화,방화마천,-,-
21:45,21:47,-,-
하남검단산방화,방화하남검단산,-,-
21:52,21:54,-,-
마천방화,방화마천,-,-
21:58,-,-,-
하남검단산방화,-,-,-
22:05,22:00,-,-
마천방화,방화하남검단산,-,-
22:12,22:07,-,-
하남검단산방화,방화마천,-,-
22:19,22:13,-,-
마천방화,방화하남검단산,-,-
22:26,22:20,-,-
하남검단산방화,방화마천,-,-
22:33,22:26,-,-
마천방화,방화하남검단산,-,-
22:41,22:33,-,-
하남검단산방화,방화마천,-,-
22:49,22:41,-,-
마천방화,방화하남검단산,-,-
22:57,22:49,-,-
하남검단산방화,방화마천,-,-
-,22:56,-,-
-,방화하남검단산,-,-
23:05,23:04,-,-
마천방화,방화마천,-,-
23:16,23:12,-,-
하남검단산방화,방화하남검단산,-,-
23:27,23:20,-,-
마천방화,방화마천,-,-
23:40,23:29,-,-
하남검단산방화,방화하남검단산,-,-
23:53,23:37,-,-
마천방화,방화마천,-,-
-,23:46,-,-
-,방화하남검단산,-,-
-,23:55,-,-
-,방화마천,-,-
00:07막,00:04막,-,-
하남검단산방화,방화하남검단산,-,-
00:27막,00:12막,-,-
마천여의도,방화마천,-,-
00:47막,0:20,-,-
하남검단산애오개,방화군자,-,-
-,00:28막,-,-
-,방화상일동,-,-
-,00:46막,-,-
-,방화군자,-,-
