신금호방면,왕십리방면,신금호방면,왕십리방면
평일,평일,주말,주말
05:31첫,05:57첫,05:31첫,05:57첫
왕십리방화,애오개마천,왕십리방화,애오개마천
5:41,-,5:41,-
군자방화,-,군자방화,-
5:49,-,5:49,-
강동방화,-,강동방화,-
5:57,-,5:57,-
상일동방화,-,상일동방화,-
6:02,06:11첫,6:05,06:11첫
마천방화,화곡하남검단산,마천방화,화곡하남검단산
6:10,6:18,6:13,6:18
하남검단산방화,화곡마천,하남검단산방화,화곡마천
6:16,6:26,6:20,6:26
마천방화,방화하남검단산,마천방화,방화하남검단산
6:21,6:33,6:27,6:33
상일동방화,방화마천,상일동방화,방화마천
6:27,6:40,6:34,6:41
마천방화,방화하남검단산,마천방화,방화하남검단산
6:33,6:47,6:41,6:48
하남검단산방화,방화마천,하남검단산방화,방화마천
6:39,6:54,6:48,6:55
마천방화,방화하남검단산,마천방화,방화하남검단산
6:45,-,6:55,-
상일동방화,-,상일동방화,-
6:50,-,7:02,7:02
마천방화,-,마천방화,방화마천
6:56,-,7:09,7:09
하남검단산방화,-,하남검단산방화,방화하남검단산
7:01,7:00,7:16,7:16
마천방화,방화마천,마천방화,방화마천
7:06,7:07,7:23,7:23
상일동방화,방화하남검단산,하남검단산방화,방화하남검단산
7:11,7:13,7:30,7:30
마천방화,방화마천,마천방화,방화마천
7:16,7:19,7:36,7:37
하남검단산방화,방화하남검단산,하남검단산방화,방화하남검단산
7:21,7:24,7:43,7:44
마천방화,방화마천,마천방화,방화마천
7:25,7:31,7:49,7:51
하남검단산방화,방화하남검단산,하남검단산방화,방화하남검단산
7:30,7:36,7:56,7:58
마천방화,방화마천,마천방화,방화마천
7:34,7:42,8:02,8:04
하남검단산방화,방화하남검단산,하남검단산방화,방화하남검단산
7:39,7:47,8:09,8:11
마천방화,방화마천,마천방화,방화마천
7:43,7:52,8:15,8:17
상일동방화,방화하남검단산,하남검단산방화,방화하남검단산
7:47,7:56,8:22,8:24
마천방화,방화마천,마천방화,방화마천
7:51,-,8:28,8:30
하남검단산방화,-,하남검단산방화,방화하남검단산
7:55,-,8:35,8:37
마천방화,-,마천방화,방화마천
7:59,-,8:41,8:43
하남검단산방화,-,하남검단산방화,방화하남검단산
8:03,8:01,8:48,8:50
마천방화,방화하남검단산,마천방화,방화마천
8:06,8:05,8:54,8:56
하남검단산방화,방화마천,하남검단산방화,방화하남검단산
8:09,8:10,9:01,9:03
마천방화,방화하남검단산,마천방화,방화마천
8:13,8:14,9:07,9:09
상일동방화,방화마천,하남검단산방화,방화하남검단산
8:16,8:19,9:14,9:16
마천방화,방화상일동,마천방화,방화마천
8:19,8:24,9:20,9:22
하남검단산방화,방화마천,하남검단산방화,방화하남검단산
8:22,8:28,9:27,9:29
마천방화,방화하남검단산,마천방화,방화마천
8:24,8:32,9:33,9:35
하남검단산방화,방화마천,하남검단산방화,방화하남검단산
8:27,8:36,9:40,9:42
마천방화,방화하남검단산,마천방화,방화마천
8:29,8:40,9:46,9:48
상일동방화,방화마천,하남검단산방화,방화하남검단산
8:32,8:43,9:53,9:55
하남검단산방화,방화상일동,마천방화,방화마천
8:34,8:47,9:59,-
마천방화,방화마천,하남검단산방화,-
8:37,8:50,10:06,10:01
상일동방화,방화하남검단산,마천방화,방화하남검단산
8:39,8:54,10:12,10:08
마천방화,방화마천,하남검단산방화,방화마천
8:42,8:57,10:19,10:14
하남검단산방화,방화하남검단산,마천방화,방화하남검단산
8:45,-,10:25,10:21
상일동방화,-,하남검단산방화,방화마천
8:48,-,10:32,10:27
마천방화,-,마천방화,방화하남검단산
8:52,-,10:38,10:34
하남검단산방화,-,하남검단산방화,방화마천
8:55,-,10:45,10:40
마천방화,-,마천방화,방화하남검단산
8:58,-,10:51,10:47
하남검단산방화,-,하남검단산방화,방화마천
9:02,9:00,10:58,10:53
마천방화,방화마천,마천방화,방화하남검단산
9:06,9:03,11:04,11:00
하남검단산방화,방화상일동,하남검단산방화,방화마천
9:10,9:06,11:11,11:06
마천방화,방화마천,마천방화,방화하남검단산
9:14,9:09,11:17,11:13
하남검단산방화,방화하남검단산,하남검단산방화,방화마천
9:19,9:12,11:24,11:19
마천방화,방화마천,마천방화,방화하남검단산
9:23,9:15,11:30,11:26
하남검단산방화,방화상일동,하남검단산방화,방화마천
9:27,9:18,11:37,11:32
마천방화,방화마천,마천방화,방화하남검단산
9:32,9:22,11:43,11:39
하남검단산방화,방화하남검단산,하남검단산방화,방화마천
9:37,9:25,11:50,11:45
마천방화,방화마천,마천방화,방화하남검단산
9:42,9:29,11:56,11:52
하남검단산방화,방화하남검단산,하남검단산방화,방화마천
9:48,9:33,-,11:58
마천방화,방화마천,-,방화하남검단산
9:53,9:37,12:03,12:05
하남검단산방화,방화하남검단산,마천방화,방화마천
9:58,9:40,12:09,12:11
마천방화,방화마천,하남검단산방화,방화하남검단산
-,9:44,12:16,12:18
-,방화상일동,마천방화,방화마천
-,9:48,12:22,12:24
-,방화마천,하남검단산방화,방화하남검단산
-,9:52,12:29,12:31
-,방화하남검단산,마천방화,방화마천
-,9:56,12:35,12:37
-,방화마천,하남검단산방화,방화하남검단산
10:03,10:00,12:42,12:44
하남검단산방화,방화하남검단산,마천방화,방화마천
10:09,10:04,12:48,12:50
마천방화,방화마천,하남검단산방화,방화하남검단산
10:15,10:09,12:55,12:57
하남검단산방화,방화하남검단산,마천방화,방화마천
10:20,10:14,13:01,13:03
마천방화,방화마천,하남검단산방화,방화하남검단산
10:26,10:19,13:08,13:10
하남검단산방화,방화하남검단산,마천방화,방화마천
10:32,10:24,13:14,13:16
마천방화,방화마천,하남검단산방화,방화하남검단산
10:38,10:29,13:21,13:23
하남검단산방화,방화하남검단산,마천방화,방화마천
10:44,10:34,13:27,13:29
마천방화,방화마천,하남검단산방화,방화하남검단산
10:50,10:39,13:34,13:36
하남검단산방화,방화하남검단산,마천방화,방화마천
10:57,10:46,13:40,13:42
마천방화,방화마천,하남검단산방화,방화하남검단산
-,10:52,13:47,13:49
-,방화하남검단산,마천방화,방화마천
-,10:59,13:53,13:55
-,방화마천,하남검단산방화,방화하남검단산
11:03,11:05,14:00,14:02
하남검단산방화,방화하남검단산,마천방화,방화마천
11:10,11:11,14:06,14:08
마천방화,방화마천,하남검단산방화,방화하남검단산
11:16,11:18,14:13,14:15
하남검단산방화,방화하남검단산,마천방화,방화마천
11:23,11:25,14:19,14:21
마천방화,방화마천,하남검단산방화,방화하남검단산
11:29,11:31,14:26,14:28
하남검단산방화,방화하남검단산,마천방화,방화마천
11:36,11:38,14:32,14:34
마천방화,방화마천,하남검단산방화,방화하남검단산
11:42,11:44,14:39,14:41
하남검단산방화,방화하남검단산,마천방화,방화마천
11:49,11:51,14:45,14:47
마천방화,방화마천,하남검단산방화,방화하남검단산
11:55,11:57,14:52,14:54
하남검단산방화,방화하남검단산,마천방화,방화마천
12:02,12:04,14:58,-
마천방화,방화마천,하남검단산방화,-
12:08,12:10,15:05,15:00
하남검단산방화,방화하남검단산,마천방화,방화하남검단산
12:15,12:17,15:11,15:07
마천방화,방화마천,하남검단산방화,방화마천
12:21,12:23,15:18,15:13
하남검단산방화,방화하남검단산,마천방화,방화하남검단산
12:28,12:30,15:24,15:20
마천방화,방화마천,하남검단산방화,방화마천
12:34,12:36,15:31,15:26
하남검단산방화,방화하남검단산,마천방화,방화하남검단산
12:41,12:43,15:37,15:33
마천방화,방화마천,하남검단산방화,방화마천
12:47,12:49,15:44,15:39
하남검단산방화,방화하남검단산,마천방화,방화하남검단산
12:54,12:56,15:50,15:46
마천방화,방화마천,하남검단산방화,방화마천
13:00,13:02,15:57,15:52
하남검단산방화,방화하남검단산,마천방화,방화하남검단산
13:07,13:09,-,15:59
마천방화,방화마천,-,방화마천
13:13,13:15,16:03,16:05
하남검단산방화,방화하남검단산,하남검단산방화,방화하남검단산
13:20,13:22,16:10,16:12
마천방화,방화마천,마천방화,방화마천
13:26,13:28,16:16,16:18
하남검단산방화,방화하남검단산,하남검단산방화,방화하남검단산
13:33,13:35,16:23,16:25
마천방화,방화마천,마천방화,방화마천
13:39,13:41,16:29,16:31
하남검단산방화,방화하남검단산,하남검단산방화,방화하남검단산
13:46,13:48,16:36,16:38
마천방화,방화마천,마천방화,방화마천
13:52,13:54,16:42,16:44
하남검단산방화,방화하남검단산,하남검단산방화,방화하남검단산
13:59,-,16:49,16:51
마천방화,-,마천방화,방화마천
14:05,14:01,16:55,16:57
하남검단산방화,방화마천,하남검단산방화,방화하남검단산
14:12,14:07,17:02,17:04
마천방화,방화하남검단산,마천방화,방화마천
14:18,14:14,17:08,17:10
하남검단산방화,방화마천,하남검단산방화,방화하남검단산
14:25,14:20,17:15,17:17
마천방화,방화하남검단산,마천방화,방화마천
14:31,14:27,17:21,17:23
하남검단산방화,방화마천,하남검단산방화,방화하남검단산
14:38,14:33,17:28,17:30
마천방화,방화하남검단산,마천방화,방화마천
14:44,14:40,17:34,17:36
하남검단산방화,방화마천,하남검단산방화,방화하남검단산
14:51,14:46,17:41,17:43
마천방화,방화하남검단산,마천방화,방화마천
14:57,14:53,17:47,17:49
하남검단산방화,방화마천,하남검단산방화,방화하남검단산
-,14:59,17:54,17:56
-,방화하남검단산,마천방화,방화마천
15:04,15:06,18:00,18:02
마천방화,방화마천,하남검단산방화,방화하남검단산
15:10,15:12,18:07,18:09
하남검단산방화,방화하남검단산,마천방화,방화마천
15:17,15:19,18:13,18:15
마천방화,방화마천,하남검단산방화,방화하남검단산
15:23,15:25,18:20,18:22
하남검단산방화,방화하남검단산,마천방화,방화마천
15:30,15:32,18:26,18:28
마천방화,방화마천,하남검단산방화,방화하남검단산
15:36,15:38,18:33,18:35
하남검단산방화,방화하남검단산,마천방화,방화마천
15:43,15:45,18:39,18:41
마천방화,방화마천,하남검단산방화,방화하남검단산
15:49,15:51,18:46,18:48
하남검단산방화,방화하남검단산,마천방화,방화마천
15:56,15:58,18:52,18:54
마천방화,방화마천,하남검단산방화,방화하남검단산
16:02,16:04,18:59,-
하남검단산방화,방화하남검단산,마천방화,-
16:09,16:11,19:05,19:01
마천방화,방화마천,하남검단산방화,방화마천
16:15,16:17,19:12,19:07
하남검단산방화,방화하남검단산,마천방화,방화하남검단산
16:22,16:24,19:18,19:14
마천방화,방화마천,하남검단산방화,방화마천
16:28,16:30,19:25,19:20
하남검단산방화,방화하남검단산,마천방화,방화하남검단산
16:35,16:37,19:31,19:27
마천방화,방화마천,하남검단산방화,방화마천
16:41,16:43,19:38,19:33
하남검단산방화,방화하남검단산,마천방화,방화하남검단산
16:48,16:50,19:44,19:40
마천방화,방화마천,하남검단산방화,방화마천
16:54,16:56,19:51,19:46
하남검단산방화,방화하남검단산,마천방화,방화하남검단산
17:01,17:03,19:57,19:53
마천방화,방화마천,하남검단산방화,방화마천
17:07,17:09,-,19:59
하남검단산방화,방화하남검단산,-,방화하남검단산
17:14,17:16,20:04,20:06
마천방화,방화마천,마천방화,방화마천
17:20,17:22,20:10,20:12
하남검단산방화,방화하남검단산,하남검단산방화,방화하남검단산
17:27,17:28,20:17,20:19
마천방화,방화마천,마천방화,방화마천
17:33,17:34,20:23,20:25
하남검단산방화,방화하남검단산,하남검단산방화,방화하남검단산
17:38,17:40,20:30,20:32
마천방화,방화마천,마천방화,방화마천
17:43,17:46,20:36,20:38
하남검단산방화,방화하남검단산,하남검단산방화,방화하남검단산
17:47,17:51,20:43,20:45
마천방화,방화마천,마천방화,방화마천
17:51,17:56,20:49,20:51
하남검단산방화,방화하남검단산,하남검단산방화,방화하남검단산
17:55,-,20:56,20:58
마천방화,-,마천방화,방화마천
17:58,-,21:02,21:04
상일동방화,-,하남검단산방화,방화하남검단산
18:03,18:00,21:09,21:11
마천방화,방화마천,마천방화,방화마천
18:06,18:04,21:15,21:17
하남검단산방화,방화하남검단산,하남검단산방화,방화하남검단산
18:10,18:08,21:22,21:24
마천방화,방화마천,마천방화,방화마천
18:13,18:12,21:28,21:30
하남검단산방화,방화하남검단산,하남검단산방화,방화하남검단산
18:17,18:16,21:35,21:37
마천방화,방화마천,마천방화,방화마천
18:20,18:19,21:41,21:43
상일동방화,방화하남검단산,하남검단산방화,방화하남검단산
18:23,18:23,21:48,21:50
마천방화,방화마천,마천방화,방화마천
18:26,18:26,21:54,21:56
하남검단산방화,방화하남검단산,하남검단산방화,방화하남검단산
18:29,18:29,22:01,22:03
마천방화,방화마천,마천방화,방화마천
18:33,18:32,22:07,22:09
하남검단산방화,방화하남검단산,하남검단산방화,방화하남검단산
18:37,18:35,22:14,22:16
마천방화,방화마천,마천방화,방화마천
18:41,18:38,22:21,22:22
하남검단산방화,방화하남검단산,하남검단산방화,방화하남검단산
18:45,18:41,22:28,22:29
마천방화,방화마천,마천방화,방화마천
18:49,18:44,22:36,22:36
상일동방화,방화하남검단산,하남검단산방화,방화하남검단산
18:53,18:47,22:45,22:43
마천방화,방화마천,마천방화,방화마천
18:57,18:50,22:54,22:51
하남검단산방화,방화하남검단산,하남검단산방화,방화하남검단산
-,18:53,-,22:58
-,방화마천,-,방화마천
-,18:56,23:04,23:06
-,방화하남검단산,마천방화,방화상일동
-,18:59,23:14막,23:14
-,방화마천,하남검단산방화,방화마천
19:01,19:02,23:26막,23:22막
마천방화,방화하남검단산,마천화곡,방화하남검단산
19:06,19:05,23:35막,23:30막
하남검단산방화,방화마천,하남검단산여의도,방화마천
19:13,19:09,23:46막,23:40
마천방화,방화하남검단산,마천애오개,방화상일동
19:19,19:14,-,23:48막
하남검단산방화,방화마천,-,방화상일동
19:25,19:19,-,23:56막
마천방화,방화하남검단산,-,방화군자
19:32,19:24,-,00:04막
하남검단산방화,방화마천,-,방화왕십리
19:38,19:29,-,-
마천방화,방화하남검단산,-,-
19:45,19:35,-,-
하남검단산방화,방화마천,-,-
19:51,19:41,-,-
마천방화,방화하남검단산,-,-
19:58,19:47,-,-
하남검단산방화,방화마천,-,-
-,19:54,-,-
-,방화하남검단산,-,-
20:04,20:00,-,-
마천방화,방화마천,-,-
20:11,20:07,-,-
하남검단산방화,방화하남검단산,-,-
20:17,20:13,-,-
마천방화,방화마천,-,-
20:24,20:21,-,-
하남검단산방화,방화하남검단산,-,-
20:30,20:26,-,-
마천방화,방화마천,-,-
20:37,20:33,-,-
하남검단산방화,방화하남검단산,-,-
20:43,20:39,-,-
마천방화,방화마천,-,-
20:50,20:46,-,-
하남검단산방화,방화하남검단산,-,-
20:56,20:52,-,-
마천방화,방화마천,-,-
-,20:59,-,-
-,방화하남검단산,-,-
21:03,21:05,-,-
하남검단산방화,방화마천,-,-
21:09,21:12,-,-
마천방화,방화하남검단산,-,-
21:16,21:18,-,-
하남검단산방화,방화마천,-,-
21:22,21:25,-,-
마천방화,방화하남검단산,-,-
21:29,21:31,-,-
하남검단산방화,방화마천,-,-
21:35,21:38,-,-
마천방화,방화하남검단산,-,-
21:42,21:44,-,-
하남검단산방화,방화마천,-,-
21:48,21:51,-,-
마천방화,방화하남검단산,-,-
21:55,21:57,-,-
하남검단산방화,방화마천,-,-
22:02,22:04,-,-
마천방화,방화하남검단산,-,-
22:09,22:10,-,-
하남검단산방화,방화마천,-,-
22:16,22:17,-,-
마천방화,방화하남검단산,-,-
22:23,22:23,-,-
하남검단산방화,방화마천,-,-
22:30,22:30,-,-
마천방화,방화하남검단산,-,-
22:38,22:36,-,-
하남검단산방화,방화마천,-,-
22:46,22:45,-,-
마천방화,방화하남검단산,-,-
22:54,22:52,-,-
하남검단산방화,방화마천,-,-
23:02,23:00,-,-
마천방화,방화하남검단산,-,-
23:12,23:07,-,-
하남검단산방화,방화마천,-,-
23:24,23:16,-,-
마천방화,방화하남검단산,-,-
23:36,23:24,-,-
하남검단산방화,방화마천,-,-
23:49,23:32,-,-
마천방화,방화하남검단산,-,-
-,23:41,-,-
-,방화마천,-,-
-,23:50,-,-
-,방화하남검단산,-,-
-,23:59,-,-
-,방화마천,-,-
00:03막,00:08막,-,-
하남검단산방화,방화하남검단산,-,-
00:23막,00:16막,-,-
마천여의도,방화마천,-,-
00:43막,0:24,-,-
하남검단산애오개,방화군자,-,-
-,00:32막,-,-
-,방화상일동,-,-
-,00:50막,-,-
-,방화군자,-,-
