﻿어린이대공원방면,뚝섬유원지방면,어린이대공원방면,뚝섬유원지방면
평일,평일,주말,주말
05:30첫,05:38첫,05:30첫,05:38첫
건대입구장암,건대입구석남,건대입구장암,건대입구석남
5:44,5:50,5:44,5:50
청담장암,태릉입구석남,청담장암,태릉입구석남
5:55,-,5:56,-
내방장암,-,내방장암,-
6:08,6:02,6:08,6:02
신풍장암,도봉산석남,신풍장암,도봉산석남
6:20,6:12,6:20,6:12
온수장암,장암석남,온수도봉산,장암석남
6:30,6:20,6:30,6:22
온수장암,도봉산석남,온수장암,도봉산석남
6:41,6:27,6:41,6:32
석남장암,도봉산석남,석남도봉산,장암온수
6:49,6:34,6:48,6:41
온수도봉산,장암석남,온수도봉산,도봉산석남
6:56,6:41,6:57,6:49
석남장암,도봉산석남,석남장암,장암석남
-,6:47,-,6:56
-,도봉산석남,-,도봉산온수
-,6:53,7:05,7:03
-,장암석남,석남도봉산,장암석남
-,6:59,7:13,7:10
-,도봉산석남,온수도봉산,도봉산온수
7:03,7:05,7:20,7:17
온수장암,장암석남,석남장암,장암석남
7:09,7:11,7:27,7:24
석남도봉산,도봉산석남,온수도봉산,도봉산온수
7:16,7:17,7:34,7:31
온수장암,장암석남,석남장암,도봉산석남
7:23,7:23,7:41,7:38
석남도봉산,도봉산석남,석남도봉산,장암온수
7:28,7:28,7:48,7:45
온수장암,도봉산석남,석남장암,도봉산석남
7:34,7:33,7:54,7:52
석남도봉산,장암석남,온수도봉산,도봉산온수
7:40,7:37,-,7:59
온수장암,도봉산석남,-,도봉산석남
7:46,7:42,8:01,8:06
석남도봉산,장암온수,석남장암,장암온수
7:52,7:46,8:07,8:13
온수장암,도봉산석남,온수도봉산,도봉산석남
7:57,7:50,8:14,8:20
석남도봉산,장암온수,석남도봉산,도봉산온수
-,7:54,8:20,8:26
-,도봉산석남,온수장암,도봉산석남
-,7:59,8:27,8:33
-,도봉산온수,석남도봉산,장암온수
8:02,8:02,8:33,8:40
온수장암,장암석남,온수장암,도봉산석남
8:07,8:06,8:40,8:46
석남도봉산,도봉산온수,석남도봉산,장암온수
8:12,8:10,8:46,8:53
석남장암,도봉산석남,온수장암,도봉산석남
8:16,8:12,8:53,8:59
온수도봉산,도봉산온수,석남도봉산,장암온수
8:20,8:15,8:59,-
석남도봉산,도봉산온수,온수장암,-
8:25,8:17,9:06,9:06
석남장암,장암석남,석남도봉산,도봉산석남
8:29,8:20,9:12,9:12
석남도봉산,도봉산온수,온수장암,장암온수
8:33,8:23,9:19,9:19
석남도봉산,도봉산온수,석남도봉산,도봉산석남
8:37,8:26,9:25,9:25
석남장암,도봉산석남,온수장암,장암온수
8:41,8:29,9:32,9:32
석남도봉산,장암온수,석남도봉산,도봉산석남
8:45,8:32,9:38,9:38
석남도봉산,도봉산온수,온수장암,도봉산온수
8:49,8:35,9:45,9:45
온수장암,도봉산석남,석남도봉산,장암석남
8:53,8:37,9:51,9:51
석남도봉산,도봉산온수,온수장암,도봉산온수
8:56,8:40,9:58,9:58
석남도봉산,도봉산온수,석남도봉산,장암석남
-,8:42,10:04,10:04
-,장암석남,온수장암,도봉산온수
-,8:45,10:11,10:11
-,도봉산온수,석남도봉산,장암석남
-,8:48,10:17,10:17
-,도봉산온수,온수장암,도봉산온수
-,8:51,10:24,10:24
-,도봉산석남,석남도봉산,장암석남
-,8:54,10:31,10:30
-,장암온수,온수장암,도봉산온수
-,8:57,10:37,10:37
-,도봉산온수,석남도봉산,장암석남
9:00,9:01,10:44,10:43
석남수락산,도봉산석남,온수장암,도봉산온수
9:03,9:04,10:50,10:50
석남장암,장암온수,석남도봉산,장암석남
9:05,9:08,10:57,10:56
석남도봉산,도봉산온수,온수장암,도봉산온수
9:08,9:12,11:03,11:03
석남도봉산,도봉산석남,석남도봉산,장암석남
9:12,9:16,11:10,11:09
석남도봉산,장암온수,온수장암,도봉산온수
9:16,9:21,11:16,11:16
석남장암,도봉산온수,석남도봉산,장암석남
9:19,9:26,11:23,11:22
석남도봉산,장암석남,온수장암,도봉산온수
9:23,9:31,11:29,11:29
석남도봉산,도봉산온수,석남도봉산,장암석남
9:27,9:36,11:36,11:36
석남도봉산,장암온수,온수장암,도봉산온수
9:31,9:41,11:42,11:42
석남장암,도봉산석남,석남도봉산,장암석남
9:35,9:47,11:49,11:49
석남도봉산,장암온수,온수장암,도봉산온수
9:39,9:53,11:55,11:55
석남도봉산,도봉산석남,석남도봉산,장암석남
9:43,9:59,12:02,12:02
석남장암,장암온수,온수장암,도봉산온수
9:47,-,12:08,12:08
온수도봉산,-,석남도봉산,장암석남
9:51,-,12:15,12:15
석남도봉산,-,온수장암,도봉산온수
9:55,-,12:21,12:21
석남도봉산,-,석남도봉산,장암석남
9:59,-,12:28,12:28
석남장암,-,온수장암,도봉산온수
10:05,10:05,12:34,12:34
석남도봉산,도봉산석남,석남도봉산,장암석남
10:10,10:11,12:41,12:41
온수장암,장암온수,온수장암,도봉산온수
10:14,10:17,12:47,12:47
석남도봉산,도봉산석남,석남도봉산,장암석남
10:19,10:23,12:54,12:54
온수도봉산,도봉산온수,온수장암,도봉산온수
10:24,10:29,13:00,13:00
석남장암,장암석남,석남도봉산,장암석남
10:30,10:35,13:07,13:07
석남도봉산,도봉산온수,온수장암,도봉산온수
10:35,10:41,13:13,13:13
석남장암,장암석남,석남도봉산,장암석남
10:41,10:47,13:20,13:20
석남도봉산,도봉산온수,온수장암,도봉산온수
10:47,10:53,13:27,13:26
석남장암,장암석남,석남도봉산,장암석남
10:53,10:59,13:33,13:33
석남도봉산,도봉산온수,온수장암,도봉산온수
10:59,-,13:40,13:39
온수장암,-,석남도봉산,장암석남
11:05,11:05,13:46,13:46
석남도봉산,도봉산석남,온수장암,도봉산온수
11:11,11:11,13:53,13:52
석남장암,장암온수,석남도봉산,장암석남
11:17,11:17,13:59,13:59
온수도봉산,도봉산석남,온수장암,도봉산온수
11:23,11:23,14:06,14:05
석남장암,장암온수,석남도봉산,장암석남
11:29,11:29,14:12,14:12
석남도봉산,도봉산석남,온수장암,도봉산온수
11:35,11:35,14:19,14:18
온수장암,장암온수,석남도봉산,장암석남
11:41,11:41,14:25,14:25
석남도봉산,도봉산석남,온수장암,도봉산온수
11:47,11:47,14:32,14:32
온수장암,장암온수,석남도봉산,장암석남
11:53,11:53,14:38,14:38
석남도봉산,도봉산석남,온수장암,도봉산온수
11:59,11:59,14:45,14:45
온수장암,장암온수,석남도봉산,장암석남
12:05,12:05,14:51,14:51
석남도봉산,도봉산석남,온수장암,도봉산온수
12:11,12:11,14:58,14:58
온수장암,장암온수,석남도봉산,장암석남
12:17,12:17,15:04,15:04
석남도봉산,도봉산석남,온수장암,도봉산온수
12:23,12:23,15:11,15:11
온수장암,장암온수,석남도봉산,장암석남
12:29,12:29,15:17,15:17
석남도봉산,도봉산석남,온수장암,도봉산온수
12:35,12:35,15:24,15:24
온수장암,장암온수,석남도봉산,장암석남
12:41,12:41,15:30,15:30
석남도봉산,도봉산석남,온수장암,도봉산온수
12:47,12:47,15:37,15:37
온수장암,장암온수,석남도봉산,장암석남
12:53,12:53,15:43,15:43
석남도봉산,도봉산석남,온수장암,도봉산온수
12:59,12:59,15:50,15:50
온수장암,장암온수,석남도봉산,장암석남
13:05,13:05,15:56,15:56
석남도봉산,도봉산석남,온수장암,도봉산온수
13:11,13:11,16:03,16:03
온수장암,장암온수,석남도봉산,장암석남
13:17,13:17,16:09,16:09
석남도봉산,도봉산석남,온수장암,도봉산온수
13:23,13:23,16:16,16:16
온수장암,장암온수,석남도봉산,장암석남
13:29,13:29,16:23,16:22
석남도봉산,도봉산석남,온수장암,도봉산온수
13:35,13:35,16:29,16:29
온수장암,장암온수,석남도봉산,장암석남
13:41,13:41,16:36,16:35
석남도봉산,도봉산석남,온수장암,도봉산온수
13:47,13:47,16:42,16:42
온수장암,장암온수,석남도봉산,장암석남
13:53,13:53,16:49,16:48
석남도봉산,도봉산석남,온수장암,도봉산온수
13:59,13:59,16:55,16:55
온수장암,장암온수,석남도봉산,장암석남
14:05,14:05,17:02,17:01
석남도봉산,도봉산석남,온수장암,도봉산온수
14:11,14:11,17:08,17:08
온수장암,장암온수,석남도봉산,장암석남
14:17,14:17,17:15,17:14
석남도봉산,도봉산석남,온수장암,도봉산온수
14:23,14:23,17:21,17:21
온수장암,장암온수,석남도봉산,장암석남
14:29,14:29,17:28,17:28
석남도봉산,도봉산석남,온수장암,도봉산온수
14:35,14:35,17:34,17:34
온수장암,장암온수,석남도봉산,장암석남
14:41,14:41,17:41,17:41
석남도봉산,도봉산석남,온수장암,도봉산온수
14:47,14:47,17:47,17:47
온수장암,장암온수,석남도봉산,장암석남
14:53,14:53,17:54,17:54
석남도봉산,도봉산석남,온수장암,도봉산온수
14:59,14:59,18:00,18:00
온수장암,장암온수,석남도봉산,장암석남
15:05,15:05,18:07,18:07
석남도봉산,도봉산석남,온수장암,도봉산온수
15:11,15:11,18:13,18:14
온수장암,장암온수,석남도봉산,장암석남
15:17,15:17,18:20,18:20
석남도봉산,도봉산석남,온수장암,도봉산온수
15:23,15:23,18:26,18:26
온수장암,장암온수,석남도봉산,장암석남
15:29,15:29,18:33,18:33
석남도봉산,도봉산석남,온수장암,도봉산온수
15:35,15:35,18:39,18:40
온수장암,장암온수,석남도봉산,장암석남
15:41,15:41,18:46,18:46
석남도봉산,도봉산석남,온수장암,도봉산온수
15:47,15:47,18:52,18:52
온수장암,장암온수,석남도봉산,장암석남
15:53,15:53,18:59,18:59
석남도봉산,도봉산석남,온수장암,도봉산온수
15:59,15:59,19:06,19:05
온수장암,장암석남,석남도봉산,장암석남
16:05,16:05,19:12,19:12
석남도봉산,도봉산석남,온수장암,도봉산온수
16:11,16:11,19:19,19:18
온수장암,장암온수,석남도봉산,장암석남
16:17,16:17,19:25,19:25
석남도봉산,도봉산석남,온수장암,도봉산온수
16:23,16:23,19:32,19:31
온수장암,장암온수,석남도봉산,장암석남
16:29,16:29,19:38,19:38
석남도봉산,도봉산석남,온수장암,도봉산온수
16:35,16:35,19:45,19:44
온수장암,장암석남,석남도봉산,장암석남
16:41,16:41,19:51,19:51
석남도봉산,도봉산석남,온수장암,도봉산온수
16:47,16:47,19:58,19:57
온수장암,장암석남,석남도봉산,장암석남
16:53,16:53,20:04,20:04
석남도봉산,도봉산석남,온수장암,도봉산온수
16:59,16:59,20:11,20:11
온수장암,장암석남,석남도봉산,장암석남
17:05,17:05,20:18,20:17
석남도봉산,도봉산석남,온수장암,도봉산온수
17:11,17:11,20:24,20:24
온수장암,장암석남,석남도봉산,장암석남
17:17,17:17,20:31,20:30
석남도봉산,도봉산석남,온수장암,도봉산온수
17:23,17:22,20:38,20:37
온수장암,장암석남,석남도봉산,장암석남
17:29,17:27,20:45,20:43
석남도봉산,도봉산석남,온수장암,도봉산온수
17:35,17:32,20:51,20:50
온수장암,장암석남,석남도봉산,장암석남
17:41,17:38,20:58,20:56
석남도봉산,도봉산석남,온수도봉산,도봉산온수
17:46,17:43,21:04,21:03
온수장암,도봉산석남,석남장암,장암석남
17:52,17:48,21:11,21:09
석남도봉산,장암석남,온수도봉산,도봉산온수
17:57,17:53,21:17,21:16
온수장암,도봉산석남,석남도봉산,장암석남
-,17:57,21:24,21:23
-,장암석남,온수장암,도봉산온수
18:02,18:02,21:30,21:29
온수도봉산,도봉산석남,석남도봉산,장암석남
18:07,18:06,21:37,21:36
석남도봉산,도봉산석남,온수장암,도봉산온수
18:11,18:10,21:44,21:43
온수장암,장암석남,석남장암,장암석남
18:16,18:13,21:51,21:50
석남도봉산,도봉산온수,온수도봉산,도봉산온수
18:21,18:16,21:58,21:57
온수도봉산,도봉산석남,석남장암,장암석남
18:25,18:19,22:05,22:04
온수장암,도봉산온수,온수도봉산,도봉산온수
18:29,18:22,22:12,22:10
석남도봉산,장암석남,석남도봉산,도봉산석남
18:33,18:26,22:19,22:17
온수도봉산,도봉산온수,온수도봉산,장암온수
18:36,18:29,22:26,22:26
온수도봉산,도봉산석남,석남도봉산,도봉산석남
18:39,18:34,22:33,22:34
석남도봉산,장암온수,온수장암,장암온수
18:43,18:38,22:40,22:42
온수장암,도봉산석남,석남도봉산,도봉산석남
18:46,18:43,22:46,22:50
석남도봉산,도봉산온수,온수도봉산,장암온수
18:49,18:48,22:53,22:57막
온수도봉산,장암석남,석남장암,장암석남
18:53,18:53,23:01,23:03
온수장암,도봉산온수,석남도봉산,도봉산온수
18:56,18:58,23:10,23:10
석남도봉산,장암석남,석남도봉산,장암온수
18:59,-,23:20막,23:20막
온수도봉산,-,온수장암,도봉산온수
19:02,19:03,23:30,23:31막
온수도봉산,도봉산온수,석남도봉산,장암신풍
19:05,19:08,23:40막,23:43막
석남장암,장암석남,석남도봉산,도봉산내방
19:08,19:13,23:50막,23:56막
온수도봉산,도봉산온수,석남태릉입구,장암청담
19:11,19:18,-,-
석남도봉산,도봉산석남,-,-
19:14,19:23,-,-
온수도봉산,장암온수,-,-
19:17,19:28,-,-
석남장암,도봉산석남,-,-
19:21,19:33,-,-
온수도봉산,도봉산온수,-,-
19:24,19:38,-,-
석남도봉산,장암석남,-,-
19:28,19:43,-,-
온수장암,도봉산온수,-,-
19:32,19:48,-,-
석남도봉산,도봉산석남,-,-
19:37,19:53,-,-
석남도봉산,장암온수,-,-
19:42,19:58,-,-
석남장암,도봉산석남,-,-
19:47,-,-,-
석남도봉산,-,-,-
19:52,-,-,-
석남장암,-,-,-
19:57,-,-,-
석남도봉산,-,-,-
20:02,20:04,-,-
석남도봉산,장암온수,-,-
20:08,20:10,-,-
석남장암,도봉산석남,-,-
20:14,20:16,-,-
석남도봉산,장암온수,-,-
20:20,20:22,-,-
석남장암,도봉산석남,-,-
20:26,20:28,-,-
석남도봉산,장암온수,-,-
20:32,20:34,-,-
석남도봉산,도봉산석남,-,-
20:38,20:40,-,-
석남장암,장암온수,-,-
20:44,20:46,-,-
석남도봉산,도봉산석남,-,-
20:50,20:52,-,-
석남도봉산,장암온수,-,-
20:56,20:58,-,-
석남도봉산,도봉산석남,-,-
21:02,21:05,-,-
석남장암,장암온수,-,-
21:09,21:12,-,-
석남도봉산,도봉산석남,-,-
21:16,21:19,-,-
석남도봉산,장암온수,-,-
21:23,21:26,-,-
석남장암,도봉산석남,-,-
21:30,21:33,-,-
석남도봉산,장암온수,-,-
21:37,21:40,-,-
석남도봉산,도봉산석남,-,-
21:45,21:48,-,-
석남장암,장암온수,-,-
21:52,21:55,-,-
온수도봉산,도봉산석남,-,-
21:59,-,-,-
석남장암,-,-,-
22:06,22:03,-,-
석남도봉산,장암온수,-,-
22:14,22:12,-,-
온수도봉산,도봉산석남,-,-
22:21,22:22,-,-
석남장암,도봉산온수,-,-
22:29,22:32,-,-
석남도봉산,장암석남,-,-
22:36,22:42,-,-
석남도봉산,도봉산온수,-,-
22:44,22:52,-,-
온수도봉산,장암석남,-,-
22:51,-,-,-
석남장암,-,-,-
22:59,-,-,-
온수도봉산,-,-,-
23:06,23:03,-,-
석남도봉산,도봉산온수,-,-
23:14,23:11,-,-
석남장암,장암석남,-,-
23:21,23:21,-,-
온수도봉산,도봉산온수,-,-
23:29,23:31,-,-
석남장암,장암석남,-,-
23:41,23:40,-,-
석남도봉산,도봉산온수,-,-
23:53막,23:50막,-,-
석남장암,도봉산석남,-,-
0:09,0:00,-,-
석남도봉산,장암내방,-,-
00:23막,00:10막,-,-
석남도봉산,도봉산온수,-,-
00:41막,00:25막,-,-
석남태릉입구,장암신풍,-,-
-,00:41막,-,-
-,장암청담,-,-
