﻿반포방면,내방방면,반포방면,내방방면
평일,평일,주말,주말
05:41첫,05:40첫,05:41첫,05:40첫
내방장암,청담석남,내방장암,청담석남
5:54,5:52,5:54,5:52
신풍장암,건대입구석남,신풍장암,건대입구석남
6:06,6:04,6:06,6:04
온수장암,태릉입구석남,온수도봉산,태릉입구석남
6:16,6:16,6:16,6:16
온수장암,도봉산석남,온수장암,도봉산석남
6:27,6:26,6:27,6:26
석남장암,장암석남,석남도봉산,장암석남
6:35,6:34,6:34,6:36
온수도봉산,도봉산석남,온수도봉산,도봉산석남
6:42,6:41,6:43,6:46
석남장암,도봉산석남,석남장암,장암온수
6:49,6:48,6:51,6:55
온수장암,장암석남,석남도봉산,도봉산석남
6:55,6:55,6:59,-
석남도봉산,도봉산석남,온수도봉산,-
7:02,7:01,7:06,7:03
온수장암,도봉산석남,석남장암,장암석남
7:08,7:08,7:13,7:10
석남도봉산,장암석남,온수도봉산,도봉산온수
7:14,7:14,7:20,7:17
온수장암,도봉산석남,석남장암,장암석남
7:20,7:20,7:27,7:24
석남도봉산,장암석남,석남도봉산,도봉산온수
7:25,7:26,7:34,7:31
온수장암,도봉산석남,석남장암,장암석남
7:32,7:31,7:40,7:38
석남도봉산,장암석남,온수도봉산,도봉산온수
7:37,7:37,7:47,7:45
온수장암,도봉산석남,석남장암,도봉산석남
7:42,7:42,7:53,7:52
석남도봉산,도봉산석남,온수도봉산,장암온수
7:47,7:47,-,7:59
온수장암,장암석남,-,도봉산석남
7:52,7:52,8:00,8:06
석남도봉산,도봉산석남,석남도봉산,도봉산온수
7:58,7:56,8:06,8:13
석남장암,장암온수,온수장암,도봉산석남
8:02,8:01,8:13,8:20
온수도봉산,도봉산석남,석남도봉산,장암온수
8:06,8:05,8:19,8:27
석남도봉산,장암온수,온수장암,도봉산석남
8:10,8:09,8:26,8:34
석남장암,도봉산석남,석남도봉산,도봉산온수
8:14,8:13,8:32,8:40
석남도봉산,도봉산온수,온수장암,도봉산석남
8:18,8:17,8:39,8:47
석남도봉산,장암석남,석남도봉산,장암온수
8:22,8:21,8:45,8:54
석남장암,도봉산온수,온수장암,도봉산석남
8:26,8:24,8:52,-
석남도봉산,도봉산석남,석남도봉산,-
8:30,8:27,8:58,-
석남도봉산,도봉산온수,온수장암,-
8:34,8:29,9:05,9:00
온수장암,도봉산온수,석남도봉산,장암온수
8:38,8:32,9:11,9:07
석남도봉산,장암석남,온수장암,도봉산석남
8:41,8:35,9:18,9:13
석남도봉산,도봉산온수,석남도봉산,장암온수
8:45,8:38,9:24,9:20
석남수락산,도봉산온수,온수장암,도봉산석남
8:48,8:41,9:31,9:26
석남장암,도봉산석남,석남도봉산,장암온수
8:51,8:44,9:37,9:33
석남도봉산,장암온수,온수장암,도봉산석남
8:54,8:47,9:44,9:39
석남도봉산,도봉산온수,석남도봉산,장암온수
8:57,8:49,9:50,9:46
석남도봉산,도봉산석남,온수장암,도봉산석남
-,8:52,9:57,9:52
-,도봉산온수,석남도봉산,도봉산온수
-,8:54,-,9:59
-,도봉산온수,-,장암석남
-,8:57,10:03,10:05
-,장암석남,온수장암,도봉산온수
9:01,9:00,10:10,10:12
석남장암,도봉산온수,석남도봉산,장암석남
9:05,9:03,10:17,10:18
석남도봉산,도봉산온수,온수장암,도봉산온수
9:08,9:06,10:23,10:25
석남도봉산,도봉산석남,석남도봉산,장암석남
9:12,9:09,10:30,10:31
석남도봉산,장암온수,온수장암,도봉산온수
9:16,9:12,10:36,10:38
석남장암,도봉산온수,석남도봉산,장암석남
9:20,9:15,10:43,10:44
석남도봉산,도봉산석남,온수장암,도봉산온수
9:24,9:19,10:49,10:51
석남도봉산,장암온수,석남도봉산,장암석남
9:28,9:22,10:56,10:57
석남장암,도봉산온수,온수장암,도봉산온수
9:32,9:26,11:02,11:04
온수도봉산,도봉산석남,석남도봉산,장암석남
9:36,9:30,11:09,11:10
석남도봉산,장암온수,온수장암,도봉산온수
9:40,9:35,11:15,11:17
석남도봉산,도봉산온수,석남도봉산,장암석남
9:45,9:40,11:22,11:23
석남장암,장암석남,온수장암,도봉산온수
9:50,9:45,11:28,11:30
석남도봉산,도봉산온수,석남도봉산,장암석남
9:55,9:50,11:35,11:36
온수장암,장암온수,온수장암,도봉산온수
-,9:55,11:41,11:43
-,도봉산석남,석남도봉산,장암석남
10:00,10:01,11:48,11:50
석남도봉산,장암온수,온수장암,도봉산온수
10:05,10:07,11:54,11:56
온수도봉산,도봉산석남,석남도봉산,장암석남
10:10,10:13,12:01,12:03
석남장암,장암온수,온수장암,도봉산온수
10:16,10:19,12:07,12:09
석남도봉산,도봉산석남,석남도봉산,장암석남
10:21,10:25,12:14,12:16
석남장암,장암온수,온수장암,도봉산온수
10:27,10:31,12:20,12:22
석남도봉산,도봉산석남,석남도봉산,장암석남
10:33,10:37,12:27,12:29
석남장암,도봉산온수,온수장암,도봉산온수
10:39,10:43,12:33,12:35
석남도봉산,장암석남,석남도봉산,장암석남
10:45,10:49,12:40,12:42
온수장암,도봉산온수,온수장암,도봉산온수
10:51,10:55,12:46,12:48
석남도봉산,장암석남,석남도봉산,장암석남
10:57,-,12:53,12:55
석남장암,-,온수장암,도봉산온수
11:03,11:01,12:59,-
온수도봉산,도봉산온수,석남도봉산,-
11:09,11:07,13:06,13:01
석남장암,장암석남,온수장암,장암석남
11:15,11:13,13:13,13:08
석남도봉산,도봉산온수,석남도봉산,도봉산온수
11:21,11:19,13:19,13:14
온수장암,도봉산석남,온수장암,장암석남
11:27,11:25,13:26,13:21
석남도봉산,장암온수,석남도봉산,도봉산온수
11:33,11:31,13:32,13:27
온수장암,도봉산석남,온수장암,장암석남
11:39,11:37,13:39,13:34
석남도봉산,장암온수,석남도봉산,도봉산온수
11:45,11:43,13:45,13:40
온수장암,도봉산석남,온수장암,장암석남
11:51,11:49,13:52,13:47
석남도봉산,장암온수,석남도봉산,도봉산온수
11:57,11:55,13:58,13:53
온수장암,도봉산석남,온수장암,장암석남
12:03,12:01,14:05,14:00
석남도봉산,장암온수,석남도봉산,도봉산온수
12:09,12:07,14:11,14:06
온수장암,도봉산석남,온수장암,장암석남
12:15,12:13,14:18,14:13
석남도봉산,장암온수,석남도봉산,도봉산온수
12:21,12:19,14:24,14:19
온수장암,도봉산석남,온수장암,장암석남
12:27,12:25,14:31,14:26
석남도봉산,장암온수,석남도봉산,도봉산온수
12:33,12:31,14:37,14:32
온수장암,도봉산석남,온수장암,장암석남
12:39,12:37,14:44,14:39
석남도봉산,장암온수,석남도봉산,도봉산온수
12:45,12:43,14:50,14:46
온수장암,도봉산석남,온수장암,장암석남
12:51,12:49,14:57,14:52
석남도봉산,장암온수,석남도봉산,도봉산온수
12:57,12:55,-,14:59
온수장암,도봉산석남,-,장암석남
13:03,13:01,15:03,15:05
석남도봉산,장암온수,온수장암,도봉산온수
13:09,13:07,15:10,15:12
온수장암,도봉산석남,석남도봉산,장암석남
13:15,13:13,15:16,15:18
석남도봉산,장암온수,온수장암,도봉산온수
13:21,13:19,15:23,15:25
온수장암,도봉산석남,석남도봉산,장암석남
13:27,13:25,15:29,15:31
석남도봉산,장암온수,온수장암,도봉산온수
13:33,13:31,15:36,15:38
온수장암,도봉산석남,석남도봉산,장암석남
13:39,13:37,15:42,15:44
석남도봉산,장암온수,온수장암,도봉산온수
13:45,13:43,15:49,15:51
온수장암,도봉산석남,석남도봉산,장암석남
13:51,13:49,15:55,15:57
석남도봉산,장암온수,온수장암,도봉산온수
13:57,13:55,16:02,16:04
온수장암,도봉산석남,석남도봉산,장암석남
14:03,14:01,16:09,16:10
석남도봉산,장암온수,온수장암,도봉산온수
14:09,14:07,16:15,16:17
온수장암,도봉산석남,석남도봉산,장암석남
14:15,14:13,16:22,16:23
석남도봉산,장암온수,온수장암,도봉산온수
14:21,14:19,16:28,16:30
온수장암,도봉산석남,석남도봉산,장암석남
14:27,14:25,16:35,16:36
석남도봉산,장암온수,온수장암,도봉산온수
14:33,14:31,16:41,16:43
온수장암,도봉산석남,석남도봉산,장암석남
14:39,14:37,16:48,16:49
석남도봉산,장암온수,온수장암,도봉산온수
14:45,14:43,16:54,16:56
온수장암,도봉산석남,석남도봉산,장암석남
14:51,14:49,17:01,17:02
석남도봉산,장암온수,온수장암,도봉산온수
14:57,14:55,17:07,17:09
온수장암,도봉산석남,석남도봉산,장암석남
15:03,15:01,17:14,17:15
석남도봉산,장암온수,온수장암,도봉산온수
15:09,15:07,17:20,17:22
온수장암,도봉산석남,석남도봉산,장암석남
15:15,15:13,17:27,17:28
석남도봉산,장암온수,온수장암,도봉산온수
15:21,15:19,17:33,17:35
온수장암,도봉산석남,석남도봉산,장암석남
15:27,15:25,17:40,17:42
석남도봉산,장암온수,온수장암,도봉산온수
15:33,15:31,17:46,17:48
온수장암,도봉산석남,석남도봉산,장암석남
15:39,15:37,17:53,17:55
석남도봉산,장암온수,온수장암,도봉산온수
15:45,15:43,17:59,-
온수장암,도봉산석남,석남도봉산,-
15:51,15:49,18:06,18:01
석남도봉산,장암온수,온수장암,장암석남
15:57,15:55,18:12,18:08
온수장암,도봉산석남,석남도봉산,도봉산온수
16:03,16:01,18:19,18:14
석남도봉산,장암온수,온수장암,장암석남
16:09,16:07,18:25,18:21
온수장암,도봉산석남,석남도봉산,도봉산온수
16:15,16:13,18:32,18:28
석남도봉산,장암석남,온수장암,장암석남
16:21,16:19,18:38,18:34
온수장암,도봉산석남,석남도봉산,도봉산온수
16:27,16:25,18:45,18:40
석남도봉산,장암온수,온수장암,장암석남
16:33,16:31,18:52,18:47
온수장암,도봉산석남,석남도봉산,도봉산온수
16:39,16:37,18:58,18:54
석남도봉산,장암온수,온수장암,장암석남
16:45,16:43,19:05,19:00
온수장암,도봉산석남,석남도봉산,도봉산온수
16:51,16:49,19:11,19:06
석남도봉산,장암석남,온수장암,장암석남
16:57,16:55,19:18,19:13
온수장암,도봉산석남,석남도봉산,도봉산온수
17:03,17:01,19:24,19:19
석남도봉산,장암석남,온수장암,장암석남
17:09,17:07,19:31,19:26
온수장암,도봉산석남,석남도봉산,도봉산온수
17:15,17:13,19:37,19:32
석남도봉산,장암석남,온수장암,장암석남
17:21,17:19,19:44,19:39
온수장암,도봉산석남,석남도봉산,도봉산온수
17:27,17:25,19:50,19:45
석남도봉산,장암석남,온수장암,장암석남
17:32,17:31,19:57,19:52
온수장암,도봉산석남,석남도봉산,도봉산온수
17:38,17:36,-,19:58
석남도봉산,장암석남,-,장암석남
17:43,17:41,20:04,20:05
온수장암,도봉산석남,온수장암,도봉산온수
17:47,17:46,20:10,20:11
온수도봉산,장암석남,석남도봉산,장암석남
17:52,17:52,20:17,20:18
석남도봉산,도봉산석남,온수장암,도봉산온수
17:57,17:57,20:24,20:25
온수장암,도봉산석남,석남도봉산,장암석남
18:01,18:02,20:31,20:31
석남도봉산,장암석남,온수장암,도봉산온수
18:06,18:07,20:37,20:38
온수도봉산,도봉산석남,석남도봉산,장암석남
18:11,18:12,20:44,20:44
온수장암,장암석남,온수도봉산,도봉산온수
18:14,18:16,20:50,20:51
석남도봉산,도봉산석남,석남장암,장암석남
18:18,18:21,20:57,20:57
온수도봉산,도봉산석남,온수도봉산,도봉산온수
18:22,18:25,21:03,21:04
온수도봉산,장암석남,석남도봉산,장암석남
18:25,18:28,21:10,21:10
석남도봉산,도봉산온수,온수장암,도봉산온수
18:28,18:31,21:16,21:17
온수장암,도봉산석남,석남도봉산,장암석남
18:31,18:34,21:23,21:23
석남도봉산,도봉산온수,온수장암,도봉산온수
18:35,18:37,21:30,21:30
온수도봉산,장암석남,석남장암,장암석남
18:38,18:41,21:37,21:37
온수장암,도봉산온수,온수도봉산,도봉산온수
18:41,18:44,21:44,21:43
석남도봉산,도봉산석남,석남장암,장암석남
18:44,18:49,21:51,21:50
온수도봉산,장암온수,온수도봉산,도봉산온수
18:47,18:53,21:58,21:57
온수도봉산,도봉산석남,석남도봉산,장암석남
18:50,18:58,22:05,22:04
석남장암,도봉산온수,온수도봉산,도봉산온수
18:53,-,22:12,22:11
온수도봉산,-,석남도봉산,장암석남
18:56,-,22:19,22:18
석남도봉산,-,온수장암,도봉산온수
18:59,-,22:26,22:24
온수도봉산,-,석남도봉산,도봉산석남
19:03,19:02,22:32,22:31
석남장암,장암석남,온수도봉산,장암온수
19:06,19:07,22:39,22:40
온수도봉산,도봉산온수,석남장암,도봉산석남
19:09,19:12,22:47,22:48
석남도봉산,장암석남,석남도봉산,장암온수
19:13,19:17,22:56,22:56
온수장암,도봉산온수,석남도봉산,도봉산석남
19:17,19:22,23:06막,23:04
석남도봉산,장암석남,온수장암,장암온수
19:22,19:27,23:16,23:11막
석남도봉산,도봉산온수,석남도봉산,장암석남
19:27,19:32,23:26막,23:17
석남장암,도봉산석남,석남도봉산,도봉산온수
19:32,19:37,23:36막,23:24
석남도봉산,장암온수,석남태릉입구,장암온수
19:37,19:42,23:47막,23:34막
석남장암,도봉산석남,온수건대입구,도봉산온수
19:42,19:47,23:57막,23:45막
석남도봉산,도봉산온수,석남청담,장암신풍
19:48,19:52,-,23:57막
석남도봉산,장암석남,-,도봉산내방
19:54,19:57,-,-
석남장암,도봉산온수,-,-
20:00,20:02,-,-
석남도봉산,도봉산석남,-,-
20:06,20:08,-,-
석남장암,장암온수,-,-
20:12,20:13,-,-
석남도봉산,도봉산석남,-,-
20:18,20:19,-,-
석남도봉산,장암온수,-,-
20:24,20:25,-,-
석남장암,도봉산석남,-,-
20:30,20:31,-,-
석남도봉산,장암온수,-,-
20:36,20:37,-,-
석남도봉산,도봉산석남,-,-
20:42,20:43,-,-
석남도봉산,장암온수,-,-
20:48,20:49,-,-
석남장암,도봉산석남,-,-
20:55,20:55,-,-
석남도봉산,장암온수,-,-
21:02,21:01,-,-
석남도봉산,도봉산석남,-,-
21:09,21:07,-,-
석남장암,장암온수,-,-
21:16,21:12,-,-
석남도봉산,도봉산석남,-,-
21:23,21:19,-,-
석남도봉산,장암온수,-,-
21:31,21:26,-,-
석남장암,도봉산석남,-,-
21:38,21:33,-,-
온수도봉산,장암온수,-,-
21:45,21:40,-,-
석남장암,도봉산석남,-,-
21:52,21:47,-,-
석남도봉산,장암온수,-,-
-,21:54,-,-
-,도봉산석남,-,-
22:00,22:02,-,-
온수도봉산,장암온수,-,-
22:07,22:09,-,-
석남장암,도봉산석남,-,-
22:15,22:17,-,-
석남도봉산,장암온수,-,-
22:22,22:26,-,-
석남도봉산,도봉산석남,-,-
22:30,22:36,-,-
온수도봉산,도봉산온수,-,-
22:37,22:46,-,-
석남장암,장암석남,-,-
22:45,22:56,-,-
온수도봉산,도봉산온수,-,-
22:52,-,-,-
석남도봉산,-,-,-
23:00,23:06,-,-
석남장암,장암석남,-,-
23:07,23:17,-,-
온수도봉산,도봉산온수,-,-
23:15,23:25,-,-
석남장암,장암석남,-,-
23:27,23:35,-,-
석남도봉산,도봉산온수,-,-
23:39막,23:45,-,-
석남장암,장암석남,-,-
23:55,23:54,-,-
석남도봉산,도봉산온수,-,-
00:09막,00:04막,-,-
석남도봉산,도봉산석남,-,-
0:18,0:14,-,-
온수청담,장암내방,-,-
00:27막,00:24막,-,-
석남태릉입구,도봉산온수,-,-
00:42막,00:39막,-,-
석남건대입구,장암신풍,-,-
