﻿고속터미널방면,이수방면,고속터미널방면,이수방면
평일,평일,주말,주말
05:38첫,05:30첫,05:38첫,05:30첫
내방장암,내방석남,내방장암,내방석남
5:51,5:43,5:51,5:43
신풍장암,청담석남,신풍장암,청담석남
-,5:55,-,5:55
-,건대입구석남,-,건대입구석남
6:02,6:07,6:02,6:07
온수장암,태릉입구석남,온수도봉산,태릉입구석남
6:12,6:19,6:12,6:19
온수장암,도봉산석남,온수장암,도봉산석남
6:24,6:29,6:23,6:29
석남장암,장암석남,석남도봉산,장암석남
6:31,6:37,6:30,6:39
온수도봉산,도봉산석남,온수도봉산,도봉산석남
6:39,6:44,6:39,6:49
석남장암,도봉산석남,석남장암,장암온수
6:46,6:51,6:47,6:58
온수장암,장암석남,석남도봉산,도봉산석남
6:52,6:58,6:55,-
석남도봉산,도봉산석남,온수도봉산,-
6:59,-,7:02,7:06
온수장암,-,석남장암,장암석남
7:05,7:04,7:09,7:13
석남도봉산,도봉산석남,온수도봉산,도봉산온수
7:11,7:11,7:16,7:20
온수장암,장암석남,석남장암,장암석남
7:17,7:17,7:23,7:27
석남도봉산,도봉산석남,석남도봉산,도봉산온수
7:22,7:23,7:30,7:34
온수장암,장암석남,석남장암,장암석남
7:29,7:29,7:37,7:41
석남도봉산,도봉산석남,온수도봉산,도봉산온수
7:34,7:34,7:43,7:48
온수장암,장암석남,석남장암,도봉산석남
7:39,7:40,7:50,7:55
석남도봉산,도봉산석남,온수도봉산,장암온수
7:44,7:45,7:56,-
온수장암,도봉산석남,석남도봉산,-
7:49,7:50,8:03,8:02
석남도봉산,장암석남,온수장암,도봉산석남
7:55,7:55,8:09,8:09
석남장암,도봉산석남,석남도봉산,도봉산온수
7:59,-,8:16,8:16
온수도봉산,-,온수장암,도봉산석남
8:03,8:00,8:22,8:23
석남도봉산,장암온수,석남도봉산,장암온수
8:07,8:04,8:29,8:30
석남장암,도봉산석남,온수장암,도봉산석남
8:11,8:08,8:35,8:37
석남도봉산,장암온수,석남도봉산,도봉산온수
8:15,8:12,8:42,8:43
석남도봉산,도봉산석남,온수장암,도봉산석남
8:19,8:17,8:48,8:50
석남장암,도봉산온수,석남도봉산,장암온수
8:23,8:20,8:55,8:57
석남도봉산,장암석남,온수장암,도봉산석남
8:27,8:24,9:01,9:03
석남도봉산,도봉산온수,석남도봉산,장암온수
8:31,8:28,9:08,9:10
온수장암,도봉산석남,온수장암,도봉산석남
8:35,8:30,9:14,9:16
석남도봉산,도봉산온수,석남도봉산,장암온수
8:38,8:33,9:21,9:23
석남도봉산,도봉산온수,온수장암,도봉산석남
8:42,8:35,9:27,9:29
석남수락산,장암석남,석남도봉산,장암온수
8:45,8:38,9:34,9:36
석남장암,도봉산온수,온수장암,도봉산석남
8:47,8:41,9:40,9:42
석남도봉산,도봉산온수,석남도봉산,장암온수
8:50,8:44,9:47,9:49
석남도봉산,도봉산석남,온수장암,도봉산석남
8:54,8:47,9:53,9:55
석남도봉산,장암온수,석남도봉산,도봉산온수
8:58,8:50,10:00,10:02
석남장암,도봉산온수,온수장암,장암석남
-,8:53,10:07,10:08
-,도봉산석남,석남도봉산,도봉산온수
-,8:55,10:13,10:15
-,도봉산온수,온수장암,장암석남
-,8:58,10:20,10:21
-,도봉산온수,석남도봉산,도봉산온수
9:01,9:00,10:26,10:28
석남도봉산,장암석남,온수장암,장암석남
9:05,9:03,10:33,10:34
석남도봉산,도봉산온수,석남도봉산,도봉산온수
9:09,9:06,10:39,10:41
석남도봉산,도봉산온수,온수장암,장암석남
9:13,9:09,10:46,10:47
석남장암,도봉산석남,석남도봉산,도봉산온수
9:17,9:12,10:52,10:54
석남도봉산,장암온수,온수장암,장암석남
9:21,9:15,10:59,-
석남도봉산,도봉산온수,석남도봉산,-
9:25,9:19,11:05,11:00
석남장암,도봉산석남,온수장암,도봉산온수
9:29,9:22,11:12,11:07
온수도봉산,장암온수,석남도봉산,장암석남
9:33,9:26,11:18,11:13
석남도봉산,도봉산온수,온수장암,도봉산온수
9:37,9:30,11:25,11:20
석남도봉산,도봉산석남,석남도봉산,장암석남
9:42,9:34,11:31,11:26
석남장암,장암온수,온수장암,도봉산온수
9:47,9:38,11:38,11:33
석남도봉산,도봉산온수,석남도봉산,장암석남
9:52,9:43,11:44,11:39
온수장암,장암석남,온수장암,도봉산온수
9:57,9:48,11:51,11:46
석남도봉산,도봉산온수,석남도봉산,장암석남
-,9:53,11:57,11:53
-,장암온수,온수장암,도봉산온수
-,9:58,-,11:59
-,도봉산석남,-,장암석남
10:02,10:04,12:04,12:06
온수도봉산,장암온수,석남도봉산,도봉산온수
10:07,10:10,12:10,12:12
석남장암,도봉산석남,온수장암,장암석남
10:13,10:16,12:17,12:19
석남도봉산,장암온수,석남도봉산,도봉산온수
10:17,10:22,12:23,12:25
석남장암,도봉산석남,온수장암,장암석남
10:23,10:28,12:30,12:32
석남도봉산,장암온수,석남도봉산,도봉산온수
10:29,10:34,12:36,12:38
석남장암,도봉산석남,온수장암,장암석남
10:35,10:40,12:43,12:45
석남도봉산,도봉산온수,석남도봉산,도봉산온수
10:41,10:46,12:49,12:51
온수장암,장암석남,온수장암,장암석남
10:47,10:52,12:56,12:58
석남도봉산,도봉산온수,석남도봉산,도봉산온수
10:53,10:58,13:02,13:04
석남장암,장암석남,온수장암,장암석남
10:59,-,13:09,13:11
온수도봉산,-,석남도봉산,도봉산온수
11:05,11:04,13:16,13:17
석남장암,도봉산온수,온수장암,장암석남
11:11,11:10,13:22,13:24
석남도봉산,장암석남,석남도봉산,도봉산온수
11:17,11:16,13:29,13:30
온수장암,도봉산온수,온수장암,장암석남
11:23,11:22,13:35,13:37
석남도봉산,도봉산석남,석남도봉산,도봉산온수
11:29,11:28,13:42,13:43
온수장암,장암온수,온수장암,장암석남
11:35,11:34,13:48,13:50
석남도봉산,도봉산석남,석남도봉산,도봉산온수
11:41,11:40,13:55,13:56
온수장암,장암온수,온수장암,장암석남
11:47,11:46,14:01,14:03
석남도봉산,도봉산석남,석남도봉산,도봉산온수
11:53,11:52,14:08,14:09
온수장암,장암온수,온수장암,장암석남
11:59,11:58,14:14,14:16
석남도봉산,도봉산석남,석남도봉산,도봉산온수
12:05,12:04,14:21,14:22
온수장암,장암온수,온수장암,장암석남
12:11,12:10,14:27,14:29
석남도봉산,도봉산석남,석남도봉산,도봉산온수
12:17,12:16,14:34,14:35
온수장암,장암온수,온수장암,장암석남
12:23,12:22,14:40,14:42
석남도봉산,도봉산석남,석남도봉산,도봉산온수
12:29,12:28,14:47,14:49
온수장암,장암온수,온수장암,장암석남
12:35,12:34,14:53,14:55
석남도봉산,도봉산석남,석남도봉산,도봉산온수
12:41,12:40,15:00,15:02
온수장암,장암온수,온수장암,장암석남
12:47,12:46,15:06,15:08
석남도봉산,도봉산석남,석남도봉산,도봉산온수
12:53,12:52,15:13,15:15
온수장암,장암온수,온수장암,장암석남
12:59,12:58,15:19,15:21
석남도봉산,도봉산석남,석남도봉산,도봉산온수
13:05,13:04,15:26,15:28
온수장암,장암온수,온수장암,장암석남
13:11,13:10,15:32,15:34
석남도봉산,도봉산석남,석남도봉산,도봉산온수
13:17,13:16,15:39,15:41
온수장암,장암온수,온수장암,장암석남
13:23,13:22,15:45,15:47
석남도봉산,도봉산석남,석남도봉산,도봉산온수
13:29,13:28,15:52,15:54
온수장암,장암온수,온수장암,장암석남
13:35,13:34,15:59,-
석남도봉산,도봉산석남,석남도봉산,-
13:41,13:40,16:05,16:00
온수장암,장암온수,온수장암,도봉산온수
13:47,13:46,16:12,16:07
석남도봉산,도봉산석남,석남도봉산,장암석남
13:53,13:52,16:18,16:13
온수장암,장암온수,온수장암,도봉산온수
13:59,13:58,16:25,16:20
석남도봉산,도봉산석남,석남도봉산,장암석남
14:05,14:04,16:31,16:26
온수장암,장암온수,온수장암,도봉산온수
14:11,14:10,16:38,16:33
석남도봉산,도봉산석남,석남도봉산,장암석남
14:17,14:16,16:44,16:39
온수장암,장암온수,온수장암,도봉산온수
14:23,14:22,16:51,16:46
석남도봉산,도봉산석남,석남도봉산,장암석남
14:29,14:28,16:57,16:52
온수장암,장암온수,온수장암,도봉산온수
14:35,14:34,-,16:59
석남도봉산,도봉산석남,-,장암석남
14:41,14:40,17:04,17:05
온수장암,장암온수,석남도봉산,도봉산온수
14:47,14:46,17:10,17:12
석남도봉산,도봉산석남,온수장암,장암석남
14:53,14:52,17:17,17:18
온수장암,장암온수,석남도봉산,도봉산온수
14:59,14:58,17:23,17:25
석남도봉산,도봉산석남,온수장암,장암석남
15:05,15:04,17:30,17:31
온수장암,장암온수,석남도봉산,도봉산온수
15:11,15:10,17:36,17:38
석남도봉산,도봉산석남,온수장암,장암석남
15:17,15:16,17:43,17:45
온수장암,장암온수,석남도봉산,도봉산온수
15:23,15:22,17:49,17:51
석남도봉산,도봉산석남,온수장암,장암석남
15:29,15:28,17:56,17:58
온수장암,장암온수,석남도봉산,도봉산온수
15:35,15:34,18:02,18:04
석남도봉산,도봉산석남,온수장암,장암석남
15:41,15:40,18:09,18:11
온수장암,장암온수,석남도봉산,도봉산온수
15:47,15:46,18:15,18:17
석남도봉산,도봉산석남,온수장암,장암석남
15:53,15:52,18:22,18:24
온수장암,장암온수,석남도봉산,도봉산온수
15:59,15:58,18:28,18:31
석남도봉산,도봉산석남,온수장암,장암석남
16:05,16:04,18:35,18:37
온수장암,장암온수,석남도봉산,도봉산온수
16:11,16:10,18:41,18:43
석남도봉산,도봉산석남,온수장암,장암석남
16:17,16:16,18:48,18:50
온수장암,장암석남,석남도봉산,도봉산온수
16:23,16:22,18:55,18:57
석남도봉산,도봉산석남,온수장암,장암석남
16:29,16:28,19:01,19:03
온수장암,장암온수,석남도봉산,도봉산온수
16:35,16:34,19:08,19:09
석남도봉산,도봉산석남,온수장암,장암석남
16:41,16:40,19:15,19:16
온수장암,장암온수,석남도봉산,도봉산온수
16:47,16:46,19:21,19:22
석남도봉산,도봉산석남,온수장암,장암석남
16:53,16:52,19:27,19:29
온수장암,장암석남,석남도봉산,도봉산온수
16:59,16:58,19:34,19:35
석남도봉산,도봉산석남,온수장암,장암석남
17:05,17:04,19:40,19:42
온수장암,장암석남,석남도봉산,도봉산온수
17:11,17:10,19:47,19:48
석남도봉산,도봉산석남,온수장암,장암석남
17:17,17:16,19:54,19:55
온수장암,장암석남,석남도봉산,도봉산온수
17:23,17:22,20:00,20:01
석남도봉산,도봉산석남,온수장암,장암석남
17:29,17:28,20:07,20:08
온수장암,장암석남,석남도봉산,도봉산온수
17:34,17:34,20:14,20:14
석남도봉산,도봉산석남,온수장암,장암석남
17:39,17:39,20:21,20:21
온수장암,장암석남,석남도봉산,도봉산온수
17:44,17:44,20:27,20:28
온수도봉산,도봉산석남,온수장암,장암석남
17:49,17:49,20:34,20:34
석남도봉산,장암석남,석남도봉산,도봉산온수
17:54,17:55,20:40,20:41
온수장암,도봉산석남,온수도봉산,장암석남
17:58,-,20:47,20:47
석남도봉산,-,석남장암,도봉산온수
18:03,18:00,20:53,20:54
온수도봉산,도봉산석남,온수도봉산,장암석남
18:08,18:05,21:00,21:00
온수장암,장암석남,석남도봉산,도봉산온수
18:11,18:10,21:06,21:07
석남도봉산,도봉산석남,온수장암,장암석남
18:15,18:15,21:13,21:13
온수도봉산,장암석남,석남도봉산,도봉산온수
18:18,18:20,21:19,21:20
온수도봉산,도봉산석남,온수장암,장암석남
18:21,18:24,21:26,21:26
석남도봉산,도봉산석남,석남장암,도봉산온수
18:25,18:28,21:33,21:33
온수장암,장암석남,온수도봉산,장암석남
18:28,18:31,21:40,21:40
석남도봉산,도봉산온수,석남장암,도봉산온수
18:32,18:34,21:47,21:46
온수도봉산,도봉산석남,온수도봉산,장암석남
18:35,18:37,21:54,21:53
온수장암,도봉산온수,석남도봉산,도봉산온수
18:38,18:40,22:01,22:00
석남도봉산,장암석남,온수도봉산,장암석남
18:41,18:44,22:08,22:07
온수도봉산,도봉산온수,석남도봉산,도봉산온수
18:44,18:47,22:15,22:14
온수도봉산,도봉산석남,온수장암,장암석남
18:47,18:52,22:22,22:21
석남장암,장암온수,석남도봉산,도봉산온수
18:50,18:56,22:29,22:27
온수도봉산,도봉산석남,온수도봉산,도봉산석남
18:53,-,22:35,22:34
석남도봉산,-,석남장암,장암온수
18:56,-,22:43,22:43
온수도봉산,-,석남도봉산,도봉산석남
19:00,19:01,22:52,22:51
석남장암,도봉산온수,석남도봉산,장암온수
19:03,19:06,-,22:59
온수도봉산,장암석남,-,도봉산석남
19:06,19:11,23:03막,23:07
석남도봉산,도봉산온수,온수장암,장암온수
19:10,19:16,23:12,23:14막
온수장암,장암석남,석남도봉산,장암석남
19:14,19:21,23:22막,23:20
석남도봉산,도봉산온수,석남도봉산,도봉산온수
19:19,19:26,23:32막,23:27
석남도봉산,장암석남,석남태릉입구,장암온수
19:24,19:31,23:44막,23:37막
석남장암,도봉산온수,온수건대입구,도봉산온수
19:29,19:36,23:53막,23:48막
석남도봉산,도봉산석남,석남청담,장암신풍
19:34,19:41,-,-
석남장암,장암온수,-,-
19:39,19:46,-,-
석남도봉산,도봉산석남,-,-
19:45,19:51,-,-
석남도봉산,도봉산온수,-,-
19:50,19:56,-,-
석남장암,장암석남,-,-
19:56,-,-,-
석남도봉산,-,-,-
20:02,20:01,-,-
석남장암,도봉산온수,-,-
20:08,20:06,-,-
석남도봉산,도봉산석남,-,-
20:14,20:11,-,-
석남도봉산,장암온수,-,-
20:20,20:16,-,-
석남장암,도봉산석남,-,-
20:26,20:22,-,-
석남도봉산,장암온수,-,-
20:32,20:28,-,-
석남도봉산,도봉산석남,-,-
20:38,20:34,-,-
석남도봉산,장암온수,-,-
20:45,20:40,-,-
석남장암,도봉산석남,-,-
20:52,20:46,-,-
석남도봉산,장암온수,-,-
20:59,20:52,-,-
석남도봉산,도봉산석남,-,-
-,20:58,-,-
-,장암온수,-,-
21:06,21:04,-,-
석남장암,도봉산석남,-,-
21:13,21:10,-,-
석남도봉산,장암온수,-,-
21:20,21:15,-,-
석남도봉산,도봉산석남,-,-
21:28,21:22,-,-
석남장암,장암온수,-,-
21:34,21:29,-,-
온수도봉산,도봉산석남,-,-
21:41,21:36,-,-
석남장암,장암온수,-,-
21:49,21:43,-,-
석남도봉산,도봉산석남,-,-
21:56,21:50,-,-
온수도봉산,장암온수,-,-
-,21:57,-,-
-,도봉산석남,-,-
22:04,22:05,-,-
석남장암,장암온수,-,-
22:11,22:12,-,-
석남도봉산,도봉산석남,-,-
22:19,22:20,-,-
석남도봉산,장암온수,-,-
22:26,22:29,-,-
온수도봉산,도봉산석남,-,-
22:34,22:39,-,-
석남장암,도봉산온수,-,-
22:41,22:49,-,-
온수도봉산,장암석남,-,-
22:49,22:59,-,-
석남도봉산,도봉산온수,-,-
22:56,-,-,-
석남장암,-,-,-
23:04,23:09,-,-
온수도봉산,장암석남,-,-
23:11,23:20,-,-
석남장암,도봉산온수,-,-
23:24,23:28,-,-
석남도봉산,장암석남,-,-
23:36막,23:38,-,-
석남장암,도봉산온수,-,-
23:52,23:48,-,-
석남도봉산,장암석남,-,-
-,23:57,-,-
-,도봉산온수,-,-
00:06막,00:07막,-,-
석남도봉산,도봉산석남,-,-
0:15,00:27막,-,-
온수청담,도봉산온수,-,-
00:24막,00:42막,-,-
석남태릉입구,장암신풍,-,-
00:38막,-,-,-
석남건대입구,-,-,-
