﻿건대입구방면,청담방면,건대입구방면,청담방면
평일,평일,주말,주말
05:41첫,05:39첫,05:41첫,05:39첫
청담장암,건대입구석남,청담장암,건대입구석남
5:53,5:52,5:54,5:52
내방장암,태릉입구석남,내방장암,태릉입구석남
6:06,6:04,6:06,6:04
신풍장암,도봉산석남,신풍장암,도봉산석남
6:17,6:14,6:17,6:14
온수장암,장암석남,온수도봉산,장암석남
6:27,6:22,6:27,6:24
온수장암,도봉산석남,온수장암,도봉산석남
6:39,6:29,6:38,6:34
석남장암,도봉산석남,석남도봉산,장암온수
6:46,6:36,6:45,6:43
온수도봉산,장암석남,온수도봉산,도봉산석남
6:54,6:43,6:54,6:51
석남장암,도봉산석남,석남장암,장암석남
-,6:49,-,6:58
-,도봉산석남,-,도봉산온수
-,6:55,7:02,7:05
-,장암석남,석남도봉산,장암석남
7:01,7:01,7:10,7:12
온수장암,도봉산석남,온수도봉산,도봉산온수
7:07,7:07,7:17,7:19
석남도봉산,장암석남,석남장암,장암석남
7:14,7:13,7:24,7:26
온수장암,도봉산석남,온수도봉산,도봉산온수
7:20,7:19,7:31,7:33
석남도봉산,장암석남,석남장암,도봉산석남
7:26,7:25,7:38,7:40
온수장암,도봉산석남,석남도봉산,장암온수
7:32,7:30,7:45,7:47
석남도봉산,도봉산석남,석남장암,도봉산석남
7:38,7:35,7:52,7:54
온수장암,장암석남,온수도봉산,도봉산온수
7:44,7:39,7:58,-
석남도봉산,도봉산석남,석남장암,-
7:49,7:44,8:05,8:01
온수장암,장암온수,온수도봉산,도봉산석남
7:55,7:48,8:11,8:08
석남도봉산,도봉산석남,석남도봉산,장암온수
-,7:52,8:18,8:15
-,장암온수,온수장암,도봉산석남
-,7:56,8:24,8:22
-,도봉산석남,석남도봉산,도봉산온수
8:00,8:01,8:31,8:28
온수장암,도봉산온수,온수장암,도봉산석남
8:05,8:04,8:37,8:35
석남도봉산,장암석남,석남도봉산,장암온수
8:10,8:08,8:44,8:42
석남장암,도봉산온수,온수장암,도봉산석남
8:14,8:12,8:50,8:48
온수도봉산,도봉산석남,석남도봉산,장암온수
8:18,8:14,8:57,8:55
석남도봉산,도봉산온수,온수장암,도봉산석남
8:22,8:17,9:03,9:01
석남장암,도봉산온수,석남도봉산,장암온수
8:26,8:19,9:10,9:08
석남도봉산,장암석남,온수장암,도봉산석남
8:30,8:22,9:16,9:14
석남도봉산,도봉산온수,석남도봉산,장암온수
8:35,8:25,9:23,9:21
석남장암,도봉산온수,온수장암,도봉산석남
8:39,8:28,9:29,9:27
석남도봉산,도봉산석남,석남도봉산,장암온수
8:43,8:31,9:36,9:34
석남도봉산,장암온수,온수장암,도봉산석남
8:47,8:34,9:42,9:40
온수장암,도봉산온수,석남도봉산,도봉산온수
8:51,8:37,9:49,9:47
석남도봉산,도봉산석남,온수장암,장암석남
8:54,8:39,9:55,9:53
석남도봉산,도봉산온수,석남도봉산,도봉산온수
8:58,8:42,10:02,10:00
석남수락산,도봉산온수,온수장암,장암석남
-,8:44,10:08,10:06
-,장암석남,석남도봉산,도봉산온수
-,8:47,10:15,10:13
-,도봉산온수,온수장암,장암석남
-,8:50,10:22,10:19
-,도봉산온수,석남도봉산,도봉산온수
-,8:53,10:28,10:26
-,도봉산석남,온수장암,장암석남
-,8:56,10:35,10:32
-,장암온수,석남도봉산,도봉산온수
-,8:59,10:41,10:39
-,도봉산온수,온수장암,장암석남
9:01,9:03,10:48,10:45
석남장암,도봉산석남,석남도봉산,도봉산온수
9:03,9:06,10:54,10:52
석남도봉산,장암온수,온수장암,장암석남
9:06,9:10,-,10:58
석남도봉산,도봉산온수,-,도봉산온수
9:10,9:14,11:01,11:05
석남도봉산,도봉산석남,석남도봉산,장암석남
9:14,9:18,11:07,11:11
석남장암,장암온수,온수장암,도봉산온수
9:17,9:23,11:14,11:18
석남도봉산,도봉산온수,석남도봉산,장암석남
9:21,9:28,11:20,11:24
석남도봉산,장암석남,온수장암,도봉산온수
9:25,9:33,11:27,11:31
석남도봉산,도봉산온수,석남도봉산,장암석남
9:29,9:38,11:33,11:38
석남장암,장암온수,온수장암,도봉산온수
9:33,9:43,11:40,11:44
석남도봉산,도봉산석남,석남도봉산,장암석남
9:37,9:49,11:46,11:51
석남도봉산,장암온수,온수장암,도봉산온수
9:41,9:55,11:53,11:57
석남장암,도봉산석남,석남도봉산,장암석남
9:45,-,11:59,-
온수도봉산,-,온수장암,-
9:49,-,12:06,12:04
석남도봉산,-,석남도봉산,도봉산온수
9:53,-,12:12,12:10
석남도봉산,-,온수장암,장암석남
9:57,-,12:19,12:17
석남장암,-,석남도봉산,도봉산온수
10:03,10:01,12:25,12:23
석남도봉산,장암온수,온수장암,장암석남
10:08,10:07,12:32,12:30
온수장암,도봉산석남,석남도봉산,도봉산온수
10:12,10:13,12:38,12:36
석남도봉산,장암온수,온수장암,장암석남
10:17,10:19,12:45,12:43
온수도봉산,도봉산석남,석남도봉산,도봉산온수
10:22,10:25,12:51,12:49
석남장암,도봉산온수,온수장암,장암석남
10:28,10:31,12:58,12:56
석남도봉산,장암석남,석남도봉산,도봉산온수
10:32,10:37,13:04,13:02
석남장암,도봉산온수,온수장암,장암석남
10:38,10:43,13:11,13:09
석남도봉산,장암석남,석남도봉산,도봉산온수
10:44,10:49,13:17,13:15
석남장암,도봉산온수,온수장암,장암석남
10:50,10:55,13:24,13:22
석남도봉산,장암석남,석남도봉산,도봉산온수
10:56,-,13:31,13:28
온수장암,-,온수장암,장암석남
11:02,11:01,13:37,13:35
석남도봉산,도봉산온수,석남도봉산,도봉산온수
11:08,11:07,13:44,13:41
석남장암,도봉산석남,온수장암,장암석남
11:14,11:13,13:50,13:48
온수도봉산,장암온수,석남도봉산,도봉산온수
11:20,11:19,13:57,13:54
석남장암,도봉산석남,온수장암,장암석남
11:26,11:25,14:03,14:01
석남도봉산,장암온수,석남도봉산,도봉산온수
11:32,11:31,14:10,14:07
온수장암,도봉산석남,온수장암,장암석남
11:38,11:37,14:16,14:14
석남도봉산,장암온수,석남도봉산,도봉산온수
11:44,11:43,14:23,14:20
온수장암,도봉산석남,온수장암,장암석남
11:50,11:49,14:29,14:27
석남도봉산,장암온수,석남도봉산,도봉산온수
11:56,11:55,14:36,14:34
온수장암,도봉산석남,온수장암,장암석남
12:02,12:01,14:42,14:40
석남도봉산,장암온수,석남도봉산,도봉산온수
12:08,12:07,14:49,14:47
온수장암,도봉산석남,온수장암,장암석남
12:14,12:13,14:55,14:53
석남도봉산,장암온수,석남도봉산,도봉산온수
12:20,12:19,15:02,15:00
온수장암,도봉산석남,온수장암,장암석남
12:26,12:25,15:08,15:06
석남도봉산,장암온수,석남도봉산,도봉산온수
12:32,12:31,15:15,15:13
온수장암,도봉산석남,온수장암,장암석남
12:38,12:37,15:21,15:19
석남도봉산,장암온수,석남도봉산,도봉산온수
12:44,12:43,15:28,15:26
온수장암,도봉산석남,온수장암,장암석남
12:50,12:49,15:34,15:32
석남도봉산,장암온수,석남도봉산,도봉산온수
12:56,12:55,15:41,15:39
온수장암,도봉산석남,온수장암,장암석남
13:02,13:01,15:47,15:45
석남도봉산,장암온수,석남도봉산,도봉산온수
13:08,13:07,15:54,15:52
온수장암,도봉산석남,온수장암,장암석남
13:14,13:13,-,15:58
석남도봉산,장암온수,-,도봉산온수
13:20,13:19,16:00,16:05
온수장암,도봉산석남,석남도봉산,장암석남
13:26,13:25,16:07,16:11
석남도봉산,장암온수,온수장암,도봉산온수
13:32,13:31,16:14,16:18
온수장암,도봉산석남,석남도봉산,장암석남
13:38,13:37,16:20,16:24
석남도봉산,장암온수,온수장암,도봉산온수
13:44,13:43,16:27,16:31
온수장암,도봉산석남,석남도봉산,장암석남
13:50,13:49,16:33,16:37
석남도봉산,장암온수,온수장암,도봉산온수
13:56,13:55,16:40,16:44
온수장암,도봉산석남,석남도봉산,장암석남
14:02,14:01,16:46,16:50
석남도봉산,장암온수,온수장암,도봉산온수
14:08,14:07,16:53,16:57
온수장암,도봉산석남,석남도봉산,장암석남
14:14,14:13,16:59,-
석남도봉산,장암온수,온수장암,-
14:20,14:19,17:06,17:03
온수장암,도봉산석남,석남도봉산,도봉산온수
14:26,14:25,17:12,17:10
석남도봉산,장암온수,온수장암,장암석남
14:32,14:31,17:19,17:16
온수장암,도봉산석남,석남도봉산,도봉산온수
14:38,14:37,17:25,17:23
석남도봉산,장암온수,온수장암,장암석남
14:44,14:43,17:32,17:30
온수장암,도봉산석남,석남도봉산,도봉산온수
14:50,14:49,17:38,17:36
석남도봉산,장암온수,온수장암,장암석남
14:56,14:55,17:45,17:43
온수장암,도봉산석남,석남도봉산,도봉산온수
15:02,15:01,17:51,17:49
석남도봉산,장암온수,온수장암,장암석남
15:08,15:07,17:58,17:56
온수장암,도봉산석남,석남도봉산,도봉산온수
15:14,15:13,18:04,18:02
석남도봉산,장암온수,온수장암,장암석남
15:20,15:19,18:11,18:09
온수장암,도봉산석남,석남도봉산,도봉산온수
15:26,15:25,18:17,18:16
석남도봉산,장암온수,온수장암,장암석남
15:32,15:31,18:24,18:22
온수장암,도봉산석남,석남도봉산,도봉산온수
15:38,15:37,18:30,18:28
석남도봉산,장암온수,온수장암,장암석남
15:44,15:43,18:37,18:35
온수장암,도봉산석남,석남도봉산,도봉산온수
15:50,15:49,18:43,18:42
석남도봉산,장암온수,온수장암,장암석남
15:56,15:55,18:50,18:48
온수장암,도봉산석남,석남도봉산,도봉산온수
16:02,16:01,18:56,18:54
석남도봉산,장암석남,온수장암,장암석남
16:08,16:07,19:03,19:01
온수장암,도봉산석남,석남도봉산,도봉산온수
16:14,16:13,19:10,19:07
석남도봉산,장암온수,온수장암,장암석남
16:20,16:19,19:16,19:14
온수장암,도봉산석남,석남도봉산,도봉산온수
16:26,16:25,19:23,19:20
석남도봉산,장암온수,온수장암,장암석남
16:32,16:31,19:30,19:27
온수장암,도봉산석남,석남도봉산,도봉산온수
16:38,16:37,19:36,19:33
석남도봉산,장암석남,온수장암,장암석남
16:44,16:43,19:42,19:40
온수장암,도봉산석남,석남도봉산,도봉산온수
16:50,16:49,19:49,19:46
석남도봉산,장암석남,온수장암,장암석남
16:56,16:55,19:55,19:53
온수장암,도봉산석남,석남도봉산,도봉산온수
17:02,17:01,-,19:59
석남도봉산,장암석남,-,장암석남
17:08,17:07,20:02,20:06
온수장암,도봉산석남,온수장암,도봉산온수
17:14,17:13,20:09,20:13
석남도봉산,장암석남,석남도봉산,장암석남
17:20,17:19,20:15,20:19
온수장암,도봉산석남,온수장암,도봉산온수
17:26,17:24,20:22,20:26
석남도봉산,장암석남,석남도봉산,장암석남
17:32,17:29,20:29,20:32
온수장암,도봉산석남,온수장암,도봉산온수
17:38,17:34,20:36,20:39
석남도봉산,장암석남,석남도봉산,장암석남
17:44,17:40,20:42,20:45
온수장암,도봉산석남,온수장암,도봉산온수
17:49,17:45,20:49,20:52
석남도봉산,도봉산석남,석남도봉산,장암석남
17:54,17:50,20:55,20:58
온수장암,장암석남,온수도봉산,도봉산온수
-,17:55,21:02,21:05
-,도봉산석남,석남장암,장암석남
-,17:59,21:08,21:11
-,장암석남,온수도봉산,도봉산온수
18:00,18:04,21:15,21:18
온수도봉산,도봉산석남,석남도봉산,장암석남
18:04,18:08,21:21,21:25
석남도봉산,도봉산석남,온수장암,도봉산온수
18:09,18:12,21:28,21:31
온수장암,장암석남,석남도봉산,장암석남
18:14,18:15,21:34,21:38
석남도봉산,도봉산온수,온수장암,도봉산온수
18:19,18:18,21:41,21:45
온수도봉산,도봉산석남,석남장암,장암석남
18:23,18:21,21:48,21:52
온수장암,도봉산온수,온수도봉산,도봉산온수
18:27,18:24,21:55,21:59
석남도봉산,장암석남,석남장암,장암석남
18:31,18:28,22:02,22:06
온수도봉산,도봉산온수,온수도봉산,도봉산온수
18:34,18:31,22:09,22:12
온수도봉산,도봉산석남,석남도봉산,도봉산석남
18:37,18:36,22:16,22:19
석남도봉산,장암온수,온수도봉산,장암온수
18:41,18:40,22:23,22:28
온수장암,도봉산석남,석남도봉산,도봉산석남
18:44,18:45,22:30,22:36
석남도봉산,도봉산온수,온수장암,장암온수
18:47,18:50,22:37,22:44
온수도봉산,장암석남,석남도봉산,도봉산석남
18:51,18:55,22:44,22:52
온수장암,도봉산온수,온수도봉산,장암온수
18:54,-,22:50,22:59막
석남도봉산,-,석남장암,장암석남
18:57,-,22:58,-
온수도봉산,-,석남도봉산,-
19:00,19:00,23:07,23:05
온수도봉산,장암석남,석남도봉산,도봉산온수
19:03,19:05,23:18막,23:12
석남장암,도봉산온수,온수장암,장암온수
19:06,19:10,23:27,23:22막
온수도봉산,장암석남,석남도봉산,도봉산온수
19:09,19:15,23:37막,23:33막
석남도봉산,도봉산온수,석남도봉산,장암신풍
19:12,19:20,23:47막,23:45막
온수도봉산,도봉산석남,석남태릉입구,도봉산내방
19:15,19:25,23:59막,23:58막
석남장암,장암온수,온수건대입구,장암청담
19:19,19:30,-,-
온수도봉산,도봉산석남,-,-
19:22,19:35,-,-
석남도봉산,도봉산온수,-,-
19:26,19:40,-,-
온수장암,장암석남,-,-
19:30,19:45,-,-
석남도봉산,도봉산온수,-,-
19:34,19:50,-,-
석남도봉산,도봉산석남,-,-
19:39,19:55,-,-
석남장암,장암온수,-,-
19:44,-,-,-
석남도봉산,-,-,-
19:49,-,-,-
석남장암,-,-,-
19:54,-,-,-
석남도봉산,-,-,-
20:00,20:00,-,-
석남도봉산,도봉산석남,-,-
20:05,20:06,-,-
석남장암,장암온수,-,-
20:11,20:12,-,-
석남도봉산,도봉산석남,-,-
20:18,20:18,-,-
석남장암,장암온수,-,-
20:24,20:24,-,-
석남도봉산,도봉산석남,-,-
20:29,20:30,-,-
석남도봉산,장암온수,-,-
20:35,20:36,-,-
석남장암,도봉산석남,-,-
20:41,20:42,-,-
석남도봉산,장암온수,-,-
20:47,20:48,-,-
석남도봉산,도봉산석남,-,-
20:53,20:54,-,-
석남도봉산,장암온수,-,-
21:00,21:00,-,-
석남장암,도봉산석남,-,-
21:07,21:07,-,-
석남도봉산,장암온수,-,-
21:14,21:14,-,-
석남도봉산,도봉산석남,-,-
21:21,21:21,-,-
석남장암,장암온수,-,-
21:28,21:28,-,-
석남도봉산,도봉산석남,-,-
21:35,21:35,-,-
석남도봉산,장암온수,-,-
21:43,21:42,-,-
석남장암,도봉산석남,-,-
21:49,21:50,-,-
온수도봉산,장암온수,-,-
21:56,21:57,-,-
석남장암,도봉산석남,-,-
22:04,22:05,-,-
석남도봉산,장암온수,-,-
22:11,22:14,-,-
온수도봉산,도봉산석남,-,-
22:19,22:24,-,-
석남장암,도봉산온수,-,-
22:26,22:34,-,-
석남도봉산,장암석남,-,-
22:34,22:44,-,-
석남도봉산,도봉산온수,-,-
22:41,22:54,-,-
온수도봉산,장암석남,-,-
22:49,-,-,-
석남장암,-,-,-
22:56,-,-,-
온수도봉산,-,-,-
23:04,23:05,-,-
석남도봉산,도봉산온수,-,-
23:11,23:13,-,-
석남장암,장암석남,-,-
23:19,23:23,-,-
온수도봉산,도봉산온수,-,-
23:26,23:33,-,-
석남장암,장암석남,-,-
23:39,23:42,-,-
석남도봉산,도봉산온수,-,-
23:51막,23:52막,-,-
석남장암,도봉산석남,-,-
0:07,0:02,-,-
석남도봉산,장암내방,-,-
00:21막,00:12막,-,-
석남도봉산,도봉산온수,-,-
00:39막,00:27막,-,-
석남태릉입구,장암신풍,-,-
00:53막,00:43막,-,-
석남건대입구,장암청담,-,-
