﻿숭실대입구방면,장승배기방면,숭실대입구방면,장승배기방면
평일,평일,주말,주말
05:42첫,05:38첫,05:42첫,05:38첫
신풍장암,내방석남,신풍장암,내방석남
5:54,5:51,5:54,5:51
온수장암,청담석남,온수도봉산,청담석남
6:04,6:03,6:04,6:03
온수장암,건대입구석남,온수장암,건대입구석남
6:15,6:16,6:15,6:16
석남장암,태릉입구석남,석남도봉산,태릉입구석남
6:23,6:28,6:22,6:28
온수도봉산,도봉산석남,온수도봉산,도봉산석남
6:30,6:38,6:31,6:38
석남장암,장암석남,석남장암,장암석남
6:37,6:46,6:39,6:48
온수장암,도봉산석남,석남도봉산,도봉산석남
6:43,6:53,6:47,6:58
석남도봉산,도봉산석남,온수도봉산,장암온수
6:50,-,6:54,-
온수장암,-,석남장암,-
6:56,-,7:01,7:07
석남도봉산,-,온수도봉산,도봉산석남
7:02,7:00,7:08,7:15
온수장암,장암석남,석남장암,장암석남
7:08,7:06,7:15,7:22
석남도봉산,도봉산석남,석남도봉산,도봉산온수
7:14,7:13,7:22,7:29
온수장암,도봉산석남,석남장암,장암석남
7:20,7:19,7:28,7:36
석남도봉산,장암석남,온수도봉산,도봉산온수
7:25,7:25,7:35,7:43
온수장암,도봉산석남,석남장암,장암석남
7:30,7:31,7:41,7:50
석남도봉산,장암석남,온수도봉산,도봉산온수
7:35,7:37,7:48,7:57
온수장암,도봉산석남,석남도봉산,도봉산석남
7:40,7:43,7:54,-
석남도봉산,장암석남,온수장암,-
7:46,7:49,8:01,8:04
석남장암,도봉산석남,석남도봉산,장암온수
7:50,7:54,8:07,8:11
온수도봉산,도봉산석남,온수장암,도봉산석남
7:54,7:59,8:14,8:18
석남도봉산,장암석남,석남도봉산,도봉산온수
7:58,-,8:20,8:25
석남장암,-,온수장암,도봉산석남
8:02,8:04,8:27,8:32
석남도봉산,도봉산석남,석남도봉산,장암온수
8:06,8:08,8:33,8:39
석남도봉산,장암온수,온수장암,도봉산석남
8:10,8:13,8:40,8:45
석남장암,도봉산석남,석남도봉산,도봉산온수
8:14,8:17,8:46,8:52
석남도봉산,장암온수,온수장암,도봉산석남
8:18,8:21,8:53,8:58
석남도봉산,도봉산석남,석남도봉산,장암온수
8:22,8:25,8:59,-
온수장암,도봉산온수,온수장암,-
8:26,8:29,9:06,9:05
석남도봉산,장암석남,석남도봉산,도봉산석남
8:29,8:33,9:12,9:12
석남도봉산,도봉산온수,온수장암,장암온수
8:33,8:36,9:19,9:18
석남수락산,도봉산석남,석남도봉산,도봉산석남
8:36,8:39,9:25,9:25
석남장암,도봉산온수,온수장암,장암온수
8:38,8:41,9:32,9:31
석남도봉산,도봉산온수,석남도봉산,도봉산석남
8:41,8:44,9:38,9:38
석남도봉산,장암석남,온수장암,장암온수
8:45,8:47,9:45,9:44
석남도봉산,도봉산온수,석남도봉산,도봉산석남
8:49,8:50,9:51,9:51
석남장암,도봉산온수,온수장암,장암온수
8:52,8:53,9:58,9:57
석남도봉산,도봉산석남,석남도봉산,도봉산석남
8:56,8:56,10:05,10:04
석남도봉산,장암온수,온수장암,도봉산온수
-,8:59,10:11,10:10
-,도봉산온수,석남도봉산,장암석남
9:00,9:02,10:18,10:17
석남도봉산,도봉산석남,온수장암,도봉산온수
9:04,9:04,10:24,10:23
석남장암,도봉산온수,석남도봉산,장암석남
9:08,9:07,10:31,10:30
석남도봉산,도봉산온수,온수장암,도봉산온수
9:12,9:09,10:37,10:36
석남도봉산,장암석남,석남도봉산,장암석남
9:16,9:12,10:44,10:43
석남장암,도봉산온수,온수장암,도봉산온수
9:20,9:15,10:50,10:49
온수도봉산,도봉산온수,석남도봉산,장암석남
9:24,9:18,10:57,10:56
석남도봉산,도봉산석남,온수장암,도봉산온수
9:28,9:21,11:03,11:02
석남도봉산,장암온수,석남도봉산,장암석남
9:33,9:24,11:10,11:09
석남장암,도봉산온수,온수장암,도봉산온수
9:38,9:27,11:16,11:15
석남도봉산,도봉산석남,석남도봉산,장암석남
9:43,9:31,11:23,11:22
온수장암,장암온수,온수장암,도봉산온수
9:48,9:34,11:29,11:28
석남도봉산,도봉산온수,석남도봉산,장암석남
9:53,9:38,11:36,11:35
온수도봉산,도봉산석남,온수장암,도봉산온수
9:58,9:42,11:42,11:41
석남장암,장암온수,석남도봉산,장암석남
-,9:47,11:49,11:48
-,도봉산온수,온수장암,도봉산온수
-,9:52,11:55,11:54
-,장암석남,석남도봉산,장암석남
-,9:57,12:02,12:01
-,도봉산온수,온수장암,도봉산온수
10:04,10:01,12:08,12:08
석남도봉산,장암온수,석남도봉산,장암석남
10:09,10:07,12:15,12:14
석남장암,도봉산석남,온수장암,도봉산온수
10:15,10:13,12:21,12:21
석남도봉산,장암온수,석남도봉산,장암석남
10:21,10:19,12:28,12:27
석남장암,도봉산석남,온수장암,도봉산온수
10:27,10:25,12:34,12:34
석남도봉산,장암온수,석남도봉산,장암석남
10:33,10:31,12:41,12:40
온수장암,도봉산석남,온수장암,도봉산온수
10:39,10:37,12:47,12:47
석남도봉산,장암온수,석남도봉산,장암석남
10:45,10:43,12:54,12:53
석남장암,도봉산석남,온수장암,도봉산온수
10:51,10:49,13:01,13:00
온수도봉산,도봉산온수,석남도봉산,장암석남
10:57,10:55,13:07,13:06
석남장암,장암석남,온수장암,도봉산온수
11:03,11:01,13:14,13:13
석남도봉산,도봉산온수,석남도봉산,장암석남
11:09,11:07,13:20,13:19
온수장암,장암석남,온수장암,도봉산온수
11:15,11:13,13:27,13:26
석남도봉산,도봉산온수,석남도봉산,장암석남
11:21,11:19,13:33,13:32
온수장암,장암석남,온수장암,도봉산온수
11:27,11:25,13:40,13:39
석남도봉산,도봉산온수,석남도봉산,장암석남
11:33,11:31,13:46,13:45
온수장암,도봉산석남,온수장암,도봉산온수
11:39,11:37,13:53,13:52
석남도봉산,장암온수,석남도봉산,장암석남
11:45,11:43,13:59,13:58
온수장암,도봉산석남,온수장암,도봉산온수
11:51,11:49,14:06,14:05
석남도봉산,장암온수,석남도봉산,장암석남
11:57,11:55,14:12,14:11
온수장암,도봉산석남,온수장암,도봉산온수
12:03,12:01,14:19,14:18
석남도봉산,장암온수,석남도봉산,장암석남
12:09,12:07,14:25,14:24
온수장암,도봉산석남,온수장암,도봉산온수
12:15,12:13,14:32,14:31
석남도봉산,장암온수,석남도봉산,장암석남
12:21,12:19,14:38,14:37
온수장암,도봉산석남,온수장암,도봉산온수
12:27,12:25,14:45,14:44
석남도봉산,장암온수,석남도봉산,장암석남
12:33,12:31,14:51,14:50
온수장암,도봉산석남,온수장암,도봉산온수
12:39,12:37,14:58,14:57
석남도봉산,장암온수,석남도봉산,장암석남
12:45,12:43,15:04,15:04
온수장암,도봉산석남,온수장암,도봉산온수
12:51,12:49,15:11,15:10
석남도봉산,장암온수,석남도봉산,장암석남
12:57,12:55,15:17,15:17
온수장암,도봉산석남,온수장암,도봉산온수
13:03,13:01,15:24,15:23
석남도봉산,장암온수,석남도봉산,장암석남
13:09,13:07,15:30,15:30
온수장암,도봉산석남,온수장암,도봉산온수
13:15,13:13,15:37,15:36
석남도봉산,장암온수,석남도봉산,장암석남
13:21,13:19,15:43,15:43
온수장암,도봉산석남,온수장암,도봉산온수
13:27,13:25,15:50,15:49
석남도봉산,장암온수,석남도봉산,장암석남
13:33,13:31,15:57,15:56
온수장암,도봉산석남,온수장암,도봉산온수
13:39,13:37,16:03,16:02
석남도봉산,장암온수,석남도봉산,장암석남
13:45,13:43,16:10,16:09
온수장암,도봉산석남,온수장암,도봉산온수
13:51,13:49,16:16,16:15
석남도봉산,장암온수,석남도봉산,장암석남
13:57,13:55,16:23,16:22
온수장암,도봉산석남,온수장암,도봉산온수
14:03,14:01,16:29,16:28
석남도봉산,장암온수,석남도봉산,장암석남
14:09,14:07,16:36,16:35
온수장암,도봉산석남,온수장암,도봉산온수
14:15,14:13,16:42,16:41
석남도봉산,장암온수,석남도봉산,장암석남
14:21,14:19,16:49,16:48
온수장암,도봉산석남,온수장암,도봉산온수
14:27,14:25,16:55,16:54
석남도봉산,장암온수,석남도봉산,장암석남
14:33,14:31,17:02,17:01
온수장암,도봉산석남,온수장암,도봉산온수
14:39,14:37,17:08,17:07
석남도봉산,장암온수,석남도봉산,장암석남
14:45,14:43,17:15,17:14
온수장암,도봉산석남,온수장암,도봉산온수
14:51,14:49,17:21,17:20
석남도봉산,장암온수,석남도봉산,장암석남
14:57,14:55,17:28,17:27
온수장암,도봉산석남,온수장암,도봉산온수
15:03,15:01,17:34,17:33
석남도봉산,장암온수,석남도봉산,장암석남
15:09,15:07,17:41,17:40
온수장암,도봉산석남,온수장암,도봉산온수
15:15,15:13,17:47,17:47
석남도봉산,장암온수,석남도봉산,장암석남
15:21,15:19,17:54,17:53
온수장암,도봉산석남,온수장암,도봉산온수
15:27,15:25,18:00,18:00
석남도봉산,장암온수,석남도봉산,장암석남
15:33,15:31,18:07,18:06
온수장암,도봉산석남,온수장암,도봉산온수
15:39,15:37,18:13,18:13
석남도봉산,장암온수,석남도봉산,장암석남
15:45,15:43,18:20,18:19
온수장암,도봉산석남,온수장암,도봉산온수
15:51,15:49,18:26,18:26
석남도봉산,장암온수,석남도봉산,장암석남
15:57,15:55,18:33,18:32
온수장암,도봉산석남,온수장암,도봉산온수
16:03,16:01,18:40,18:39
석남도봉산,장암온수,석남도봉산,장암석남
16:09,16:07,18:46,18:45
온수장암,도봉산석남,온수장암,도봉산온수
16:15,16:13,18:53,18:52
석남도봉산,장암온수,석남도봉산,장암석남
16:21,16:19,18:59,18:59
온수장암,도봉산석남,온수장암,도봉산온수
16:27,16:25,19:06,19:05
석남도봉산,장암석남,석남도봉산,장암석남
16:33,16:31,19:12,19:11
온수장암,도봉산석남,온수장암,도봉산온수
16:39,16:37,19:19,19:18
석남도봉산,장암온수,석남도봉산,장암석남
16:45,16:43,19:25,19:24
온수장암,도봉산석남,온수장암,도봉산온수
16:51,16:49,19:32,19:31
석남도봉산,장암온수,석남도봉산,장암석남
16:57,16:55,19:38,19:37
온수장암,도봉산석남,온수장암,도봉산온수
17:03,17:01,19:45,19:44
석남도봉산,장암석남,석남도봉산,장암석남
17:09,17:07,19:52,19:50
온수장암,도봉산석남,온수장암,도봉산온수
17:15,17:12,19:58,19:57
석남도봉산,장암석남,석남도봉산,장암석남
17:20,17:19,20:05,20:03
온수장암,도봉산석남,온수장암,도봉산온수
17:26,17:25,20:12,20:10
석남도봉산,장암석남,석남도봉산,장암석남
17:31,17:31,20:19,20:16
온수장암,도봉산석남,온수장암,도봉산온수
17:36,17:37,20:25,20:23
온수도봉산,장암석남,석남도봉산,장암석남
17:40,17:43,20:32,20:29
석남도봉산,도봉산석남,온수도봉산,도봉산온수
17:45,17:48,20:38,20:36
온수장암,장암석남,석남장암,장암석남
17:49,17:53,20:45,20:43
석남도봉산,도봉산석남,온수도봉산,도봉산온수
17:54,17:58,20:51,20:49
온수도봉산,장암석남,석남도봉산,장암석남
17:59,-,20:58,20:56
온수장암,-,온수장암,도봉산온수
18:02,18:04,21:04,21:02
석남도봉산,도봉산석남,석남도봉산,장암석남
18:06,18:09,21:11,21:09
온수도봉산,도봉산석남,온수장암,도봉산온수
18:09,18:14,21:18,21:15
온수도봉산,장암석남,석남장암,장암석남
18:12,18:19,21:25,21:22
석남도봉산,도봉산석남,온수도봉산,도봉산온수
18:16,18:24,21:32,21:28
온수장암,장암석남,석남장암,장암석남
18:19,18:28,21:39,21:35
석남도봉산,도봉산석남,온수도봉산,도봉산온수
18:23,18:33,21:46,21:42
온수도봉산,도봉산석남,석남도봉산,장암석남
18:26,18:37,21:53,21:48
온수장암,장암석남,온수도봉산,도봉산온수
18:29,18:40,-,21:55
석남도봉산,도봉산온수,-,장암석남
18:32,18:43,22:00,22:01
온수도봉산,도봉산석남,석남도봉산,도봉산온수
18:35,18:46,22:07,22:08
온수도봉산,도봉산온수,온수장암,장암석남
18:38,18:49,22:14,22:15
석남장암,장암석남,석남도봉산,도봉산온수
18:41,18:53,22:20,22:22
온수도봉산,도봉산온수,온수도봉산,장암석남
18:44,18:56,22:27,22:29
석남도봉산,도봉산석남,석남장암,도봉산온수
18:47,-,22:35,22:36
온수도봉산,-,석남도봉산,도봉산석남
18:51,-,22:44,22:42
석남장암,-,석남도봉산,장암온수
18:54,-,22:54막,22:51
온수도봉산,-,온수장암,도봉산석남
18:57,-,-,22:59
석남도봉산,-,-,장암온수
19:01,19:01,23:04,23:07
온수장암,장암온수,석남도봉산,도봉산석남
19:05,19:05,23:14막,23:15
석남도봉산,도봉산석남,석남도봉산,장암온수
19:10,19:10,23:24막,23:22막
석남도봉산,도봉산온수,석남태릉입구,장암석남
19:15,19:14,23:35막,23:29
석남장암,장암석남,온수건대입구,도봉산온수
19:20,19:19,23:45막,23:35
석남도봉산,도봉산온수,석남청담,장암온수
19:25,19:24,23:56막,23:45막
석남장암,장암석남,석남내방,도봉산온수
19:30,19:29,-,23:56막
석남도봉산,도봉산온수,-,장암신풍
19:36,19:34,-,-
석남도봉산,장암석남,-,-
19:42,19:39,-,-
석남장암,도봉산온수,-,-
19:48,19:44,-,-
석남도봉산,도봉산석남,-,-
19:54,19:49,-,-
석남장암,장암온수,-,-
-,19:54,-,-
-,도봉산석남,-,-
-,19:59,-,-
-,도봉산온수,-,-
20:00,20:04,-,-
석남도봉산,장암석남,-,-
20:06,20:09,-,-
석남도봉산,도봉산온수,-,-
20:12,20:14,-,-
석남장암,도봉산석남,-,-
20:18,20:19,-,-
석남도봉산,장암온수,-,-
20:24,20:24,-,-
석남도봉산,도봉산석남,-,-
20:30,20:30,-,-
석남도봉산,장암온수,-,-
20:36,20:36,-,-
석남장암,도봉산석남,-,-
20:43,20:42,-,-
석남도봉산,장암온수,-,-
20:50,20:48,-,-
석남도봉산,도봉산석남,-,-
20:57,20:54,-,-
석남장암,장암온수,-,-
21:04,21:00,-,-
석남도봉산,도봉산석남,-,-
21:11,21:06,-,-
석남도봉산,장암온수,-,-
21:19,21:12,-,-
석남장암,도봉산석남,-,-
21:26,21:18,-,-
온수도봉산,장암온수,-,-
21:33,21:24,-,-
석남장암,도봉산석남,-,-
21:40,21:30,-,-
석남도봉산,장암온수,-,-
21:48,21:37,-,-
온수도봉산,도봉산석남,-,-
21:55,21:44,-,-
석남장암,장암온수,-,-
-,21:51,-,-
-,도봉산석남,-,-
-,21:58,-,-
-,장암온수,-,-
22:03,22:06,-,-
석남도봉산,도봉산석남,-,-
22:10,22:13,-,-
석남도봉산,장암온수,-,-
22:18,22:21,-,-
온수도봉산,도봉산석남,-,-
22:25,22:28,-,-
석남장암,장암온수,-,-
22:33,22:37,-,-
온수도봉산,도봉산석남,-,-
22:40,22:47,-,-
석남도봉산,도봉산온수,-,-
22:48,22:57,-,-
석남장암,장암석남,-,-
22:55,-,-,-
온수도봉산,-,-,-
23:03,23:07,-,-
석남장암,도봉산온수,-,-
23:15,23:17,-,-
석남도봉산,장암석남,-,-
23:27막,23:29,-,-
석남장암,도봉산온수,-,-
23:43,23:37,-,-
석남도봉산,장암석남,-,-
23:57막,23:47,-,-
석남도봉산,도봉산온수,-,-
-,23:57,-,-
-,장암석남,-,-
0:06,0:06,-,-
온수청담,도봉산온수,-,-
00:15막,00:16막,-,-
석남태릉입구,도봉산석남,-,-
00:30막,00:36막,-,-
석남건대입구,도봉산온수,-,-
00:49막,00:51막,-,-
석남내방,장암신풍,-,-
