﻿용마산방면,군자방면,용마산방면,군자방면
평일,평일,주말,주말
05:35첫,05:44첫,05:35첫,05:44첫
건대입구장암,태릉입구석남,건대입구장암,태릉입구석남
5:49,5:56,5:49,5:56
청담장암,도봉산석남,청담장암,도봉산석남
6:00,6:06,6:02,6:06
내방장암,장암석남,내방장암,장암석남
6:13,6:14,6:13,6:16
신풍장암,도봉산석남,신풍장암,도봉산석남
6:25,6:21,6:25,6:26
온수장암,도봉산석남,온수도봉산,장암온수
6:35,6:28,6:35,6:35
온수장암,장암석남,온수장암,도봉산석남
6:47,6:35,6:46,6:43
석남장암,도봉산석남,석남도봉산,장암석남
6:54,6:41,6:53,6:50
온수도봉산,도봉산석남,온수도봉산,도봉산온수
-,6:47,-,6:57
-,장암석남,-,장암석남
-,6:53,7:02,7:04
-,도봉산석남,석남장암,도봉산온수
-,6:59,7:10,7:11
-,장암석남,석남도봉산,장암석남
7:02,7:05,7:18,7:18
석남장암,도봉산석남,온수도봉산,도봉산온수
7:09,7:11,7:25,7:25
온수장암,장암석남,석남장암,도봉산석남
7:15,7:17,7:32,7:32
석남도봉산,도봉산석남,온수도봉산,장암온수
7:22,7:22,7:39,7:39
온수장암,도봉산석남,석남장암,도봉산석남
7:28,7:27,7:46,7:46
석남도봉산,장암석남,석남도봉산,도봉산온수
7:34,7:31,7:53,7:53
온수장암,도봉산석남,석남장암,도봉산석남
7:40,7:36,8:00,8:00
석남도봉산,장암온수,온수도봉산,장암온수
7:45,7:40,8:06,8:07
온수장암,도봉산석남,석남장암,도봉산석남
7:52,7:44,8:13,8:14
석남도봉산,장암온수,온수도봉산,도봉산온수
7:57,7:48,8:19,8:20
온수장암,도봉산석남,석남도봉산,도봉산석남
-,7:53,8:26,8:27
-,도봉산온수,온수장암,장암온수
-,7:56,8:32,8:34
-,장암석남,석남도봉산,도봉산석남
8:03,8:00,8:39,8:40
석남도봉산,도봉산온수,온수장암,장암온수
8:08,8:04,8:45,8:47
온수장암,도봉산석남,석남도봉산,도봉산석남
8:13,8:06,8:52,8:53
석남도봉산,도봉산온수,온수장암,장암온수
8:18,8:09,8:58,-
석남장암,도봉산온수,석남도봉산,-
8:22,8:11,9:05,9:00
온수도봉산,장암석남,온수장암,도봉산석남
8:26,8:14,9:11,9:06
석남도봉산,도봉산온수,석남도봉산,장암온수
8:31,8:17,9:18,9:13
석남장암,도봉산온수,온수장암,도봉산석남
8:35,8:20,9:24,9:19
석남도봉산,도봉산석남,석남도봉산,장암온수
8:39,8:23,9:31,9:26
석남도봉산,장암온수,온수장암,도봉산석남
8:43,8:26,9:37,9:32
석남장암,도봉산온수,석남도봉산,도봉산온수
8:47,8:29,9:44,9:39
석남도봉산,도봉산석남,온수장암,장암석남
8:51,8:31,9:50,9:45
석남도봉산,도봉산온수,석남도봉산,도봉산온수
8:55,8:34,9:57,9:52
온수장암,도봉산온수,온수장암,장암석남
8:59,8:36,-,9:58
석남도봉산,장암석남,-,도봉산온수
-,8:39,10:03,10:05
-,도봉산온수,석남도봉산,장암석남
-,8:42,10:10,10:11
-,도봉산온수,온수장암,도봉산온수
-,8:45,10:16,10:18
-,도봉산석남,석남도봉산,장암석남
-,8:48,10:23,10:24
-,장암온수,온수장암,도봉산온수
-,8:51,10:30,10:31
-,도봉산온수,석남도봉산,장암석남
-,8:55,10:36,10:37
-,도봉산석남,온수장암,도봉산온수
-,8:58,10:43,10:44
-,장암온수,석남도봉산,장암석남
9:02,9:02,10:49,10:50
석남도봉산,도봉산온수,온수장암,도봉산온수
9:06,9:06,10:56,10:57
석남수락산,도봉산석남,석남도봉산,장암석남
9:09,9:10,11:02,11:03
석남장암,장암온수,온수장암,도봉산온수
9:11,9:15,11:09,11:10
석남도봉산,도봉산온수,석남도봉산,장암석남
9:14,9:20,11:15,11:16
석남도봉산,장암석남,온수장암,도봉산온수
9:18,9:25,11:22,11:23
석남도봉산,도봉산온수,석남도봉산,장암석남
9:22,9:30,11:28,11:30
석남장암,장암온수,온수장암,도봉산온수
9:25,9:35,11:35,11:36
석남도봉산,도봉산석남,석남도봉산,장암석남
9:29,9:41,11:41,11:43
석남도봉산,장암온수,온수장암,도봉산온수
9:33,9:47,11:48,11:49
석남도봉산,도봉산석남,석남도봉산,장암석남
9:37,9:53,11:54,11:56
석남장암,장암온수,온수장암,도봉산온수
9:41,9:59,12:01,12:02
석남도봉산,도봉산석남,석남도봉산,장암석남
9:45,-,12:07,12:09
석남도봉산,-,온수장암,도봉산온수
9:49,-,12:14,12:15
석남장암,-,석남도봉산,장암석남
9:53,-,12:20,12:22
온수도봉산,-,온수장암,도봉산온수
9:57,-,12:27,12:28
석남도봉산,-,석남도봉산,장암석남
10:01,10:05,12:33,12:35
석남도봉산,장암온수,온수장암,도봉산온수
10:05,10:11,12:40,12:41
석남장암,도봉산석남,석남도봉산,장암석남
10:11,10:17,12:46,12:48
석남도봉산,도봉산온수,온수장암,도봉산온수
10:16,10:23,12:53,12:54
온수장암,장암석남,석남도봉산,장암석남
10:20,10:29,12:59,-
석남도봉산,도봉산온수,온수장암,-
10:25,10:35,13:06,13:01
온수도봉산,장암석남,석남도봉산,도봉산온수
10:30,10:41,13:12,13:07
석남장암,도봉산온수,온수장암,장암석남
10:36,10:47,13:19,13:14
석남도봉산,장암석남,석남도봉산,도봉산온수
10:40,10:53,13:25,13:20
석남장암,도봉산온수,온수장암,장암석남
10:46,10:59,13:32,13:27
석남도봉산,도봉산석남,석남도봉산,도봉산온수
10:52,-,13:39,13:33
석남장암,-,온수장암,장암석남
10:58,-,13:45,13:40
석남도봉산,-,석남도봉산,도봉산온수
11:04,11:05,13:52,13:46
온수장암,장암온수,온수장암,장암석남
11:10,11:11,13:58,13:53
석남도봉산,도봉산석남,석남도봉산,도봉산온수
11:16,11:17,-,13:59
석남장암,장암온수,-,장암석남
11:22,11:23,14:05,14:06
온수도봉산,도봉산석남,온수장암,도봉산온수
11:28,11:29,14:11,14:12
석남장암,장암온수,석남도봉산,장암석남
11:34,11:35,14:18,14:19
석남도봉산,도봉산석남,온수장암,도봉산온수
11:40,11:41,14:24,14:26
온수장암,장암온수,석남도봉산,장암석남
11:46,11:47,14:31,14:32
석남도봉산,도봉산석남,온수장암,도봉산온수
11:52,11:53,14:37,14:39
온수장암,장암온수,석남도봉산,장암석남
11:58,11:59,14:44,14:45
석남도봉산,도봉산석남,온수장암,도봉산온수
12:04,12:05,14:50,14:52
온수장암,장암온수,석남도봉산,장암석남
12:10,12:11,14:57,14:58
석남도봉산,도봉산석남,온수장암,도봉산온수
12:16,12:17,15:03,15:05
온수장암,장암온수,석남도봉산,장암석남
12:22,12:23,15:10,15:11
석남도봉산,도봉산석남,온수장암,도봉산온수
12:28,12:29,15:16,15:18
온수장암,장암온수,석남도봉산,장암석남
12:34,12:35,15:23,15:24
석남도봉산,도봉산석남,온수장암,도봉산온수
12:40,12:41,15:29,15:31
온수장암,장암온수,석남도봉산,장암석남
12:46,12:47,15:36,15:37
석남도봉산,도봉산석남,온수장암,도봉산온수
12:52,12:53,15:42,15:44
온수장암,장암온수,석남도봉산,장암석남
12:58,12:59,15:49,15:50
석남도봉산,도봉산석남,온수장암,도봉산온수
13:04,13:05,15:55,15:57
온수장암,장암온수,석남도봉산,장암석남
13:10,13:11,16:02,16:03
석남도봉산,도봉산석남,온수장암,도봉산온수
13:16,13:17,16:08,16:10
온수장암,장암온수,석남도봉산,장암석남
13:22,13:23,16:15,16:16
석남도봉산,도봉산석남,온수장암,도봉산온수
13:28,13:29,16:22,16:23
온수장암,장암온수,석남도봉산,장암석남
13:34,13:35,16:28,16:29
석남도봉산,도봉산석남,온수장암,도봉산온수
13:40,13:41,16:35,16:36
온수장암,장암온수,석남도봉산,장암석남
13:46,13:47,16:41,16:42
석남도봉산,도봉산석남,온수장암,도봉산온수
13:52,13:53,16:48,16:49
온수장암,장암온수,석남도봉산,장암석남
13:58,13:59,16:54,16:55
석남도봉산,도봉산석남,온수장암,도봉산온수
14:04,14:05,17:01,17:02
온수장암,장암온수,석남도봉산,장암석남
14:10,14:11,17:07,17:08
석남도봉산,도봉산석남,온수장암,도봉산온수
14:16,14:17,17:14,17:15
온수장암,장암온수,석남도봉산,장암석남
14:22,14:23,17:20,17:22
석남도봉산,도봉산석남,온수장암,도봉산온수
14:28,14:29,17:27,17:28
온수장암,장암온수,석남도봉산,장암석남
14:34,14:35,17:33,17:35
석남도봉산,도봉산석남,온수장암,도봉산온수
14:40,14:41,17:40,17:41
온수장암,장암온수,석남도봉산,장암석남
14:46,14:47,17:46,17:48
석남도봉산,도봉산석남,온수장암,도봉산온수
14:52,14:53,17:53,17:54
온수장암,장암온수,석남도봉산,장암석남
14:58,14:59,17:59,-
석남도봉산,도봉산석남,온수장암,-
15:04,15:05,18:06,18:01
온수장암,장암온수,석남도봉산,도봉산온수
15:10,15:11,18:12,18:08
석남도봉산,도봉산석남,온수장암,장암석남
15:16,15:17,18:19,18:14
온수장암,장암온수,석남도봉산,도봉산온수
15:22,15:23,18:25,18:20
석남도봉산,도봉산석남,온수장암,장암석남
15:28,15:29,18:32,18:27
온수장암,장암온수,석남도봉산,도봉산온수
15:34,15:35,18:38,18:34
석남도봉산,도봉산석남,온수장암,장암석남
15:40,15:41,18:45,18:40
온수장암,장암온수,석남도봉산,도봉산온수
15:46,15:47,18:51,18:46
석남도봉산,도봉산석남,온수장암,장암석남
15:52,15:53,18:58,18:53
온수장암,장암석남,석남도봉산,도봉산온수
15:58,15:59,-,18:59
석남도봉산,도봉산석남,-,장암석남
16:04,16:05,19:04,19:06
온수장암,장암온수,온수장암,도봉산온수
16:10,16:11,19:11,19:12
석남도봉산,도봉산석남,석남도봉산,장암석남
16:16,16:17,19:18,19:19
온수장암,장암온수,온수장암,도봉산온수
16:22,16:23,19:24,19:25
석남도봉산,도봉산석남,석남도봉산,장암석남
16:28,16:29,19:31,19:32
온수장암,장암석남,온수장암,도봉산온수
16:34,16:35,19:37,19:38
석남도봉산,도봉산석남,석남도봉산,장암석남
16:40,16:41,19:44,19:45
온수장암,장암석남,온수장암,도봉산온수
16:46,16:47,19:50,19:51
석남도봉산,도봉산석남,석남도봉산,장암석남
16:52,16:53,19:57,19:58
온수장암,장암석남,온수장암,도봉산온수
16:58,16:59,20:03,20:05
석남도봉산,도봉산석남,석남도봉산,장암석남
17:04,17:05,20:10,20:11
온수장암,장암석남,온수장암,도봉산온수
17:10,17:11,20:17,20:18
석남도봉산,도봉산석남,석남도봉산,장암석남
17:16,17:16,20:23,20:24
온수장암,장암석남,온수장암,도봉산온수
17:22,17:21,20:30,20:31
석남도봉산,도봉산석남,석남도봉산,장암석남
17:28,17:26,20:37,20:37
온수장암,장암석남,온수장암,도봉산온수
17:34,17:32,20:44,20:44
석남도봉산,도봉산석남,석남도봉산,장암석남
17:40,17:37,20:50,20:50
온수장암,도봉산석남,온수장암,도봉산온수
17:46,17:42,20:57,20:57
석남도봉산,장암석남,석남도봉산,장암석남
17:52,17:47,21:03,21:03
온수장암,도봉산석남,온수도봉산,도봉산온수
17:57,17:51,21:10,21:10
석남도봉산,장암석남,석남장암,장암석남
-,17:56,21:16,21:17
-,도봉산석남,온수도봉산,도봉산온수
18:02,18:00,21:23,21:23
온수장암,도봉산석남,석남도봉산,장암석남
18:07,18:04,21:29,21:30
온수도봉산,장암석남,온수장암,도봉산온수
18:12,18:07,21:36,21:37
석남도봉산,도봉산온수,석남도봉산,장암석남
18:17,18:10,21:42,21:44
온수장암,도봉산석남,온수장암,도봉산온수
18:22,18:13,21:49,21:51
석남도봉산,도봉산온수,석남장암,장암석남
18:27,18:16,21:56,21:58
온수도봉산,장암석남,온수도봉산,도봉산온수
18:31,18:20,22:03,22:04
온수장암,도봉산온수,석남장암,도봉산석남
18:35,18:23,22:10,22:11
석남도봉산,도봉산석남,온수도봉산,장암온수
18:39,18:28,22:17,22:20
온수도봉산,장암온수,석남도봉산,도봉산석남
18:42,18:32,22:24,22:28
온수도봉산,도봉산석남,온수도봉산,장암온수
18:45,18:37,22:31,22:36
석남도봉산,도봉산온수,석남도봉산,도봉산석남
18:49,18:42,22:38,22:44
온수장암,장암석남,온수장암,장암온수
18:52,18:47,22:45,22:51막
석남도봉산,도봉산온수,석남도봉산,장암석남
18:55,18:52,22:52,22:57
온수도봉산,장암석남,온수도봉산,도봉산온수
18:59,18:57,22:58,-
온수장암,도봉산온수,석남장암,-
19:02,19:02,23:06,23:04
석남도봉산,장암석남,석남도봉산,장암온수
19:05,19:07,23:15,23:14막
온수도봉산,도봉산온수,석남도봉산,도봉산온수
19:08,19:12,23:26막,23:25막
온수도봉산,도봉산석남,온수장암,장암신풍
19:11,19:17,23:35,23:37막
석남장암,장암온수,석남도봉산,도봉산내방
19:14,19:22,23:45막,23:50막
온수도봉산,도봉산석남,석남도봉산,장암청담
19:17,19:27,23:55막,-
석남도봉산,도봉산온수,석남태릉입구,-
19:20,19:32,-,00:07막
온수도봉산,장암석남,-,장암건대입구
19:23,19:37,-,-
석남장암,도봉산온수,-,-
19:27,19:42,-,-
온수도봉산,도봉산석남,-,-
19:30,19:47,-,-
석남도봉산,장암온수,-,-
19:34,19:52,-,-
온수장암,도봉산석남,-,-
19:38,19:58,-,-
석남도봉산,장암온수,-,-
19:42,-,-,-
석남도봉산,-,-,-
19:47,-,-,-
석남장암,-,-,-
19:52,-,-,-
석남도봉산,-,-,-
19:57,-,-,-
석남장암,-,-,-
20:02,20:04,-,-
석남도봉산,도봉산석남,-,-
20:08,20:10,-,-
석남도봉산,장암온수,-,-
20:13,20:16,-,-
석남장암,도봉산석남,-,-
20:19,20:22,-,-
석남도봉산,장암온수,-,-
20:26,20:28,-,-
석남장암,도봉산석남,-,-
20:32,20:34,-,-
석남도봉산,장암온수,-,-
20:37,20:40,-,-
석남도봉산,도봉산석남,-,-
20:43,20:46,-,-
석남장암,장암온수,-,-
20:49,20:52,-,-
석남도봉산,도봉산석남,-,-
20:55,20:59,-,-
석남도봉산,장암온수,-,-
21:01,21:06,-,-
석남도봉산,도봉산석남,-,-
21:08,21:13,-,-
석남장암,장암온수,-,-
21:15,21:20,-,-
석남도봉산,도봉산석남,-,-
21:22,21:27,-,-
석남도봉산,장암온수,-,-
21:29,21:34,-,-
석남장암,도봉산석남,-,-
21:36,21:42,-,-
석남도봉산,장암온수,-,-
21:43,21:49,-,-
석남도봉산,도봉산석남,-,-
21:51,21:57,-,-
석남장암,장암온수,-,-
21:57,-,-,-
온수도봉산,-,-,-
22:04,22:06,-,-
석남장암,도봉산석남,-,-
22:12,22:16,-,-
석남도봉산,도봉산온수,-,-
22:19,22:26,-,-
온수도봉산,장암석남,-,-
22:27,22:36,-,-
석남장암,도봉산온수,-,-
22:34,22:46,-,-
석남도봉산,장암석남,-,-
22:42,22:57,-,-
석남도봉산,도봉산온수,-,-
22:49,-,-,-
온수도봉산,-,-,-
22:57,-,-,-
석남장암,-,-,-
23:04,23:05,-,-
온수도봉산,장암석남,-,-
23:12,23:15,-,-
석남도봉산,도봉산온수,-,-
23:19,23:25,-,-
석남장암,장암석남,-,-
23:27,23:34,-,-
온수도봉산,도봉산온수,-,-
23:34,23:44막,-,-
석남장암,도봉산석남,-,-
23:47,23:54,-,-
석남도봉산,장암내방,-,-
23:59막,-,-,-
석남장암,-,-,-
0:15,00:04막,-,-
석남도봉산,도봉산온수,-,-
00:29막,00:19막,-,-
석남도봉산,장암신풍,-,-
00:47막,00:35막,-,-
석남태릉입구,장암청담,-,-
-,00:53막,-,-
-,장암건대입구,-,-
