﻿뚝섬유원지방면,강남구청방면,뚝섬유원지방면,강남구청방면
평일,평일,주말,주말
05:39첫,05:31첫,05:39첫,05:31첫
청담장암,청담석남,청담장암,청담석남
5:50,5:42,5:51,5:42
내방장암,건대입구석남,내방장암,건대입구석남
-,5:55,-,5:55
-,태릉입구석남,-,태릉입구석남
6:03,6:07,6:03,6:07
신풍장암,도봉산석남,신풍장암,도봉산석남
6:15,6:17,6:15,6:17
온수장암,장암석남,온수도봉산,장암석남
6:25,6:25,6:25,6:27
온수장암,도봉산석남,온수장암,도봉산석남
6:36,6:32,6:36,6:37
석남장암,도봉산석남,석남도봉산,장암온수
6:44,6:39,6:43,6:46
온수도봉산,장암석남,온수도봉산,도봉산석남
6:51,6:46,6:52,6:54
석남장암,도봉산석남,석남장암,장암석남
6:58,6:52,7:00,7:01
온수장암,도봉산석남,석남도봉산,도봉산온수
-,6:58,7:08,7:08
-,장암석남,온수도봉산,장암석남
7:04,7:04,7:15,7:15
석남도봉산,도봉산석남,석남장암,도봉산온수
7:11,7:10,7:22,7:22
온수장암,장암석남,온수도봉산,장암석남
7:17,7:16,7:29,7:29
석남도봉산,도봉산석남,석남장암,도봉산온수
7:23,7:22,7:36,7:36
온수장암,장암석남,석남도봉산,도봉산석남
7:29,7:28,7:43,7:43
석남도봉산,도봉산석남,석남장암,장암온수
7:35,7:33,7:49,7:50
온수장암,도봉산석남,온수도봉산,도봉산석남
7:41,7:38,7:56,7:57
석남도봉산,장암석남,석남장암,도봉산온수
7:47,7:42,8:02,8:04
온수장암,도봉산석남,온수도봉산,도봉산석남
7:52,7:47,8:09,8:11
석남도봉산,장암온수,석남도봉산,장암온수
7:57,7:51,8:15,8:18
온수장암,도봉산석남,온수장암,도봉산석남
-,7:56,8:22,8:25
-,장암온수,석남도봉산,도봉산온수
8:02,8:00,8:28,8:31
석남도봉산,도봉산석남,온수장암,도봉산석남
8:07,8:04,8:35,8:38
석남장암,도봉산온수,석남도봉산,장암온수
8:11,8:08,8:41,8:45
온수도봉산,장암석남,온수장암,도봉산석남
8:15,8:11,8:48,8:51
석남도봉산,도봉산온수,석남도봉산,장암온수
8:19,8:15,8:54,8:58
석남장암,도봉산석남,온수장암,도봉산석남
8:23,8:17,9:01,9:04
석남도봉산,도봉산온수,석남도봉산,장암온수
8:27,8:20,9:07,9:11
석남도봉산,도봉산온수,온수장암,도봉산석남
8:32,8:22,9:14,9:17
석남장암,장암석남,석남도봉산,장암온수
8:36,8:26,9:20,9:24
석남도봉산,도봉산온수,온수장암,도봉산석남
8:40,8:28,9:27,9:30
석남도봉산,도봉산온수,석남도봉산,장암온수
8:44,8:31,9:33,9:37
온수장암,도봉산석남,온수장암,도봉산석남
8:48,8:34,9:40,9:43
석남도봉산,장암온수,석남도봉산,도봉산온수
8:51,8:37,9:46,9:50
석남도봉산,도봉산온수,온수장암,장암석남
8:55,8:40,9:53,9:56
석남수락산,도봉산석남,석남도봉산,도봉산온수
8:58,8:42,9:59,-
석남장암,도봉산온수,온수장암,-
-,8:45,10:06,10:03
-,도봉산온수,석남도봉산,장암석남
-,8:47,10:12,10:09
-,장암석남,온수장암,도봉산온수
-,8:50,10:19,10:16
-,도봉산온수,석남도봉산,장암석남
-,8:53,10:26,10:22
-,도봉산온수,온수장암,도봉산온수
-,8:56,10:32,10:29
-,도봉산석남,석남도봉산,장암석남
-,8:59,10:39,10:35
-,장암온수,온수장암,도봉산온수
9:00,9:02,10:45,10:42
석남도봉산,도봉산온수,석남도봉산,장암석남
9:03,9:06,10:52,10:48
석남도봉산,도봉산석남,온수장암,도봉산온수
9:07,9:09,10:58,10:55
석남도봉산,장암온수,석남도봉산,장암석남
9:11,9:13,11:05,11:01
석남장암,도봉산온수,온수장암,도봉산온수
9:14,9:17,11:11,11:08
석남도봉산,도봉산석남,석남도봉산,장암석남
9:18,9:21,11:18,11:14
석남도봉산,장암온수,온수장암,도봉산온수
9:22,9:26,11:24,11:21
석남도봉산,도봉산온수,석남도봉산,장암석남
9:26,9:31,11:31,11:27
석남장암,장암석남,온수장암,도봉산온수
9:30,9:36,11:37,11:34
석남도봉산,도봉산온수,석남도봉산,장암석남
9:34,9:41,11:44,11:41
석남도봉산,장암온수,온수장암,도봉산온수
9:38,9:46,11:50,11:47
석남장암,도봉산석남,석남도봉산,장암석남
9:42,9:52,11:57,11:54
온수도봉산,장암온수,온수장암,도봉산온수
9:46,9:58,12:03,12:00
석남도봉산,도봉산석남,석남도봉산,장암석남
9:50,-,12:10,12:07
석남도봉산,-,온수장암,도봉산온수
9:54,-,12:16,12:13
석남장암,-,석남도봉산,장암석남
10:00,10:04,12:23,12:20
석남도봉산,장암온수,온수장암,도봉산온수
10:05,10:10,12:29,12:26
온수장암,도봉산석남,석남도봉산,장암석남
10:09,10:16,12:36,12:33
석남도봉산,장암온수,온수장암,도봉산온수
10:14,10:22,12:42,12:39
온수도봉산,도봉산석남,석남도봉산,장암석남
10:19,10:28,12:49,12:46
석남장암,도봉산온수,온수장암,도봉산온수
10:25,10:34,12:55,12:52
석남도봉산,장암석남,석남도봉산,장암석남
10:30,10:40,-,12:59
석남장암,도봉산온수,-,도봉산온수
10:36,10:46,13:02,13:05
석남도봉산,장암석남,온수장암,장암석남
10:42,10:52,13:08,13:12
석남장암,도봉산온수,석남도봉산,도봉산온수
10:48,10:58,13:15,13:18
석남도봉산,장암석남,온수장암,장암석남
10:54,-,13:22,13:25
온수장암,-,석남도봉산,도봉산온수
11:00,11:04,13:28,13:31
석남도봉산,도봉산온수,온수장암,장암석남
11:06,11:10,13:35,13:38
석남장암,도봉산석남,석남도봉산,도봉산온수
11:12,11:16,13:41,13:44
온수도봉산,장암온수,온수장암,장암석남
11:18,11:22,13:48,13:51
석남장암,도봉산석남,석남도봉산,도봉산온수
11:24,11:28,13:54,13:57
석남도봉산,장암온수,온수장암,장암석남
11:30,11:34,14:01,14:04
온수장암,도봉산석남,석남도봉산,도봉산온수
11:36,11:40,14:07,14:10
석남도봉산,장암온수,온수장암,장암석남
11:42,11:46,14:14,14:17
온수장암,도봉산석남,석남도봉산,도봉산온수
11:48,11:52,14:20,14:23
석남도봉산,장암온수,온수장암,장암석남
11:54,11:58,14:27,14:30
온수장암,도봉산석남,석남도봉산,도봉산온수
12:00,12:04,14:33,14:37
석남도봉산,장암온수,온수장암,장암석남
12:06,12:10,14:40,14:43
온수장암,도봉산석남,석남도봉산,도봉산온수
12:12,12:16,14:46,14:50
석남도봉산,장암온수,온수장암,장암석남
12:18,12:22,14:53,14:56
온수장암,도봉산석남,석남도봉산,도봉산온수
12:24,12:28,14:59,-
석남도봉산,장암온수,온수장암,-
12:30,12:34,15:06,15:03
온수장암,도봉산석남,석남도봉산,장암석남
12:36,12:40,15:12,15:09
석남도봉산,장암온수,온수장암,도봉산온수
12:42,12:46,15:19,15:16
온수장암,도봉산석남,석남도봉산,장암석남
12:48,12:52,15:25,15:22
석남도봉산,장암온수,온수장암,도봉산온수
12:54,12:58,15:32,15:29
온수장암,도봉산석남,석남도봉산,장암석남
13:00,13:04,15:38,15:35
석남도봉산,장암온수,온수장암,도봉산온수
13:06,13:10,15:45,15:42
온수장암,도봉산석남,석남도봉산,장암석남
13:12,13:16,15:51,15:48
석남도봉산,장암온수,온수장암,도봉산온수
13:18,13:22,15:58,15:55
온수장암,도봉산석남,석남도봉산,장암석남
13:24,13:28,16:04,16:01
석남도봉산,장암온수,온수장암,도봉산온수
13:30,13:34,16:11,16:08
온수장암,도봉산석남,석남도봉산,장암석남
13:36,13:40,16:18,16:14
석남도봉산,장암온수,온수장암,도봉산온수
13:42,13:46,16:24,16:21
온수장암,도봉산석남,석남도봉산,장암석남
13:48,13:52,16:31,16:27
석남도봉산,장암온수,온수장암,도봉산온수
13:54,13:58,16:37,16:34
온수장암,도봉산석남,석남도봉산,장암석남
14:00,14:04,16:44,16:40
석남도봉산,장암온수,온수장암,도봉산온수
14:06,14:10,16:50,16:47
온수장암,도봉산석남,석남도봉산,장암석남
14:12,14:16,16:57,16:53
석남도봉산,장암온수,온수장암,도봉산온수
14:18,14:22,17:03,17:00
온수장암,도봉산석남,석남도봉산,장암석남
14:24,14:28,17:10,17:06
석남도봉산,장암온수,온수장암,도봉산온수
14:30,14:34,17:16,17:13
온수장암,도봉산석남,석남도봉산,장암석남
14:36,14:40,17:23,17:19
석남도봉산,장암온수,온수장암,도봉산온수
14:42,14:46,17:29,17:26
온수장암,도봉산석남,석남도봉산,장암석남
14:48,14:52,17:36,17:33
석남도봉산,장암온수,온수장암,도봉산온수
14:54,14:58,17:42,17:39
온수장암,도봉산석남,석남도봉산,장암석남
15:00,15:04,17:49,17:46
석남도봉산,장암온수,온수장암,도봉산온수
15:06,15:10,17:55,17:52
온수장암,도봉산석남,석남도봉산,장암석남
15:12,15:16,-,17:59
석남도봉산,장암온수,-,도봉산온수
15:18,15:22,18:02,18:05
온수장암,도봉산석남,온수장암,장암석남
15:24,15:28,18:08,18:12
석남도봉산,장암온수,석남도봉산,도봉산온수
15:30,15:34,18:15,18:19
온수장암,도봉산석남,온수장암,장암석남
15:36,15:40,18:21,18:25
석남도봉산,장암온수,석남도봉산,도봉산온수
15:42,15:46,18:28,18:31
온수장암,도봉산석남,온수장암,장암석남
15:48,15:52,18:34,18:38
석남도봉산,장암온수,석남도봉산,도봉산온수
15:54,15:58,18:41,18:45
온수장암,도봉산석남,온수장암,장암석남
16:00,16:04,18:47,18:51
석남도봉산,장암석남,석남도봉산,도봉산온수
16:06,16:10,18:54,18:57
온수장암,도봉산석남,온수장암,장암석남
16:12,16:16,19:01,19:04
석남도봉산,장암온수,석남도봉산,도봉산온수
16:18,16:22,19:07,19:10
온수장암,도봉산석남,온수장암,장암석남
16:24,16:28,19:14,19:17
석남도봉산,장암온수,석남도봉산,도봉산온수
16:30,16:34,19:20,19:23
온수장암,도봉산석남,온수장암,장암석남
16:36,16:40,19:27,19:30
석남도봉산,장암석남,석남도봉산,도봉산온수
16:42,16:46,19:33,19:36
온수장암,도봉산석남,온수장암,장암석남
16:48,16:52,19:40,19:43
석남도봉산,장암석남,석남도봉산,도봉산온수
16:54,16:58,19:46,19:49
온수장암,도봉산석남,온수장암,장암석남
17:00,17:04,19:53,19:56
석남도봉산,장암석남,석남도봉산,도봉산온수
17:06,17:10,19:59,-
온수장암,도봉산석남,온수장암,-
17:12,17:16,20:06,20:02
석남도봉산,장암석남,석남도봉산,장암석남
17:18,17:22,20:13,20:09
온수장암,도봉산석남,온수장암,도봉산온수
17:24,17:27,20:19,20:16
석남도봉산,장암석남,석남도봉산,장암석남
17:30,17:32,20:26,20:22
온수장암,도봉산석남,온수장암,도봉산온수
17:36,17:37,20:33,20:29
석남도봉산,장암석남,석남도봉산,장암석남
17:41,17:43,20:40,20:35
온수장암,도봉산석남,온수장암,도봉산온수
17:47,17:48,20:46,20:42
석남도봉산,도봉산석남,석남도봉산,장암석남
17:52,17:53,20:53,20:48
온수장암,장암석남,온수도봉산,도봉산온수
17:57,17:58,20:59,20:55
온수도봉산,도봉산석남,석남장암,장암석남
18:01,18:02,21:06,21:01
석남도봉산,장암석남,온수도봉산,도봉산온수
18:06,18:07,21:12,21:08
온수장암,도봉산석남,석남도봉산,장암석남
18:11,18:11,21:19,21:14
석남도봉산,도봉산석남,온수장암,도봉산온수
18:16,18:16,21:25,21:21
온수도봉산,장암석남,석남도봉산,장암석남
18:20,18:19,21:32,21:28
온수장암,도봉산온수,온수장암,도봉산온수
18:24,18:22,21:39,21:34
석남도봉산,도봉산석남,석남장암,장암석남
18:28,18:25,21:46,21:41
온수도봉산,도봉산온수,온수도봉산,도봉산온수
18:31,18:28,21:53,21:48
온수도봉산,장암석남,석남장암,장암석남
18:34,18:31,-,21:55
석남도봉산,도봉산온수,-,도봉산온수
18:38,18:35,22:00,22:02
온수장암,도봉산석남,온수도봉산,장암석남
18:41,18:39,22:07,22:09
석남도봉산,장암온수,석남도봉산,도봉산온수
18:44,18:44,22:14,22:15
온수도봉산,도봉산석남,온수도봉산,도봉산석남
18:48,18:48,22:21,22:22
온수장암,도봉산온수,석남도봉산,장암온수
18:51,18:53,22:28,22:31
석남도봉산,장암석남,온수장암,도봉산석남
18:54,18:58,22:35,22:39
온수도봉산,도봉산온수,석남도봉산,장암온수
18:57,-,22:41,22:47
온수도봉산,-,온수도봉산,도봉산석남
19:00,19:03,22:48,22:55
석남장암,장암석남,석남장암,장암온수
19:03,19:08,22:56,-
온수도봉산,도봉산온수,석남도봉산,-
19:06,19:13,23:05,23:02막
석남도봉산,장암석남,석남도봉산,장암석남
19:09,19:18,23:15막,23:08
온수도봉산,도봉산온수,온수장암,도봉산온수
19:12,19:23,23:25,23:15
석남장암,도봉산석남,석남도봉산,장암온수
19:16,19:28,23:35막,23:25막
온수도봉산,장암온수,석남도봉산,도봉산온수
19:19,19:33,23:45막,23:36막
석남도봉산,도봉산석남,석남태릉입구,장암신풍
19:23,19:38,23:56막,23:48막
온수장암,도봉산온수,온수건대입구,도봉산내방
19:27,19:43,-,-
석남도봉산,장암석남,-,-
19:31,19:48,-,-
석남도봉산,도봉산온수,-,-
19:36,19:53,-,-
석남장암,도봉산석남,-,-
19:41,19:58,-,-
석남도봉산,장암온수,-,-
19:46,-,-,-
석남장암,-,-,-
19:51,-,-,-
석남도봉산,-,-,-
19:57,-,-,-
석남도봉산,-,-,-
20:03,20:03,-,-
석남장암,도봉산석남,-,-
20:09,20:09,-,-
석남도봉산,장암온수,-,-
20:15,20:15,-,-
석남장암,도봉산석남,-,-
20:21,20:21,-,-
석남도봉산,장암온수,-,-
20:27,20:27,-,-
석남도봉산,도봉산석남,-,-
20:33,20:33,-,-
석남장암,장암온수,-,-
20:39,20:39,-,-
석남도봉산,도봉산석남,-,-
20:45,20:45,-,-
석남도봉산,장암온수,-,-
20:51,20:51,-,-
석남도봉산,도봉산석남,-,-
20:57,20:57,-,-
석남장암,장암온수,-,-
21:04,21:03,-,-
석남도봉산,도봉산석남,-,-
21:11,21:10,-,-
석남도봉산,장암온수,-,-
21:18,21:17,-,-
석남장암,도봉산석남,-,-
21:25,21:24,-,-
석남도봉산,장암온수,-,-
21:32,21:31,-,-
석남도봉산,도봉산석남,-,-
21:40,21:38,-,-
석남장암,장암온수,-,-
21:47,21:45,-,-
온수도봉산,도봉산석남,-,-
21:54,21:53,-,-
석남장암,장암온수,-,-
22:01,22:00,-,-
석남도봉산,도봉산석남,-,-
22:09,22:08,-,-
온수도봉산,장암온수,-,-
22:16,22:17,-,-
석남장암,도봉산석남,-,-
22:24,22:27,-,-
석남도봉산,도봉산온수,-,-
22:31,22:37,-,-
석남도봉산,장암석남,-,-
22:39,22:47,-,-
온수도봉산,도봉산온수,-,-
22:46,22:57,-,-
석남장암,장암석남,-,-
22:54,-,-,-
온수도봉산,-,-,-
23:01,23:08,-,-
석남도봉산,도봉산온수,-,-
23:09,23:16,-,-
석남장암,장암석남,-,-
23:16,23:26,-,-
온수도봉산,도봉산온수,-,-
23:24,23:36,-,-
석남장암,장암석남,-,-
23:36,23:45,-,-
석남도봉산,도봉산온수,-,-
23:48막,23:55막,-,-
석남장암,도봉산석남,-,-
0:04,0:05,-,-
석남도봉산,장암내방,-,-
00:18막,00:15막,-,-
석남도봉산,도봉산온수,-,-
00:36막,00:30막,-,-
석남태릉입구,장암신풍,-,-
00:51막,-,-,-
석남건대입구,-,-,-
