﻿마스터,master1234,0000,520320-1026847,010-2345-6789,최고관리자,2,역삼,5
정유진,ab12xyz,p@55w^rd,510418-2314455,010-1234-5678,과장,1,동대문,3
김윤호,cd34abc,Secur1t!,501009-1437443,010-2345-6789,과장,2,강남,3
이현석,ef56def,Pa$$w0rd,700902-2753122,010-3456-7890,대리,4,수유,3
정태영,gh78ghi,3x@mpl3!,760724-2280750,010-4567-8901,대리,4,충무로,3
김영준,ij90jkl,p@ssw0r^,690717-1257091,010-5678-9012,대리,9,석촌,3
이은지,mn12mno,7estP@55,650628-1218127,010-6789-0123,대리,9,고속터미널,3
정현우,pq34pqr,Str0ng^!,560625-2776532,010-7890-1234,대리,8,천호,3
김지은,rs56stu,p@55w0rd,610218-1559661,010-8901-2345,사원,5,을지로4가,2
이영희,uv78vwx,P@55c0d3,610812-2919424,010-9012-3456,사원,5,왕심리,2
정종호,wx90yza,P@$$w0rd,680421-1056975,010-0123-4567,사원,5,군자,2
김예은,bc12bcd,9ecure^!,611017-1141814,010-9876-5432,사원,6,태릉입구,2
이영호,de34def,Pa$$w0rd!,590407-2934180,010-8765-4321,사원,6,고려대,2
정준영,fg56ghi,8tr0ng^!,720901-2754958,010-7654-3210,사원,6,공덕,2
김영지,hi78hij,1x@mpl3!,710728-1725286,010-6543-2109,사원,6,신당,2
이준호,kl90klm,P@$$w0rd^,640323-1054055,010-5432-1098,사원,4,이촌,2
정수진,apple1a,7rongP@55,531028-2543096,010-4321-0987,사원,4,동작,2
김수진,grape2b,P@$$c0d3,631119-1530262,010-3210-9876,사원,7,숭실대입구,2
이지훈,mango3c,P@ssw0rd^,561129-1027660,010-2109-8765,사원,4,대공원,2
정세라,lemon4d,P@ssw0rd!,580929-1065264,010-1098-7654,부장,4,미아사거리,3
김서연,peach5e,qkrrlwns00!!,581026-2654420,010-0987-6543,부장,5,여의나루,3
이유진,banana6f,Str0ng^@!,740310-1425357,010-1234-5678,부장,5,광화문,3
정윤호,orange7g,9ecure^@,640830-1548238,010-2345-6789,사원,5,서대문,2
김현아,cherry8h,Pa$$c0d3!,770802-1672052,010-3456-7890,사원,1,노량진,2
이준영,kiwi9i,P@ssw0rd3,620609-1332081,010-4567-8901,사원,1,신도림,2
정지은,melon0j,P@$$w0rd^!,510916-2437434,010-5678-9012,사원,7,건대입구,2
김세라,berry1k,7rongP@55!,680421-1180962,010-6789-0123,안전요원,6,삼각지,2
이종호,pineapple2l,3x@mpl3^,790828-2343955,010-7890-1234,안전요원,1,가산디지털단지,2
정지훈,apricot3m,P@$$w0rd@,661108-1984263,010-8901-2345,안전요원,4,경마공원,2
김지원,coconut4n,Str0ngP@55,541209-1374170,010-9012-3456,안전요원,3,고속터미널,2
이태원,bluebe5o,P@ssw0rd@!,760724-2044196,010-1234-1234,안전요원,3,도곡,2
박기준,q1w2e3r4,q1w2e3r4!,760903-2777419,010-7422-6922,일반,미정,미정,2
