2023-11-16,ef56def,역관리-의자 없는 열차 변경,역관리-일반 열차 추가,고객의 소리-전체 분실물 보기-분실물 검색,고객의 소리-전체 분실물 보기-분실물 추가,통계 정보-이용객 통계,행사 캘린더-전체 일정 보기,행사 캘린더-일정 추가,행사 캘린더-일정 제거,안전 요원 관리-전체 안전 요원 보기-호선으로 안전 요원 검색,안전 요원 관리-전체 안전 요원 보기-역 이름으로 안전 요원 검색,안전 요원 관리-안전 요원 배치,직원 관리-직원 정보 수정-근무지 변경,개인 정보-개인 정보 확인,개인 정보-개인 정보 수정,행동 로그 보기,안전 요원 관리-안전 요원 부서 해제,행동 로그 보기,개인 정보-개인 정보 수정,개인 정보-개인 정보 확인,역관리-의자 없는 열차 추가,역관리-일반 열차 추가,행사 캘린더-전체 일정 보기,행사 캘린더-일정 추가,행사 캘린더-일정 제거,고객의 소리-전체 분실물 보기-분실물 검색,고객의 소리-전체 민원 보기,행사 캘린더-전체 일정 보기,직원 관리-직원 정보 수정-직급 변경
2023-11-16,lemon4d,역관리-의자 없는 열차 변경,역관리-일반 열차 추가,고객의 소리-전체 분실물 보기-분실물 검색,고객의 소리-전체 분실물 보기-분실물 추가,통계 정보-이용객 통계,행사 캘린더-전체 일정 보기,행사 캘린더-일정 추가,행사 캘린더-일정 제거,안전 요원 관리-전체 안전 요원 보기-호선으로 안전 요원 검색,안전 요원 관리-전체 안전 요원 보기-역 이름으로 안전 요원 검색,안전 요원 관리-안전 요원 배치,직원 관리-직원 정보 수정-근무지 변경,개인 정보-개인 정보 확인,개인 정보-개인 정보 수정,행동 로그 보기,안전 요원 관리-안전 요원 부서 해제,행동 로그 보기,개인 정보-개인 정보 수정,개인 정보-개인 정보 확인,역관리-의자 없는 열차 추가,역관리-일반 열차 추가,행사 캘린더-전체 일정 보기,행사 캘린더-일정 추가,행사 캘린더-일정 제거,고객의 소리-전체 분실물 보기-분실물 검색,고객의 소리-전체 민원 보기,행사 캘린더-전체 일정 보기,직원 관리-직원 정보 수정-직급 변경
2023-12-29,ab12xyz,역관리-의자 없는 열차 변경,역관리-일반 열차 추가,고객의 소리-전체 분실물 보기-분실물 검색,고객의 소리-전체 분실물 보기-분실물 추가,통계 정보-이용객 통계,개인 정보-개인 정보 확인,역관리-의자 없는 열차 추가,역관리-일반 열차 추가,행사 캘린더-전체 일정 보기,행사 캘린더-일정 추가,행사 캘린더-일정 제거,고객의 소리-전체 분실물 보기-분실물 검색,고객의 소리-전체 민원 보기,행사 캘린더-전체 일정 보기,직원 관리-직원 정보 수정-직급 변경,개인 정보-개인 정보 확인,역관리-의자 없는 열차 추가,역관리-일반 열차 추가,행사 캘린더-전체 일정 보기,행사 캘린더-일정 추가,행사 캘린더-일정 제거,고객의 소리-전체 분실물 보기-분실물 검색,고객의 소리-전체 민원 보기,행사 캘린더-전체 일정 보기,직원 관리-직원 정보 수정-직급 변경,고객의 소리-전체 분실물 보기-분실물 검색,고객의 소리-전체 분실물 보기-분실물 추가,통계 정보-이용객 통계,행사 캘린더-전체 일정 보기,행사 캘린더-일정 추가,행사 캘린더-일정 제거,안전 요원 관리-전체 안전 요원 보기-호선으로 안전 요원 검색,안전 요원 관리-전체 안전 요원 보기-역 이름으로 안전 요원 검색,안전 요원 관리-안전 요원 배치,직원 관리-직원 정보 수정-근무지 변경,개인 정보-개인 정보 확인
2024-01-02,qwer1234,직원 관리-전체 직원 정보 보기-이름으로 직원 검색,인 정보-개인 정보 수정,개인 정보-개인 정보 확인,개인 정보-개인 정보 수정,개인 정보-개인 정보 확인,전 요원 관리-안전 요원 부서 해제,행동 로그 보기,개인 정보-개인 정보 수정,개인 정보-개인 정보 확인,개인 정보-개인 정보 확인,역관리-의자 없는 열차 추가,역관리-일반 열차 추가,행사 캘린더-전체 일정 보기,행사 캘린더-일정 추가,행사 캘린더-일정 제거,고객의 소리-전체 분실물 보기-분실물 검색,고객의 소리-전체 민원 보기,행사 캘린더-전체 일정 보기,직원 관리-직원 정보 수정-직급 변경
2024-01-05,lemon4d,개인 정보-개인 정보 확인,개인 정보-개인 정보 수정,행동 로그 보기,안전 요원 관리-안전 요원 부서 해제,행동 로그 보기,개인 정보-개인 정보 수정,개인 정보-개인 정보 확인,역관리-의자 없는 열차 추가,역관리-일반 열차 추가,행사 캘린더-전체 일정 보기,행사 캘린더-일정 추가,행사 캘린더-일정 제거,고객의 소리-전체 분실물 보기-분실물 검색,고객의 소리-전체 민원 보기,행사 캘린더-전체 일정 보기,직원 관리-직원 정보 수정-직급 변경,의자 없는 열차 변경,역관리-일반 열차 추가,고객의 소리-전체 분실물 보기-분실물 검색,고객의 소리-전체 분실물 보기-분실물 추가,통계 정보-이용객 통계,행사 캘린더-전체 일정 보기,행사 캘린더-일정 추가,행사 캘린더-일정 제거,안전 요원 관리-전체 안전 요원 보기-호선으로 안전 요원 검색
2024-01-16,cd34abc4,행사 캘린더-일정 추가,통계 정보-혼잡도 통계,통계 정보-매출 통계,인 정보-개인 정보 수정,개인 정보-개인 정보 확인,개인 정보-개인 정보 수정,개인 정보-개인 정보 확인
2024-01-19,ab12xyz,직원 관리-전체 직원 정보 보기-이름으로 직원 검색,개인 정보-개인 정보 수정,개인 정보-개인 정보 확인,전 요원 관리-안전 요원 부서 해제,행동 로그 보기,개인 정보-개인 정보 수정,개인 정보-개인 정보 확인,개인 정보-개인 정보 확인,역관리-의자 없는 열차 추가,역관리-일반 열차 추가,행사 캘린더-전체 일정 보기,행사 캘린더-일정 추가,행사 캘린더-일정 제거,고객의 소리-전체 분실물 보기-분실물 검색,고객의 소리-전체 민원 보기,행사 캘린더-전체 일정 보기,직원 관리-직원 정보 수정-직급 변경
2024-01-20,pq34pqr,역관리-의자 없는 열차 변경,역관리-일반 열차 추가,고객의 소리-전체 분실물 보기-분실물 검색,고객의 소리-전체 분실물 보기-분실물 추가,통계 정보-이용객 통계,행사 캘린더-전체 일정 보기,행사 캘린더-일정 추가,행사 캘린더-일정 제거,안전 요원 관리-전체 안전 요원 보기-호선으로 안전 요원 검색,안전 요원 관리-전체 안전 요원 보기-역 이름으로 안전 요원 검색,안전 요원 관리-안전 요원 배치,직원 관리-직원 정보 수정-근무지 변경,개인 정보-개인 정보 확인
2024-01-22,pq34pqr,역관리-의자 없는 열차 변경,역관리-일반 열차 추가,고객의 소리-전체 분실물 보기-분실물 검색,고객의 소리-전체 분실물 보기-분실물 추가,통계 정보-이용객 통계,행사 캘린더-전체 일정 보기,행사 캘린더-일정 추가,행사 캘린더-일정 제거,안전 요원 관리-전체 안전 요원 보기-호선으로 안전 요원 검색,안전 요원 관리-전체 안전 요원 보기-역 이름으로 안전 요원 검색,안전 요원 관리-안전 요원 배치,직원 관리-직원 정보 수정-근무지 변경,개인 정보-개인 정보 확인,개인 정보-개인 정보 수정,행동 로그 보기,안전 요원 관리-안전 요원 부서 해제,행동 로그 보기,개인 정보-개인 정보 수정
2024-01-31,qwer1234,역관리-의자 없는 열차 추가,역관리-일반 열차 추가,개인 정보-개인 정보 확인,개인 정보-개인 정보 수정,행동 로그 보기,안전 요원 관리-안전 요원 부서 해제,행동 로그 보기,개인 정보-개인 정보 수정,개인 정보-개인 정보 확인,역관리-의자 없는 열차 추가,역관리-일반 열차 추가,행사 캘린더-전체 일정 보기,행사 캘린더-일정 추가,행사 캘린더-일정 제거,고객의 소리-전체 분실물 보기-분실물 검색,고객의 소리-전체 민원 보기,행사 캘린더-전체 일정 보기,직원 관리-직원 정보 수정-직급 변경,의자 없는 열차 변경,역관리-일반 열차 추가
2024-01-31,qwer1234,개인 정보-개인 정보 수정,개인 정보-개인 정보 확인,역관리-의자 없는 열차 추가,역관리-일반 열차 추가,행사 캘린더-전체 일정 보기,행사 캘린더-일정 추가
2024-01-31,cd34abc,행사 캘린더-전체 일정 보기,행사 캘린더-일정 추가,행사 캘린더-일정 제거,고객의 소리-전체 분실물 보기-분실물 검색,고객의 소리-전체 분실물 보기-분실물 추가,통계 정보-이용객 통계,행사 캘린더-전체 일정 보기,행사 캘린더-일정 추가,행사 캘린더-일정 제거,안전 요원 관리-전체 안전 요원 보기-호선으로 안전 요원 검색,안전 요원 관리-전체 안전 요원 보기-역 이름으로 안전 요원 검색,안전 요원 관리-안전 요원 배치,직원 관리-직원 정보 수정-근무지 변경,개인 정보-개인 정보 확인
2024-02-01,qwer1234,안전 요원 관리-안전 요원 부서 해제,행동 로그 보기,개인 정보-개인 정보 수정,개인 정보-개인 정보 확인
2024-02-01,qwer1234,안전 요원 관리-안전 요원 부서 해제,행동 로그 보기,개인 정보-개인 정보 수정,개인 정보-개인 정보 확인,개인 정보-개인 정보 확인,역관리-의자 없는 열차 추가,역관리-일반 열차 추가,행사 캘린더-전체 일정 보기,행사 캘린더-일정 추가,행사 캘린더-일정 제거,고객의 소리-전체 분실물 보기-분실물 검색,고객의 소리-전체 민원 보기,행사 캘린더-전체 일정 보기,직원 관리-직원 정보 수정-직급 변경
2024-02-02,qwer1234,직원 관리-전체 직원 정보 보기-이름으로 직원 검색
2024-02-02,qwer1234,직원 관리-전체 직원 정보 보기-이름으로 직원 검색,직원 관리-전체 직원 정보 보기-이름으로 직원 검색,개인 정보-개인 정보 수정,개인 정보-개인 정보 확인
2024-02-05,행사 캘린더-일정 추가,통계 정보-혼잡도 통계,통계 정보-매출 통계,고객의 소리-전체 분실물 보기-분실물 검색,고객의 소리-전체 분실물 보기-분실물 추가,통계 정보-이용객 통계,행사 캘린더-전체 일정 보기,행사 캘린더-일정 추가,행사 캘린더-일정 제거,안전 요원 관리-전체 안전 요원 보기-호선으로 안전 요원 검색,안전 요원 관리-전체 안전 요원 보기-역 이름으로 안전 요원 검색,안전 요원 관리-안전 요원 배치,직원 관리-직원 정보 수정-근무지 변경,개인 정보-개인 정보 확인
2024-02-08,bluebe5o,개인 정보-개인 정보 수정,개인 정보-개인 정보 확인,개인 정보-개인 정보 확인,개인 정보-개인 정보 수정,행동 로그 보기,안전 요원 관리-안전 요원 부서 해제,행동 로그 보기,개인 정보-개인 정보 수정,개인 정보-개인 정보 확인,역관리-의자 없는 열차 추가,역관리-일반 열차 추가,행사 캘린더-전체 일정 보기,행사 캘린더-일정 추가,행사 캘린더-일정 제거,고객의 소리-전체 분실물 보기-분실물 검색,고객의 소리-전체 민원 보기,행사 캘린더-전체 일정 보기,직원 관리-직원 정보 수정-직급 변경,의자 없는 열차 변경,역관리-일반 열차 추가
2024-02-08,lemon4d,통계 정보-혼잡도 통계,통계 정보-혼잡도 통계,역관리-의자 없는 열차 변경
2024-02-08,peach5e,행사 캘린더-전체 일정 보기,개인 정보-개인 정보 수정,개인 정보-개인 정보 확인
2024-02-08,bluebe5o,개인 정보-개인 정보 수정,개인 정보-개인 정보 확인
2024-02-08,qwer1234,고객의 소리-전체 분실물 보기-분실물 검색,고객의 소리-전체 분실물 보기-분실물 검색,고객의 소리-전체 분실물 보기-분실물 검색,고객의 소리-전체 분실물 보기-분실물 제거,고객의 소리-전체 분실물 보기-분실물 검색
2024-02-08,bluebe5o,개인 정보-개인 정보 수정,개인 정보-개인 정보 확인,개인 정보-개인 정보 수정,개인 정보-개인 정보 확인,전 요원 관리-안전 요원 부서 해제,행동 로그 보기,개인 정보-개인 정보 수정,개인 정보-개인 정보 확인,개인 정보-개인 정보 확인,역관리-의자 없는 열차 추가,역관리-일반 열차 추가,행사 캘린더-전체 일정 보기,행사 캘린더-일정 추가,행사 캘린더-일정 제거,고객의 소리-전체 분실물 보기-분실물 검색,고객의 소리-전체 민원 보기,행사 캘린더-전체 일정 보기,직원 관리-직원 정보 수정-직급 변경
2024-02-08,bluebe5o,개인 정보-개인 정보 수정,개인 정보-개인 정보 확인,개인 정보-개인 정보 확인,역관리-의자 없는 열차 추가,역관리-일반 열차 추가,행사 캘린더-전체 일정 보기,행사 캘린더-일정 추가,행사 캘린더-일정 제거,고객의 소리-전체 분실물 보기-분실물 검색,고객의 소리-전체 민원 보기,행사 캘린더-전체 일정 보기,직원 관리-직원 정보 수정-직급 변경,인 정보-개인 정보 수정,개인 정보-개인 정보 확인,개인 정보-개인 정보 수정,개인 정보-개인 정보 확인
2024-03-16,qwer1234,행사 캘린더-일정 추가,통계 정보-혼잡도 통계,통계 정보-매출 통계
2024-03-16,qwer1234,행사 캘린더-일정 추가,통계 정보-혼잡도 통계,통계 정보-매출 통계,개인 정보-개인 정보 수정,개인 정보-개인 정보 확인
