﻿강남방면,서초방면,강남방면,서초방면
평일,평일,주말,주말
05:42첫,05:38첫,05:42첫,05:37첫
서울대입구성수(외선),삼성성수(내선),서울대입구성수(외선),삼성성수(내선)
5:55,5:55,5:54,5:54
신도림성수(외선),성수성수(내선),신도림성수(외선),성수성수(내선)
6:01,6:05,6:00,6:04
신도림성수(외선),성수성수(내선),신도림성수(외선),성수성수(내선)
6:07,6:12,6:06,6:12
홍대입구성수(외선),성수성수(내선),홍대입구성수(외선),성수성수(내선)
6:13,6:19,6:12,6:21
신도림성수(외선),성수성수(내선),신도림성수(외선),성수성수(내선)
6:19,6:23,6:18,6:27
을지로입구성수(외선),성수성수(내선),을지로입구성수(외선),성수성수(내선)
6:25,6:29,6:24,6:33
신도림성수(외선),성수성수(내선),신도림성수(외선),성수성수(내선)
6:34,6:35,6:29,6:39
성수성수(외선),성수성수(내선),신도림성수(외선),성수성수(내선)
6:38,6:42,6:35,6:45
신도림성수(외선),성수성수(내선),성수성수(외선),성수성수(내선)
6:44,6:48,6:41,6:51
성수성수(외선),성수성수(내선),신도림성수(외선),성수성수(내선)
6:48,6:52,6:47,6:57
신도림성수(외선),성수성수(내선),성수성수(외선),성수성수(내선)
6:54,6:55,6:53,-
성수성수(외선),성수성수(내선),성수성수(외선),-
6:58,-,6:59,-
신도림성수(외선),-,성수성수(외선),-
7:03,7:01,7:06,7:03
성수성수(외선),성수성수(내선),성수성수(외선),성수성수(내선)
7:08,7:05,7:12,7:07
신도림성수(외선),성수성수(내선),성수성수(외선),성수성수(내선)
7:13,7:09,7:18,7:11
성수성수(외선),성수성수(내선),성수성수(외선),성수성수(내선)
7:18,7:15,7:24,7:17
신도림성수(외선),성수성수(내선),성수성수(외선),성수성수(내선)
7:22,7:19,7:30,7:23
성수성수(외선),성수성수(내선),성수성수(외선),성수성수(내선)
7:28,7:22,7:36,7:28
성수성수(외선),성수성수(내선),성수성수(외선),성수성수(내선)
7:32,7:26,7:41,7:33
성수성수(외선),성수성수(내선),성수성수(외선),성수성수(내선)
7:35,7:29,7:47,7:38
신도림성수(외선),성수성수(내선),성수성수(외선),성수성수(내선)
7:38,7:33,7:53,7:44
성수성수(외선),성수성수(내선),성수성수(외선),성수성수(내선)
7:41,7:37,7:59,7:49
성수성수(외선),성수성수(내선),성수성수(외선),성수성수(내선)
7:44,7:41,-,7:55
성수성수(외선),성수성수(내선),-,성수성수(내선)
7:47,7:44,8:05,8:00
신도림성수(외선),성수성수(내선),성수성수(외선),성수성수(내선)
7:50,7:48,8:10,8:06
성수성수(외선),성수성수(내선),성수성수(외선),성수성수(내선)
7:53,7:51,8:14,8:11
성수성수(외선),성수성수(내선),신도림성수(외선),성수성수(내선)
7:56,7:55,8:19,8:17
성수성수(외선),성수성수(내선),성수성수(외선),성수성수(내선)
7:59,7:58,8:25,8:22
신도림성수(외선),성수성수(내선),성수성수(외선),성수성수(내선)
8:03,8:01,8:30,8:28
성수성수(외선),성수성수(내선),성수성수(외선),성수성수(내선)
8:06,8:05,8:36,8:33
신도림성수(외선),성수성수(내선),성수성수(외선),성수성수(내선)
8:09,8:08,8:39,8:39
성수성수(외선),성수성수(내선),성수성수,성수성수(내선)
8:11,8:11,8:48,8:44
신도림성수(외선),성수성수(내선),성수성수(외선),성수성수(내선)
8:14,8:14,8:54,8:50
신도림성수(외선),성수성수(내선),성수성수(외선),성수성수(내선)
8:16,8:17,-,8:55
성수성수(외선),성수성수(내선),-,성수성수(내선)
8:19,8:21,9:00,9:01
신도림성수(외선),성수성수(내선),성수성수(외선),성수성수(내선)
8:21,8:25,9:04,9:06
성수성수(외선),성수성수(내선),신도림성수(외선),성수성수(내선)
8:24,8:28,9:07,9:11
신도림성수(외선),성수성수,성수성수,성수성수(내선)
8:26,8:31,9:11,9:16
성수성수(외선),성수성수(내선),성수성수(외선),성수성수
8:29,8:34,9:17,9:23
신도림성수(외선),성수성수(내선),성수성수(외선),성수성수(내선)
8:31,8:38,9:23,9:29
성수성수(외선),성수성수(내선),성수성수(외선),성수성수(내선)
8:34,8:42,9:29,9:35
신도림성수(외선),성수성수,성수성수(외선),성수성수(내선)
8:36,8:45,9:32,9:40
성수성수,성수성수(내선),신도림성수(외선),성수성수(내선)
8:39,8:48,9:35,9:43
신도림성수(외선),성수성수(내선),성수성수,성수성수(내선)
8:42,8:52,9:39,9:47
성수성수(외선),성수성수(내선),성수성수(외선),성수성수(내선)
8:44,8:55,9:44,9:52
신도림성수(외선),성수성수(내선),성수성수(외선),성수성수(내선)
8:46,8:59,9:50,9:57
성수성수(외선),성수성수,성수성수(외선),성수성수
8:49,-,9:55,-
성수성수(외선),-,성수성수(외선),-
8:51,-,10:00,10:02
성수성수(외선),-,성수성수(외선),성수성수(내선)
8:55,-,10:06,10:08
성수성수(외선),-,성수성수(외선),성수성수(내선)
8:58,-,10:12,10:13
성수성수(외선),-,성수성수(외선),성수성수(내선)
9:01,9:02,10:17,10:18
성수성수(외선),성수성수(내선),성수성수(외선),성수성수(내선)
9:05,9:06,10:23,10:24
성수성수(외선),성수성수(내선),신도림성수(외선),성수성수(내선)
9:08,9:10,10:28,10:30
성수성수(외선),성수성수(내선),성수성수(외선),성수성수(내선)
9:11,9:14,10:34,10:35
성수성수,성수성수(내선),성수성수(외선),성수성수
9:14,9:17,10:39,10:40
성수성수(외선),성수성수,성수성수(외선),성수성수(내선)
9:16,9:20,10:45,10:46
성수성수(외선),성수성수(내선),성수성수(외선),성수성수(내선)
9:19,9:23,10:49,10:51
성수성수(외선),성수성수(내선),신도림성수(외선),성수성수(내선)
9:22,9:27,10:54,10:57
성수성수,성수성수,성수성수(외선),성수성수(내선)
9:25,9:30,10:59,-
성수성수(외선),성수성수(내선),성수성수(외선),-
9:31,9:33,11:04,11:00
성수성수(외선),성수성수(내선),성수성수(외선),성수성수(내선)
9:35,9:36,11:09,11:02
성수성수,성수성수(내선),성수성수(외선),성수성수(내선)
9:38,09:40첫,11:15,11:08
성수성수(외선),성수신도림,성수성수(외선),성수성수(내선)
9:44,9:43,11:20,11:13
성수성수(외선),성수성수(내선),성수성수(외선),성수성수(내선)
9:46,9:46,11:25,11:18
성수성수(외선),성수성수(내선),성수성수(외선),성수성수(내선)
9:48,9:49,11:30,11:24
성수성수,성수성수(내선),성수성수(외선),성수성수(내선)
9:50,9:51,11:35,11:31
성수성수(외선),성수신도림,성수성수(외선),성수성수(내선)
9:53,9:55,11:40,11:37
성수성수(외선),성수성수(내선),성수성수(외선),성수성수(내선)
9:55,-,11:45,11:42
성수성수(외선),-,성수성수(외선),성수성수(내선)
9:58,-,11:51,11:47
성수성수,-,성수성수(외선),성수성수(내선)
10:00,10:01,11:58,11:53
성수성수(외선),성수성수(내선),성수성수(외선),성수성수(내선)
10:03,10:05,-,11:57
성수성수(외선),성수신도림,-,성수성수(내선)
10:05,10:08,12:04,12:02
성수성수(외선),성수성수(내선),성수성수(외선),성수성수(내선)
10:10,10:15,12:09,12:10
성수성수(외선),성수성수(내선),성수성수(외선),성수성수(내선)
10:13,10:19,12:15,12:16
성수성수(외선),성수신도림,성수성수(외선),성수성수(내선)
10:18,10:21,12:20,12:21
성수성수,성수성수(내선),성수성수(외선),성수성수(내선)
10:20,10:26,12:25,12:26
성수성수(외선),성수성수(내선),성수성수(외선),성수성수(내선)
10:26,10:31,12:30,12:30
성수성수(외선),성수성수(내선),성수성수(외선),성수성수(내선)
10:28,10:36,12:35,12:35
성수성수,성수성수(내선),성수성수(외선),성수성수(내선)
10:34,10:40,12:40,12:39
성수성수(외선),성수성수(내선),성수성수(외선),성수성수(내선)
10:39,10:45,12:45,12:44
성수성수(외선),성수신도림,성수성수(외선),성수성수(내선)
10:44,10:50,12:50,12:48
성수성수(외선),성수성수(내선),성수성수(외선),성수성수(내선)
10:49,10:54,12:55,12:55
성수성수(외선),성수성수(내선),성수성수(외선),성수성수(내선)
10:55,-,13:00,13:02
성수성수(외선),-,성수성수(외선),성수성수(내선)
11:01,11:00,13:05,13:08
성수성수(외선),성수성수(내선),성수성수(외선),성수성수(내선)
11:07,11:04,13:10,13:13
성수성수(외선),성수신도림,성수성수(외선),성수성수(내선)
11:13,11:07,13:15,13:18
성수성수(외선),성수성수(내선),성수성수(외선),성수성수(내선)
11:16,11:13,13:21,13:23
성수성수(외선),성수성수(내선),성수성수(외선),성수성수(내선)
11:21,11:16,13:28,13:28
성수성수(외선),성수신도림,성수성수(외선),성수성수(내선)
11:26,11:19,13:35,13:33
성수성수(외선),성수성수(내선),성수성수(외선),성수성수(내선)
11:31,11:25,13:40,13:40
성수성수(외선),성수성수(내선),성수성수(외선),성수성수(내선)
11:36,11:31,13:45,13:46
성수성수(외선),성수성수(내선),성수성수(외선),성수성수(내선)
11:41,11:37,13:50,13:51
성수성수(외선),성수성수(내선),성수성수(외선),성수성수(내선)
11:45,11:44,13:55,13:56
성수성수(외선),성수성수(내선),성수성수(외선),성수성수(내선)
11:51,11:50,14:00,14:01
성수성수(외선),성수성수(내선),성수성수(외선),성수성수(내선)
11:56,11:55,14:05,14:05
성수성수(외선),성수성수(내선),성수성수(외선),성수성수(내선)
12:03,12:00,14:10,14:09
성수성수(외선),성수성수(내선),성수성수(외선),성수성수(내선)
12:09,12:05,14:15,14:14
성수성수(외선),성수성수(내선),성수성수(외선),성수성수(내선)
12:14,12:11,14:20,14:18
성수성수(외선),성수성수(내선),성수성수(외선),성수성수(내선)
12:20,12:20,14:25,14:25
성수성수(외선),성수성수(내선),성수성수(외선),성수성수(내선)
12:26,12:26,14:30,14:32
성수성수(외선),성수성수(내선),성수성수(외선),성수성수(내선)
12:31,12:31,14:35,14:38
성수성수(외선),성수성수(내선),성수성수(외선),성수성수(내선)
12:37,12:37,14:40,14:43
성수성수(외선),성수성수(내선),성수성수(외선),성수성수(내선)
12:43,12:43,14:45,14:47
성수성수(외선),성수성수(내선),성수성수(외선),성수성수
12:48,12:49,14:51,14:53
성수성수(외선),성수성수(내선),성수성수(외선),성수성수(내선)
12:52,12:55,14:58,14:58
성수성수(외선),성수성수(내선),성수성수(외선),성수성수(내선)
12:57,-,15:05,15:03
성수성수(외선),-,성수성수(외선),성수성수(내선)
13:02,13:01,15:10,15:07
성수성수(외선),성수성수(내선),성수성수(외선),성수성수(내선)
13:06,13:07,15:15,15:12
성수성수(외선),성수성수(내선),성수성수(외선),성수성수(내선)
13:12,13:13,15:20,15:17
성수성수(외선),성수성수(내선),성수성수(외선),성수성수(내선)
13:17,13:19,15:25,15:22
성수성수(외선),성수성수(내선),성수성수(외선),성수성수(내선)
13:22,13:25,15:30,15:27
성수성수(외선),성수성수(내선),성수성수(외선),성수성수(내선)
13:27,13:30,15:35,15:32
성수성수(외선),성수성수(내선),신도림성수(외선),성수성수(내선)
13:33,13:35,15:40,15:36
성수성수(외선),성수성수(내선),성수성수(외선),성수성수(내선)
13:39,13:42,15:45,15:39첫
성수성수(외선),성수성수(내선),성수성수(외선),성수신도림
13:44,13:50,15:50,15:44
성수성수(외선),성수성수(내선),성수성수(외선),성수성수(내선)
13:50,13:56,15:55,15:48
성수성수(외선),성수성수(내선),성수성수(외선),성수성수(내선)
13:56,-,-,15:55
성수성수(외선),-,-,성수성수(내선)
14:02,14:01,16:00,16:02
성수성수(외선),성수성수(내선),성수성수(외선),성수성수(내선)
14:07,14:07,16:05,16:08
성수성수(외선),성수성수(내선),성수성수(외선),성수성수(내선)
14:13,14:13,16:10,16:13
성수성수(외선),성수성수(내선),성수성수(외선),성수성수(내선)
14:17,14:19,16:15,16:18
성수성수(외선),성수성수(내선),성수성수(외선),성수성수(내선)
14:22,14:25,16:21,16:23
성수성수(외선),성수성수(내선),성수성수(외선),성수성수(내선)
14:27,14:31,16:29,16:28
성수성수(외선),성수성수(내선),성수성수(외선),성수성수(내선)
14:32,14:37,16:35,16:33
성수성수(외선),성수성수(내선),신도림성수(외선),성수성수(내선)
14:37,14:43,16:40,16:38
성수성수(외선),성수성수(내선),성수성수(외선),성수성수(내선)
14:42,14:49,16:45,16:43
성수성수(외선),성수성수(내선),성수성수(외선),성수성수(내선)
14:47,14:55,16:50,16:48
성수성수(외선),성수성수(내선),성수성수(외선),성수성수(내선)
14:52,-,16:55,16:53
성수성수(외선),-,성수성수(외선),성수성수(내선)
14:57,-,-,16:58
성수성수(외선),-,-,성수신도림
15:03,15:00,17:03,17:02
성수성수(외선),성수성수(내선),성수성수(외선),성수성수(내선)
15:09,15:05,17:09,17:07
성수성수(외선),성수성수(내선),성수성수(외선),성수성수(내선)
15:14,15:11,17:15,17:12
성수성수(외선),성수성수(내선),성수성수(외선),성수성수(내선)
15:20,15:20,17:20,17:16
성수성수(외선),성수성수(내선),성수성수(외선),성수신도림
15:26,15:26,17:25,17:19
성수성수(외선),성수성수(내선),성수성수(외선),성수성수(내선)
15:32,15:31,17:30,17:24
성수성수(외선),성수성수(내선),성수성수(외선),성수성수(내선)
15:37,15:37,17:36,17:28
성수성수(외선),성수성수(내선),성수성수(외선),성수성수(내선)
15:42,15:43,17:40,17:32
성수성수(외선),성수성수(내선),성수성수,성수성수
15:46,15:49,17:43,17:38
성수성수(외선),성수성수(내선),성수성수(외선),성수성수(내선)
15:52,15:55,17:49,17:43
성수성수(외선),성수성수(내선),성수성수(외선),성수성수(내선)
15:57,-,17:54,17:48
성수성수(외선),-,성수성수(외선),성수성수(내선)
16:02,16:01,17:59,17:53
성수성수(외선),성수성수(내선),성수성수(외선),성수신도림
16:06,16:07,-,17:57
성수성수(외선),성수성수(내선),-,성수성수(내선)
16:12,16:13,18:05,18:02
성수성수(외선),성수성수(내선),성수성수(외선),성수성수(내선)
16:17,16:19,18:10,18:08
성수성수(외선),성수성수(내선),성수성수(외선),성수성수(내선)
16:21,16:25,18:15,18:13
성수성수(외선),성수성수(내선),성수성수(외선),성수성수(내선)
16:27,16:30,18:20,18:19
성수성수(외선),성수성수(내선),성수성수(외선),성수성수(내선)
16:32,16:36,18:26,18:24
성수성수(외선),성수성수(내선),성수성수(외선),성수성수(내선)
16:39,16:41,18:33,18:29
성수성수(외선),성수성수(내선),성수성수(외선),성수성수(내선)
16:44,16:46,18:39,18:35
성수성수(외선),성수성수(내선),성수성수(외선),성수성수(내선)
16:50,16:50,18:44,18:40
성수성수(외선),성수성수(내선),성수성수(외선),성수성수(내선)
16:56,16:56,18:50,18:46
성수성수(외선),성수성수(내선),성수성수(외선),성수성수(내선)
16:59,-,18:55,18:51
신도림성수(외선),-,성수성수(외선),성수성수(내선)
17:02,17:01,-,18:57
성수성수(외선),성수성수(내선),-,성수성수(내선)
17:07,17:07,19:01,19:03
성수성수(외선),성수성수(내선),성수성수(외선),성수성수(내선)
17:12,17:10,19:07,19:08
성수성수(외선),성수성수(내선),성수성수(외선),성수성수(내선)
17:16,17:13,19:13,19:14
성수성수(외선),성수성수(내선),성수성수(외선),성수성수(내선)
17:19,17:19,19:19,19:19
성수성수(외선),성수성수(내선),성수성수(외선),성수성수(내선)
17:23,17:25,19:24,19:25
성수성수(외선),성수성수(내선),성수성수(외선),성수성수(내선)
17:27,17:31,19:30,19:30
성수성수(외선),성수성수(내선),성수성수(외선),성수성수(내선)
17:32,17:36,19:36,19:36
성수성수(외선),성수성수(내선),성수성수(외선),성수성수(내선)
17:36,17:39,19:42,19:42
성수성수(외선),성수성수(내선),신도림성수(외선),성수성수(내선)
17:39,17:44,19:45,19:47
성수성수(외선),성수성수(내선),성수성수,성수성수(내선)
17:43,17:49,19:49,19:52
성수성수(외선),성수성수(내선),성수성수(외선),성수성수(내선)
17:47,17:52,19:55,19:58
성수성수(외선),성수성수(내선),성수성수(외선),성수성수(내선)
17:51,17:55,20:01,20:03
성수성수(외선),성수성수(내선),성수성수(외선),성수성수(내선)
17:55,-,20:07,20:09
신도림성수(외선),-,성수성수(외선),성수성수(내선)
17:58,-,20:13,20:15
성수성수(외선),-,성수성수(외선),성수성수(내선)
18:02,18:00,20:19,20:20
성수성수(외선),성수성수(내선),성수성수(외선),성수성수(내선)
18:06,18:02,20:25,20:26
성수성수(외선),성수성수(내선),성수성수(외선),성수성수(내선)
18:10,18:06,20:31,20:32
성수성수(외선),성수성수(내선),성수성수(외선),성수성수(내선)
18:14,18:09,20:37,20:37
성수성수(외선),성수성수(내선),성수성수(외선),성수신도림
18:17,18:12,20:43,20:42
성수성수(외선),성수성수(내선),성수성수(외선),성수성수(내선)
18:20,18:16,20:49,20:48
성수성수(외선),성수성수(내선),성수성수(외선),성수성수(내선)
18:26,18:20,20:55,20:54
성수성수(외선),성수성수(내선),성수성수(외선),성수성수(내선)
18:29,18:23,21:01,21:00
성수성수(외선),성수성수(내선),성수성수(외선),성수성수(내선)
18:32,18:26,21:07,21:06
성수성수(외선),성수성수(내선),성수성수(외선),성수성수(내선)
18:35,18:30,21:13,21:11
성수성수(외선),성수성수(내선),성수성수(외선),성수신도림
18:38,18:34,21:19,21:16
성수성수(외선),성수성수(내선),성수성수(외선),성수성수(내선)
18:42,18:37,21:25,21:21
성수성수(외선),성수성수(내선),성수성수(외선),성수성수(내선)
18:46,18:39,21:31,21:27
성수성수(외선),성수성수(내선),성수성수(외선),성수성수(내선)
18:49,18:41,21:37,21:34
성수성수(외선),성수성수(내선),성수성수(외선),성수성수(내선)
18:53,18:43,21:43,21:39
성수성수(외선),성수성수(내선),성수성수(외선),성수신도림
18:57,18:46,21:49,21:44
성수성수(외선),성수성수(내선),성수성수(외선),성수성수(내선)
-,18:50,21:55,21:51
-,성수성수(내선),성수성수(외선),성수성수(내선)
-,18:55,-,21:57
-,성수성수,-,성수성수(내선)
-,18:58,22:02,22:05
-,성수성수(내선),성수성수(외선),성수성수(내선)
19:02,19:01,22:08,22:10
성수성수(외선),성수성수(내선),성수성수(외선),성수신도림
19:06,19:04,22:13,22:16
성수성수(외선),성수성수(내선),성수성수,성수성수(내선)
19:09,19:07,22:16,22:23
성수성수(외선),성수성수(내선),성수성수(외선),성수신도림
19:13,19:10,22:23,22:29
성수성수(외선),성수성수,성수성수(외선),성수성수
19:17,19:14,22:30,22:37막
성수성수(외선),성수성수(내선),성수성수(외선),성수성수(내선)
19:21,19:19,22:35,22:45
성수성수(외선),성수성수(내선),성수성수,성수신도림
19:25,19:22,22:44,22:50
성수성수(외선),성수성수(내선),성수성수(외선),성수성수
19:28,19:25,22:51,22:57막
성수성수,성수신도림,성수성수(외선),성수성수
19:31,19:27,22:59,-
성수성수(외선),성수성수(내선),성수성수(외선),-
19:36,19:30,23:08,23:05
성수성수(외선),성수성수,성수성수(외선),성수신도림
19:40,19:32,23:17막,23:12막
성수성수(외선),성수성수(내선),성수성수(외선),성수을지로입구
19:44,19:36,23:23,23:20
성수성수,성수성수(내선),성수성수,성수신도림
19:47,19:39,23:30,23:26막
성수성수(외선),성수성수(내선),성수성수,성수홍대입구
19:55,19:43,23:36막,23:36막
성수성수,성수성수,성수성수,성수신도림
19:59,19:46,23:53막,23:48막
성수성수(외선),성수성수(내선),성수삼성,성수서울대입구
-,19:50,-,-
-,성수성수(내선),-,-
-,19:53,-,-
-,성수성수(내선),-,-
-,19:56,-,-
-,성수성수,-,-
20:05,20:00,-,-
성수성수(외선),성수성수(내선),-,-
20:08,20:04,-,-
성수성수(외선),성수성수(내선),-,-
20:16,20:07,-,-
성수성수(외선),성수성수,-,-
20:19,20:10,-,-
성수성수(외선),성수성수(내선),-,-
20:27,20:13,-,-
성수성수(외선),성수신도림,-,-
20:32,20:17,-,-
성수성수(외선),성수성수(내선),-,-
20:36,20:22,-,-
성수성수(외선),성수성수,-,-
20:39,20:27,-,-
성수성수(외선),성수성수(내선),-,-
20:43,20:31,-,-
성수성수(외선),성수신도림,-,-
20:50,20:34,-,-
성수성수(외선),성수성수(내선),-,-
20:56,20:38,-,-
성수성수(외선),성수성수(내선),-,-
-,20:44,-,-
-,성수성수(내선),-,-
-,20:49,-,-
-,성수성수(내선),-,-
-,20:54,-,-
-,성수성수(내선),-,-
-,20:58,-,-
-,성수신도림,-,-
21:01,21:01,-,-
성수성수(외선),성수성수(내선),-,-
21:06,21:06,-,-
성수성수(외선),성수성수(내선),-,-
21:11,21:11,-,-
성수성수(외선),성수성수(내선),-,-
21:18,21:16,-,-
성수성수(외선),성수성수(내선),-,-
21:28,21:20,-,-
성수성수(외선),성수성수,-,-
21:35,21:24,-,-
성수성수(외선),성수성수(내선),-,-
21:41,21:29,-,-
성수성수(외선),성수성수(내선),-,-
21:50,21:35,-,-
성수성수(외선),성수성수(내선),-,-
21:57,21:41,-,-
성수성수(외선),성수성수(내선),-,-
-,21:48,-,-
-,성수성수(내선),-,-
-,21:57,-,-
-,성수성수(내선),-,-
22:02,22:04,-,-
성수성수(외선),성수성수(내선),-,-
22:10,22:09,-,-
성수성수(외선),성수성수(내선),-,-
22:20,22:15,-,-
성수성수(외선),성수성수(내선),-,-
22:26,22:20,-,-
성수성수(외선),성수성수(내선),-,-
22:31,22:25,-,-
성수성수(외선),성수성수(내선),-,-
22:37,22:31,-,-
성수성수(외선),성수성수(내선),-,-
22:42,22:36,-,-
성수성수(외선),성수신도림,-,-
22:49,22:41,-,-
성수성수(외선),성수성수(내선),-,-
22:58,22:47,-,-
성수성수(외선),성수신도림,-,-
-,22:54,-,-
-,성수성수(내선),-,-
23:06,23:00,-,-
성수성수(외선),성수신도림,-,-
23:13,23:05,-,-
성수성수(외선),성수성수(내선),-,-
23:21,23:12,-,-
성수성수(외선),성수성수,-,-
23:32,23:19,-,-
성수성수(외선),성수성수(내선),-,-
23:41,23:28,-,-
성수성수(외선),성수성수,-,-
23:50,23:34,-,-
성수성수,성수신도림,-,-
23:57,23:39막,-,-
성수성수(외선),성수성수(내선),-,-
-,23:45,-,-
-,성수신도림,-,-
-,23:49,-,-
-,성수성수,-,-
-,23:56막,-,-
-,성수성수,-,-
0:08,0:03,-,-
성수성수(외선),성수신도림,-,-
00:21막,00:12막,-,-
성수성수(외선),성수을지로입구,-,-
00:36막,00:24막,-,-
성수성수,성수홍대입구,-,-
00:52막,00:36막,-,-
성수삼성,성수신도림,-,-
-,00:49막,-,-
-,성수서울대입구,-,-
