﻿신당방면,왕십리방면,신당방면,왕십리방면
평일,평일,주말,주말
05:37첫,05:39첫,05:37첫,05:38첫
성수성수(외선),을지로입구성수(내선),성수성수(외선),을지로입구성수(내선)
5:46,5:50,5:47,5:50
성수성수(외선),홍대입구성수(내선),성수성수(외선),홍대입구성수(내선)
5:56,-,5:54,-
성수성수(외선),-,성수성수(외선),-
6:05,6:02,6:00,6:01
성수성수(외선),신도림성수(내선),성수성수(외선),신도림성수(내선)
6:15,6:09,6:07,6:08
성수성수(외선),신도림성수(내선),성수성수(외선),신도림성수(내선)
6:24,6:15,6:13,6:14
성수성수(외선),서울대입구성수(내선),성수성수(외선),서울대입구성수(내선)
6:29,6:22,6:20,6:20
성수성수(외선),신도림성수(내선),성수성수(외선),신도림성수(내선)
6:34,6:29,6:26,6:26
성수성수(외선),신도림성수(내선),성수성수(외선),신도림성수(내선)
6:40,6:36,6:32,6:31
성수성수(외선),삼성성수(내선),성수성수(외선),삼성성수(내선)
6:43,6:41,6:38,6:39
성수성수(외선),신도림성수(내선),성수성수(외선),신도림성수(내선)
6:45,6:48,6:44,6:45
성수성수(외선),신도림성수(내선),성수성수(외선),신도림성수(내선)
6:51,6:52,6:50,6:51
성수성수(외선),성수성수(내선),성수성수(외선),성수성수(내선)
6:54,6:58,6:56,6:55
성수성수(외선),신도림성수(내선),성수성수(외선),신도림성수(내선)
6:59,-,7:02,7:01
성수성수(외선),-,성수성수(외선),성수성수(내선)
7:05,7:03,7:08,7:07
성수성수(외선),성수성수(내선),성수성수(외선),성수성수(내선)
7:10,7:10,7:14,7:12
성수성수(외선),성수성수(내선),성수성수(외선),신도림성수(내선)
7:17,7:17,7:20,7:18
성수성수(외선),성수성수(내선),성수성수(외선),성수성수(내선)
7:22,7:21,7:26,7:23
성수성수(외선),성수성수(내선),성수성수(외선),성수성수(내선)
7:27,7:24,7:32,7:29
성수성수(외선),신도림성수(내선),성수성수(외선),성수성수(내선)
7:32,7:27,7:38,7:34
성수성수(외선),성수성수(내선),성수성수(외선),성수성수(내선)
7:37,7:33,7:44,7:40
성수성수,성수성수(내선),성수성수,성수성수(내선)
7:43,7:36,7:50,7:46
성수성수(외선),신도림성수(내선),성수성수(외선),성수성수(내선)
7:47,7:40,7:56,7:51
성수성수(외선),성수성수(내선),성수성수(외선),성수성수(내선)
7:50,7:46,-,7:56
성수성수(외선),성수성수(내선),-,성수성수(내선)
7:52,7:50,8:02,8:02
성수성수(외선),성수성수(내선),성수성수(외선),성수성수(내선)
7:56,7:53,8:08,8:07
성수성수(외선),성수성수(내선),성수성수,성수성수(내선)
7:59,7:56,8:13,8:14
성수성수(외선),신도림성수(내선),성수성수(외선),성수성수(내선)
8:02,8:00,8:19,8:18
성수성수(외선),성수성수(내선),성수성수(외선),성수성수(내선)
8:06,8:04,8:25,8:24
성수성수(외선),성수성수(내선),성수성수(외선),성수성수(내선)
8:09,8:07,8:31,8:29
성수성수(외선),성수성수(내선),성수성수(외선),성수성수(내선)
8:12,8:10,8:36,8:35
성수성수,신도림성수(내선),성수성수,성수성수(내선)
8:15,8:14,8:42,8:40
성수성수(외선),성수성수(내선),성수성수(외선),성수성수(내선)
8:18,8:18,8:47,8:45
성수성수(외선),성수성수(내선),성수성수(외선),성수성수(내선)
8:21,8:21,8:52,8:51
성수성수(외선),성수성수(내선),성수성수(외선),성수성수(내선)
8:24,8:25,8:57,8:57
성수성수,성수성수(내선),성수성수(외선),성수성수(내선)
8:27,8:28,9:03,9:03
성수성수(외선),성수성수(내선),성수성수(외선),성수성수(내선)
8:30,8:32,9:08,9:08
성수신도림,성수성수(내선),성수성수(외선),성수성수(내선)
8:32,8:36,9:14,9:13
성수성수(외선),성수성수(내선),성수성수(외선),성수성수(내선)
8:36,8:40,9:20,9:19
성수성수,성수성수(내선),성수성수(외선),성수성수(내선)
8:39,8:43,9:26,9:24
성수성수(외선),성수성수(내선),성수신도림,성수성수(내선)
8:43,8:47,9:32,9:30
성수신도림,성수성수(내선),성수성수(외선),성수성수(내선)
8:45,8:50,9:37,9:35
성수성수(외선),성수성수(내선),성수성수(외선),성수성수(내선)
8:48,8:54,9:43,9:41
성수성수(외선),성수성수(내선),성수성수(외선),성수성수(내선)
8:50,8:57,9:50,9:46
성수성수,성수성수(내선),성수성수(외선),성수성수(내선)
8:52,-,9:55,9:52
성수성수(외선),-,성수성수(외선),성수성수(내선)
8:55,-,-,9:57
성수성수(외선),-,-,성수성수(내선)
8:57,-,10:01,10:03
성수성수(외선),-,성수성수(외선),성수성수(내선)
9:00,9:00,10:05,10:07
성수성수,성수성수(내선),성수성수(외선),성수성수(내선)
9:02,9:03,10:11,10:12
성수성수(외선),성수성수(내선),성수성수(외선),성수성수
9:05,9:07,10:16,10:14
성수성수(외선),성수성수(내선),성수성수(외선),신도림성수(내선)
9:07,9:10,10:22,10:18
성수성수(외선),성수성수(내선),성수성수(외선),성수성수(내선)
9:12,9:13,10:27,10:24
성수성수(외선),성수성수(내선),성수성수(외선),성수성수(내선)
9:15,9:16,10:32,10:30
성수성수(외선),성수성수(내선),성수성수(외선),성수성수(내선)
9:17,9:19,10:38,10:35
성수신도림,성수성수(내선),성수성수(외선),성수성수(내선)
9:20,9:23,10:44,10:40
성수성수,성수성수(내선),성수성수(외선),성수성수(내선)
9:22,9:26,10:49,10:45
성수성수(외선),성수성수,성수성수(외선),성수성수(내선)
9:25,9:29,10:55,10:50
성수신도림,성수성수(내선),성수성수(외선),성수성수(내선)
9:28,9:32,-,10:54
성수성수(외선),성수성수(내선),-,성수성수
9:30,9:36,-,10:58
성수성수,성수성수(내선),-,성수성수(내선)
9:33,9:40,11:00,11:04
성수신도림,성수성수,성수성수(외선),성수성수(내선)
9:37,9:43,11:05,11:09
성수성수(외선),성수성수(내선),성수성수(외선),성수성수(내선)
9:41,9:46,11:11,11:15
성수성수(외선),성수성수(내선),성수성수(외선),성수성수(내선)
9:46,9:49,11:16,11:20
성수성수(외선),성수성수(내선),성수성수(외선),성수성수(내선)
9:48,9:53,11:22,11:24
성수신도림,성수성수(내선),성수성수(외선),신도림성수(내선)
9:51,9:56,11:27,11:28
성수성수(외선),성수성수,성수성수(외선),성수성수(내선)
9:57,9:59,11:32,11:32
성수성수(외선),성수성수(내선),성수성수(외선),성수성수
10:03,10:03,11:37,11:38
성수성수(외선),성수성수(내선),성수성수(외선),성수성수(내선)
10:09,10:07,11:42,11:43
성수성수(외선),성수성수(내선),성수성수(외선),성수성수(내선)
10:15,10:11,11:47,11:48
성수성수(외선),성수성수(내선),성수성수(외선),성수성수(내선)
10:18,10:14,11:52,11:53
성수성수(외선),성수성수,성수성수(외선),성수성수(내선)
10:22,10:17,11:57,11:58
성수성수(외선),성수성수(내선),성수성수(외선),성수성수(내선)
10:25,10:21,12:02,12:02
성수신도림,성수성수(내선),성수성수(외선),성수성수(내선)
10:27,10:24,12:07,12:07
성수성수(외선),성수성수,성수성수(외선),성수성수(내선)
10:32,10:27,12:12,12:11
성수성수(외선),성수성수(내선),성수성수(외선),성수성수(내선)
10:35,10:30,12:17,12:16
성수신도림,성수성수(내선),성수성수(외선),성수성수(내선)
10:37,10:33,12:23,12:21
성수성수(외선),성수성수(내선),성수성수(외선),성수성수(내선)
10:42,10:40,12:30,12:30
성수성수(외선),성수성수(내선),성수성수(외선),성수성수(내선)
10:47,10:43,12:37,12:35
성수성수(외선),성수성수(내선),성수성수(외선),성수성수(내선)
10:52,10:46,12:42,12:40
성수성수(외선),성수성수(내선),성수성수(외선),성수성수(내선)
10:58,10:52,12:47,12:45
성수성수(외선),성수성수(내선),성수성수(외선),성수성수(내선)
-,10:59,12:52,12:50
-,성수성수(내선),성수성수(외선),성수성수(내선)
11:06,11:05,12:57,12:55
성수성수(외선),성수성수(내선),성수성수(외선),성수성수(내선)
11:11,11:12,13:02,13:01
성수성수(외선),성수성수(내선),성수성수(외선),성수성수(내선)
11:16,11:18,13:07,13:07
성수성수(외선),성수성수(내선),성수성수(외선),성수성수(내선)
11:22,11:23,13:12,13:13
성수성수(외선),성수성수(내선),성수성수(외선),성수성수(내선)
11:28,11:28,13:17,13:18
성수성수(외선),성수성수(내선),성수성수(외선),성수성수(내선)
11:33,11:33,13:22,13:23
성수성수(외선),성수성수(내선),성수성수(외선),성수성수(내선)
11:39,11:38,13:27,13:28
성수성수(외선),성수성수(내선),성수성수(외선),성수성수(내선)
11:45,11:48,13:32,13:32
성수성수(외선),성수성수(내선),성수성수(외선),성수성수(내선)
11:50,11:52,13:37,13:37
성수성수(외선),성수성수(내선),성수성수(외선),성수성수(내선)
11:54,11:58,13:42,13:41
성수성수(외선),성수성수(내선),성수성수(외선),성수성수(내선)
11:59,-,13:47,13:46
성수성수(외선),-,성수성수(외선),성수성수(내선)
12:04,12:04,13:53,13:52
성수성수(외선),성수성수(내선),성수성수(외선),성수성수(내선)
12:09,12:10,-,13:59
성수성수(외선),성수성수(내선),-,성수성수(내선)
12:14,12:16,14:00,14:05
성수성수(외선),성수성수(내선),성수성수(외선),성수성수(내선)
12:19,12:22,14:07,14:10
성수성수(외선),성수성수(내선),성수성수(외선),성수성수(내선)
12:24,12:28,14:12,14:15
성수성수(외선),성수성수(내선),성수성수(외선),성수성수(내선)
12:29,12:34,14:17,14:20
성수성수(외선),성수성수(내선),성수성수(외선),성수성수(내선)
12:35,12:40,14:22,14:25
성수성수(외선),성수성수(내선),성수성수(외선),성수성수(내선)
12:41,12:46,14:27,14:31
성수성수(외선),성수성수(내선),성수성수(외선),성수성수(내선)
12:46,12:52,14:32,14:38
성수성수(외선),성수성수(내선),성수성수(외선),성수성수(내선)
12:52,12:57,14:37,14:44
성수성수(외선),성수성수(내선),성수신도림,성수성수(내선)
12:58,-,14:42,14:49
성수성수(외선),-,성수성수(외선),성수성수(내선)
13:04,13:02,14:47,14:54
성수성수(외선),성수성수(내선),성수성수(외선),성수성수(내선)
13:09,13:09,14:52,14:59
성수성수(외선),성수성수(내선),성수성수(외선),성수성수(내선)
13:15,13:18,14:57,-
성수성수(외선),성수성수(내선),성수성수(외선),-
13:19,13:23,15:02,15:03
성수성수(외선),성수성수(내선),성수성수(외선),성수성수(내선)
13:24,13:28,15:07,15:07
성수성수(외선),성수성수(내선),성수성수(외선),성수성수(내선)
13:29,13:34,15:12,15:11
성수성수(외선),성수성수(내선),성수성수(외선),성수성수(내선)
13:34,13:40,15:17,15:16
성수성수(외선),성수성수(내선),성수성수(외선),성수성수(내선)
13:39,13:46,15:23,15:22
성수성수(외선),성수성수(내선),성수성수(외선),성수성수(내선)
13:44,13:52,15:31,15:29
성수성수(외선),성수성수(내선),성수성수(외선),성수성수(내선)
13:49,13:58,15:37,15:35
성수성수(외선),성수성수(내선),성수신도림,성수성수(내선)
13:54,-,15:42,15:40
성수성수(외선),-,성수성수(외선),성수성수(내선)
13:59,-,15:47,15:43
성수성수(외선),-,성수성수(외선),성수성수
14:05,14:04,15:52,15:50
성수성수(외선),성수성수(내선),성수성수(외선),성수성수(내선)
14:11,14:10,15:57,15:55
성수성수(외선),성수성수(내선),성수성수(외선),성수성수(내선)
14:16,14:16,16:02,16:01
성수성수(외선),성수성수(내선),성수신도림,성수성수(내선)
14:22,14:22,16:07,16:05
성수성수(외선),성수성수(내선),성수성수(외선),성수성수(내선)
14:28,14:27,16:12,16:10
성수성수(외선),성수성수(내선),성수성수(외선),성수성수(내선)
14:34,14:32,16:17,16:15
성수성수(외선),성수성수(내선),성수성수(외선),성수성수(내선)
14:39,14:39,16:22,16:20
성수성수(외선),성수성수(내선),성수성수(외선),성수성수(내선)
14:44,14:47,16:27,16:25
성수성수(외선),성수성수(내선),성수성수(외선),성수성수(내선)
14:49,14:53,16:32,16:30
성수성수(외선),성수성수(내선),성수성수(외선),성수성수(내선)
14:54,14:58,16:37,16:35
성수성수(외선),성수성수(내선),성수성수(외선),성수성수(내선)
14:59,-,16:42,16:40
성수성수(외선),-,성수성수,성수성수(내선)
15:04,15:04,16:47,16:44
성수성수(외선),성수성수(내선),성수성수(외선),성수성수(내선)
15:09,15:10,16:52,16:52
성수성수(외선),성수성수(내선),성수성수(외선),성수성수(내선)
15:14,15:16,16:57,16:59
성수성수(외선),성수성수(내선),성수성수(외선),성수성수(내선)
15:19,15:22,17:02,17:05
성수성수(외선),성수성수(내선),성수성수(외선),성수성수(내선)
15:24,15:28,17:07,17:10
성수성수(외선),성수성수(내선),성수성수(외선),성수성수(내선)
15:29,15:34,17:12,17:15
성수성수(외선),성수성수(내선),성수성수(외선),성수성수(내선)
15:35,15:40,17:17,17:20
성수성수(외선),성수성수(내선),성수성수(외선),성수성수(내선)
15:41,15:46,17:22,17:25
성수성수(외선),성수성수(내선),성수성수(외선),성수성수(내선)
15:46,15:52,17:28,17:30
성수성수(외선),성수성수(내선),성수성수(외선),성수성수(내선)
15:52,15:57,17:34,17:36
성수성수(외선),성수성수(내선),성수성수(외선),성수성수(내선)
15:58,-,17:40,17:41
성수성수(외선),-,성수신도림,성수성수(내선)
16:04,16:02,17:44,17:47
성수성수(외선),성수성수(내선),성수성수(외선),성수성수(내선)
16:09,16:09,17:47,17:52
성수성수(외선),성수성수(내선),성수성수(외선),성수성수(내선)
16:14,16:13,17:52,17:58
성수성수(외선),신도림성수(내선),성수성수(외선),성수성수(내선)
16:18,16:17,17:57,-
성수성수(외선),성수성수(내선),성수성수(외선),-
16:21,16:23,18:03,18:03
성수성수(외선),성수성수(내선),성수성수(외선),성수성수(내선)
16:25,16:28,18:09,18:09
성수성수(외선),성수성수(내선),성수성수(외선),성수성수(내선)
16:29,16:34,18:15,18:14
성수성수(외선),성수성수(내선),성수성수(외선),성수성수(내선)
16:34,16:40,18:20,18:20
성수성수(외선),성수성수(내선),성수성수(외선),성수성수(내선)
16:38,16:46,18:26,18:25
성수성수(외선),성수성수(내선),성수성수(외선),성수성수(내선)
16:41,16:52,18:31,18:28
성수성수(외선),성수성수(내선),성수성수(외선),성수성수
16:45,16:58,18:37,18:31
성수성수(외선),성수성수(내선),성수성수(외선),신도림성수(내선)
16:49,-,18:41,18:36
성수성수(외선),-,성수신도림,성수성수(내선)
16:53,-,18:47,18:42
성수성수(외선),-,성수성수,성수성수(내선)
17:00,17:05,18:53,18:47
성수성수(외선),성수성수(내선),성수성수(외선),성수성수(내선)
17:04,17:10,18:59,18:53
성수성수(외선),성수성수(내선),성수성수(외선),성수성수(내선)
17:08,17:16,-,18:58
성수성수(외선),성수성수(내선),-,성수성수(내선)
17:12,17:22,19:05,19:04
성수성수(외선),성수성수(내선),성수성수(외선),성수성수(내선)
17:16,17:27,19:11,19:09
성수성수(외선),성수성수(내선),성수성수(외선),성수성수(내선)
17:19,17:30,19:16,19:15
성수성수(외선),신도림성수(내선),성수성수(외선),성수성수(내선)
17:22,17:33,19:22,19:20
성수성수(외선),성수성수(내선),성수성수(외선),성수성수(내선)
17:28,17:38,19:27,19:26
성수성수(외선),성수성수(내선),성수성수(외선),성수성수(내선)
17:31,17:43,19:33,19:31
성수성수(외선),성수성수(내선),성수성수(외선),성수성수(내선)
17:34,17:47,19:39,19:37
성수성수(외선),성수성수(내선),성수성수(외선),성수성수(내선)
17:37,17:53,19:45,19:42
성수성수(외선),성수성수(내선),성수성수(외선),성수성수(내선)
17:40,17:58,19:51,19:48
성수성수(외선),성수성수(내선),성수성수(외선),성수성수(내선)
17:44,-,19:57,19:53
성수성수(외선),-,성수성수(외선),성수성수(내선)
17:48,-,-,19:59
성수성수(외선),-,-,성수성수(내선)
17:51,-,20:03,20:04
성수성수(외선),-,성수성수(외선),성수성수(내선)
17:55,-,20:09,20:10
성수성수(외선),-,성수성수(외선),성수성수(내선)
17:59,-,20:15,20:15
성수성수(외선),-,성수성수(외선),성수성수(내선)
18:04,18:01,20:21,20:21
성수성수(외선),신도림성수(내선),성수성수(외선),성수성수(내선)
18:08,18:04,20:27,20:27
성수성수(외선),성수성수(내선),성수성수(외선),성수성수(내선)
18:11,18:07,20:33,20:33
성수성수(외선),성수성수(내선),성수성수(외선),성수성수(내선)
18:15,18:10,20:39,20:39
성수성수(외선),성수성수(내선),성수성수(외선),성수성수(내선)
18:19,18:13,20:45,20:44
성수성수(외선),신도림성수(내선),성수성수(외선),성수성수(내선)
18:23,18:16,20:51,20:49
성수성수(외선),성수성수(내선),성수성수(외선),성수성수(내선)
18:27,18:22,20:57,20:54
성수성수(외선),성수성수(내선),성수성수(외선),성수성수(내선)
18:30,18:25,21:03,21:00
성수성수,신도림성수(내선),성수성수(외선),성수성수(내선)
18:34,18:28,21:09,21:06
성수성수(외선),성수성수(내선),성수성수(외선),성수성수(내선)
18:38,18:31,21:15,21:12
성수성수(외선),신도림성수(내선),성수성수,성수성수(내선)
18:42,18:34,21:21,21:18
성수성수(외선),성수성수(내선),성수성수(외선),성수성수(내선)
18:46,18:37,21:27,21:24
성수성수,성수성수(내선),성수성수(외선),성수성수(내선)
18:49,18:41,21:33,21:31
성수성수(외선),성수성수(내선),성수성수(외선),성수성수(내선)
18:53,18:46,21:39,21:37
성수신도림,성수성수(내선),성수성수,성수성수(내선)
18:57,18:49,21:45,21:44
성수성수,성수성수(내선),성수성수(외선),성수성수(내선)
-,18:52,21:51,21:51
-,성수성수(내선),성수성수(외선),성수성수(내선)
-,18:55,21:57,21:58
-,신도림성수(내선),성수신도림,성수성수(내선)
-,18:57,22:03,22:05
-,성수성수(내선),성수성수(외선),성수성수(내선)
19:01,19:00,22:09,22:12
성수성수(외선),성수성수(내선),성수성수(외선),성수성수(내선)
19:04,19:03,22:15,22:18
성수신도림,성수성수(내선),성수신도림,성수성수(내선)
19:07,19:06,22:21막,22:25
성수성수(외선),성수성수(내선),성수성수(외선),성수성수(내선)
19:10,19:09,22:28,22:33
성수성수(외선),성수성수(내선),성수성수,성수성수(내선)
19:14,19:13,22:34,22:40
성수신도림,성수성수(내선),성수성수,성수성수(내선)
19:18,19:17,22:41막,22:48
성수성수(외선),성수성수(내선),성수성수,성수성수(내선)
19:21,19:20,22:48,22:55
성수성수(외선),성수성수(내선),성수신도림,성수성수(내선)
19:25,19:23,22:55막,-
성수신도림,성수성수(내선),성수삼성,-
19:29,19:28,23:02,23:02
성수성수(외선),성수성수(내선),성수신도림,성수성수(내선)
19:34,19:31,23:17막,23:13
성수성수(외선),성수성수(내선),성수서울대입구,성수성수(내선)
19:38,19:34,23:25,23:24
성수성수(외선),성수성수(내선),성수신도림,성수성수
19:41,19:36,23:31막,23:34막
성수성수(외선),성수성수(내선),성수신도림,성수성수(내선)
19:45,19:38,23:39막,23:45
성수성수(외선),성수성수(내선),성수홍대입구,성수성수
19:49,19:40,23:50막,23:53막
성수신도림,성수성수(내선),성수을지로입구,성수성수
19:53,19:43,-,-
성수성수(외선),성수성수(내선),-,-
19:58,19:48,-,-
성수성수(외선),성수성수(내선),-,-
-,19:52,-,-
-,성수성수,-,-
-,19:55,-,-
-,성수성수(내선),-,-
-,19:58,-,-
-,성수성수(내선),-,-
20:03,20:01,-,-
성수성수(외선),성수성수(내선),-,-
20:08,20:04,-,-
성수성수(외선),성수성수(내선),-,-
20:13,20:07,-,-
성수성수(외선),성수성수,-,-
20:20,20:11,-,-
성수성수(외선),성수성수(내선),-,-
20:30,20:16,-,-
성수성수(외선),성수성수(내선),-,-
20:37,20:20,-,-
성수성수(외선),성수성수(내선),-,-
20:42,20:25,-,-
성수성수(외선),성수성수(내선),-,-
20:48,20:27,-,-
성수신도림,성수성수,-,-
20:52,20:30,-,-
성수성수(외선),성수성수(내선),-,-
20:59,20:33,-,-
성수성수(외선),성수성수(내선),-,-
-,20:37,-,-
-,성수성수(내선),-,-
-,20:40,-,-
-,성수성수,-,-
-,20:43,-,-
-,성수성수(내선),-,-
-,20:47,-,-
-,성수성수(내선),-,-
-,20:50,-,-
-,성수성수(내선),-,-
-,20:53,-,-
-,성수성수,-,-
-,20:57,-,-
-,성수성수(내선),-,-
21:04,21:01,-,-
성수성수(외선),성수성수(내선),-,-
21:08,21:04,-,-
성수신도림,성수성수,-,-
21:12,21:08,-,-
성수성수(외선),성수성수(내선),-,-
21:17,21:14,-,-
성수신도림,성수성수(내선),-,-
21:22,21:19,-,-
성수성수(외선),성수성수,-,-
21:28,21:25,-,-
성수성수(외선),성수성수(내선),-,-
21:33,21:31,-,-
성수성수(외선),성수성수(내선),-,-
21:39,21:35,-,-
성수성수(외선),성수성수(내선),-,-
21:44,21:42,-,-
성수성수(외선),성수성수(내선),-,-
21:51,21:46,-,-
성수성수(외선),성수성수(내선),-,-
-,21:52,-,-
-,성수성수(내선),-,-
-,21:58,-,-
-,성수성수(내선),-,-
22:01,22:03,-,-
성수성수(외선),성수성수(내선),-,-
22:08,22:08,-,-
성수성수(외선),성수성수(내선),-,-
22:15,22:13,-,-
성수성수(외선),성수성수(내선),-,-
22:23,22:17,-,-
성수성수(외선),성수성수,-,-
22:29,22:21,-,-
성수신도림,성수성수(내선),-,-
22:34,22:27,-,-
성수성수(외선),성수성수(내선),-,-
22:43,22:32,-,-
성수성수(외선),성수성수(내선),-,-
22:52,22:38,-,-
성수성수,성수성수(내선),-,-
22:59,22:45,-,-
성수성수(외선),성수성수(내선),-,-
-,22:54,-,-
-,성수성수(내선),-,-
23:04,23:01,-,-
성수신도림,성수성수(내선),-,-
23:10,23:06,-,-
성수성수(외선),성수성수(내선),-,-
23:15,23:12,-,-
성수신도림,성수성수(내선),-,-
23:23막,23:17,-,-
성수성수(외선),성수성수(내선),-,-
23:31,23:22,-,-
성수신도림,성수성수(내선),-,-
23:38막,23:29,-,-
성수성수,성수성수(내선),-,-
23:45,23:38,-,-
성수신도림,성수성수(내선),-,-
23:54막,23:51,-,-
성수삼성,성수성수(내선),-,-
0:04,0:02,-,-
성수신도림,성수성수(내선),-,-
00:15막,0:09,-,-
성수서울대입구,성수성수,-,-
00:29막,0:16,-,-
성수신도림,성수성수(내선),-,-
00:40막,0:25,-,-
성수홍대입구,성수성수,-,-
00:52막,00:36막,-,-
성수을지로입구,성수성수(내선),-,-
-,0:45,-,-
-,성수성수,-,-
-,00:53막,-,-
-,성수성수,-,-
