﻿교대방면,방배방면,교대방면,방배방면
평일,평일,주말,주말
05:40첫,05:40첫,05:40첫,05:39첫
서울대입구성수(외선),삼성성수(내선),서울대입구성수(외선),삼성성수(내선)
5:53,5:56,5:52,5:55
신도림성수(외선),성수성수(내선),신도림성수(외선),성수성수(내선)
5:59,-,5:59,-
신도림성수(외선),-,신도림성수(외선),-
6:05,6:06,6:04,6:05
홍대입구성수(외선),성수성수(내선),홍대입구성수(외선),성수성수(내선)
6:11,6:13,6:10,6:13
신도림성수(외선),성수성수(내선),신도림성수(외선),성수성수(내선)
6:17,6:20,6:16,6:23
을지로입구성수(외선),성수성수(내선),을지로입구성수(외선),성수성수(내선)
6:23,6:24,6:22,6:28
신도림성수(외선),성수성수(내선),신도림성수(외선),성수성수(내선)
6:32,6:30,6:27,6:34
성수성수(외선),성수성수(내선),신도림성수(외선),성수성수(내선)
6:36,6:36,6:33,6:40
신도림성수(외선),성수성수(내선),성수성수(외선),성수성수(내선)
6:42,6:43,6:39,6:46
성수성수(외선),성수성수(내선),신도림성수(외선),성수성수(내선)
6:46,6:49,6:45,6:52
신도림성수(외선),성수성수(내선),성수성수(외선),성수성수(내선)
6:52,6:53,6:51,6:58
성수성수(외선),성수성수(내선),성수성수(외선),성수성수(내선)
6:56,6:56,6:57,-
신도림성수(외선),성수성수(내선),성수성수(외선),-
7:01,7:03,7:04,7:04
성수성수(외선),성수성수(내선),성수성수(외선),성수성수(내선)
7:06,7:07,7:10,7:08
신도림성수(외선),성수성수(내선),성수성수(외선),성수성수(내선)
7:11,7:10,7:16,7:13
성수성수(외선),성수성수(내선),성수성수(외선),성수성수(내선)
7:16,7:17,7:22,7:18
신도림성수(외선),성수성수(내선),성수성수(외선),성수성수(내선)
7:20,7:21,7:28,7:24
성수성수(외선),성수성수(내선),성수성수(외선),성수성수(내선)
7:26,7:24,7:34,7:29
성수성수(외선),성수성수(내선),성수성수(외선),성수성수(내선)
7:30,7:28,7:39,7:34
성수성수(외선),성수성수(내선),성수성수(외선),성수성수(내선)
7:33,7:31,7:45,7:40
신도림성수(외선),성수성수(내선),성수성수(외선),성수성수(내선)
7:36,7:35,7:51,7:45
성수성수(외선),성수성수(내선),성수성수(외선),성수성수(내선)
7:39,7:39,7:57,7:51
성수성수(외선),성수성수(내선),성수성수(외선),성수성수(내선)
7:42,7:43,-,7:56
성수성수(외선),성수성수(내선),-,성수성수(내선)
7:45,7:46,8:03,8:02
신도림성수(외선),성수성수(내선),성수성수(외선),성수성수(내선)
7:48,7:50,8:08,8:07
성수성수(외선),성수성수(내선),성수성수(외선),성수성수(내선)
7:51,7:53,8:12,8:13
성수성수(외선),성수성수(내선),신도림성수(외선),성수성수(내선)
7:54,7:57,8:17,8:18
성수성수(외선),성수성수(내선),성수성수(외선),성수성수(내선)
7:57,-,8:23,8:24
신도림성수(외선),-,성수성수(외선),성수성수(내선)
8:01,8:00,8:28,8:29
성수성수(외선),성수성수(내선),성수성수(외선),성수성수(내선)
8:04,8:03,8:34,8:35
신도림성수(외선),성수성수(내선),성수성수(외선),성수성수(내선)
8:07,8:06,8:38,8:40
성수성수(외선),성수성수(내선),성수성수,성수성수(내선)
8:09,8:10,8:46,8:46
신도림성수(외선),성수성수(내선),성수성수(외선),성수성수(내선)
8:12,8:13,8:52,8:51
신도림성수(외선),성수성수(내선),성수성수(외선),성수성수(내선)
8:14,8:16,8:58,8:57
성수성수(외선),성수성수(내선),성수성수(외선),성수성수(내선)
8:17,8:19,9:02,9:02
신도림성수(외선),성수성수(내선),신도림성수(외선),성수성수(내선)
8:19,8:23,9:05,9:08
성수성수(외선),성수성수(내선),성수성수,성수성수(내선)
8:22,8:26,9:09,9:13
신도림성수(외선),성수성수(내선),성수성수(외선),성수성수(내선)
8:24,8:29,9:15,9:18
성수성수(외선),성수성수,성수성수(외선),성수성수
8:27,8:32,9:21,9:24
신도림성수(외선),성수성수(내선),성수성수(외선),성수성수(내선)
8:29,8:36,9:27,9:30
성수성수(외선),성수성수(내선),성수성수(외선),성수성수(내선)
8:32,8:40,9:30,9:36
신도림성수(외선),성수성수(내선),신도림성수(외선),성수성수(내선)
8:34,8:43,9:33,9:41
성수성수,성수성수,성수성수,성수성수(내선)
8:37,8:46,9:37,9:45
신도림성수(외선),성수성수(내선),성수성수(외선),성수성수(내선)
8:40,8:50,9:42,9:48
성수성수(외선),성수성수(내선),성수성수(외선),성수성수(내선)
8:42,8:54,9:48,9:53
신도림성수(외선),성수성수(내선),성수성수(외선),성수성수(내선)
8:44,8:57,9:53,9:59
성수성수(외선),성수성수(내선),성수성수(외선),성수성수
8:47,-,9:58,-
성수성수(외선),-,성수성수(외선),-
8:49,-,10:04,10:03
성수성수(외선),-,성수성수(외선),성수성수(내선)
8:53,-,10:10,10:09
성수성수(외선),-,성수성수(외선),성수성수(내선)
8:56,-,10:15,10:14
성수성수(외선),-,성수성수(외선),성수성수(내선)
8:59,-,10:21,10:20
성수성수(외선),-,신도림성수(외선),성수성수(내선)
9:03,9:00,10:26,10:26
성수성수(외선),성수성수,성수성수(외선),성수성수(내선)
9:06,9:03,10:32,10:31
성수성수(외선),성수성수(내선),성수성수(외선),성수성수(내선)
9:09,9:07,10:37,10:37
성수성수,성수성수(내선),성수성수(외선),성수성수
9:12,9:11,10:43,10:42
성수성수(외선),성수성수(내선),성수성수(외선),성수성수(내선)
9:14,9:15,10:47,10:48
성수성수(외선),성수성수(내선),신도림성수(외선),성수성수(내선)
9:17,9:18,10:52,10:53
성수성수(외선),성수성수,성수성수(외선),성수성수(내선)
9:20,9:21,10:57,10:58
성수성수,성수성수(내선),성수성수(외선),성수성수(내선)
9:23,9:25,11:02,11:02
성수성수(외선),성수성수(내선),성수성수(외선),성수성수(내선)
9:29,9:28,11:07,11:04
성수성수(외선),성수성수,성수성수(외선),성수성수(내선)
9:33,9:31,11:13,11:09
성수성수,성수성수(내선),성수성수(외선),성수성수(내선)
9:36,9:34,11:18,11:15
성수성수(외선),성수성수(내선),성수성수(외선),성수성수(내선)
9:42,9:38,11:23,11:20
성수성수(외선),성수성수(내선),성수성수(외선),성수성수(내선)
9:44,09:41첫,11:28,11:25
성수성수(외선),성수신도림,성수성수(외선),성수성수(내선)
9:46,9:44,11:33,11:33
성수성수,성수성수(내선),성수성수(외선),성수성수(내선)
9:48,9:47,11:38,11:38
성수성수(외선),성수성수(내선),성수성수(외선),성수성수(내선)
9:51,9:50,11:43,11:44
성수성수(외선),성수성수(내선),성수성수(외선),성수성수(내선)
9:53,9:53,11:49,11:49
성수성수(외선),성수신도림,성수성수(외선),성수성수(내선)
9:56,9:56,11:56,11:54
성수성수,성수성수(내선),성수성수(외선),성수성수(내선)
9:58,-,-,11:59
성수성수(외선),-,-,성수성수(내선)
10:01,10:03,12:02,12:04
성수성수(외선),성수성수(내선),성수성수(외선),성수성수(내선)
10:03,10:06,12:07,12:11
성수성수(외선),성수신도림,성수성수(외선),성수성수(내선)
10:08,10:10,12:13,12:17
성수성수(외선),성수성수(내선),성수성수(외선),성수성수(내선)
10:11,10:16,12:18,12:22
성수성수(외선),성수성수(내선),성수성수(외선),성수성수(내선)
10:16,10:20,12:23,12:27
성수성수,성수신도림,성수성수(외선),성수성수(내선)
10:18,10:23,12:28,12:32
성수성수(외선),성수성수(내선),성수성수(외선),성수성수(내선)
10:24,10:27,12:33,12:36
성수성수(외선),성수성수(내선),성수성수(외선),성수성수(내선)
10:26,10:33,12:38,12:41
성수성수,성수성수(내선),성수성수(외선),성수성수(내선)
10:33,10:37,12:43,12:45
성수성수(외선),성수성수(내선),성수성수(외선),성수성수(내선)
10:37,10:42,12:48,12:50
성수성수(외선),성수성수(내선),성수성수(외선),성수성수(내선)
10:42,10:46,12:53,12:56
성수성수(외선),성수신도림,성수성수(외선),성수성수(내선)
10:47,10:52,12:58,-
성수성수(외선),성수성수(내선),성수성수(외선),-
10:53,10:56,13:03,13:03
성수성수(외선),성수성수(내선),성수성수(외선),성수성수(내선)
10:59,-,13:08,13:09
성수성수(외선),-,성수성수(외선),성수성수(내선)
11:05,11:02,13:13,13:14
성수성수(외선),성수성수(내선),성수성수(외선),성수성수(내선)
11:11,11:05,13:19,13:19
성수성수(외선),성수신도림,성수성수(외선),성수성수(내선)
11:14,11:08,13:26,13:24
성수성수(외선),성수성수(내선),성수성수(외선),성수성수(내선)
11:19,11:14,13:33,13:29
성수성수(외선),성수성수(내선),성수성수(외선),성수성수(내선)
11:24,11:17,13:38,13:35
성수성수(외선),성수신도림,성수성수(외선),성수성수(내선)
11:29,11:20,13:43,13:42
성수성수(외선),성수성수(내선),성수성수(외선),성수성수(내선)
11:34,11:26,13:48,13:48
성수성수(외선),성수성수(내선),성수성수(외선),성수성수(내선)
11:39,11:33,13:53,13:53
성수성수(외선),성수성수(내선),성수성수(외선),성수성수(내선)
11:43,11:39,13:58,13:58
성수성수(외선),성수성수(내선),성수성수(외선),성수성수(내선)
11:49,11:45,14:03,14:02
성수성수(외선),성수성수(내선),성수성수(외선),성수성수(내선)
11:54,11:51,14:08,14:07
성수성수(외선),성수성수(내선),성수성수(외선),성수성수(내선)
-,11:57,14:13,14:11
-,성수성수(내선),성수성수(외선),성수성수(내선)
12:01,12:02,14:18,14:15
성수성수(외선),성수성수(내선),성수성수(외선),성수성수(내선)
12:07,12:07,14:23,14:20
성수성수(외선),성수성수(내선),성수성수(외선),성수성수(내선)
12:12,12:13,14:28,14:26
성수성수(외선),성수성수(내선),성수성수(외선),성수성수(내선)
12:18,12:22,14:33,14:33
성수성수(외선),성수성수(내선),성수성수(외선),성수성수(내선)
12:24,12:27,14:38,14:39
성수성수(외선),성수성수(내선),성수성수(외선),성수성수(내선)
12:29,12:32,14:43,14:44
성수성수(외선),성수성수(내선),성수성수(외선),성수성수(내선)
12:35,12:38,14:49,14:49
성수성수(외선),성수성수(내선),성수성수(외선),성수성수
12:41,12:44,14:56,14:54
성수성수(외선),성수성수(내선),성수성수(외선),성수성수(내선)
12:46,12:50,-,14:59
성수성수(외선),성수성수(내선),-,성수성수(내선)
12:50,12:56,15:03,15:05
성수성수(외선),성수성수(내선),성수성수(외선),성수성수(내선)
12:55,-,15:08,15:09
성수성수(외선),-,성수성수(외선),성수성수(내선)
13:00,13:02,15:13,15:14
성수성수(외선),성수성수(내선),성수성수(외선),성수성수(내선)
13:05,13:08,15:18,15:19
성수성수(외선),성수성수(내선),성수성수(외선),성수성수(내선)
13:10,13:15,15:23,15:24
성수성수(외선),성수성수(내선),성수성수(외선),성수성수(내선)
13:15,13:20,15:28,15:29
성수성수(외선),성수성수(내선),성수성수(외선),성수성수(내선)
13:20,13:26,15:33,15:33
성수성수(외선),성수성수(내선),신도림성수(외선),성수성수(내선)
13:25,13:31,15:38,15:38
성수성수(외선),성수성수(내선),성수성수(외선),성수성수(내선)
13:31,13:36,15:43,15:41첫
성수성수(외선),성수성수(내선),성수성수(외선),성수신도림
13:37,13:43,15:48,15:45
성수성수(외선),성수성수(내선),성수성수(외선),성수성수(내선)
13:42,13:51,15:53,15:49
성수성수(외선),성수성수(내선),성수성수(외선),성수성수(내선)
13:48,13:57,15:58,15:57
성수성수(외선),성수성수(내선),성수성수(외선),성수성수(내선)
13:54,-,16:03,16:03
성수성수(외선),-,성수성수(외선),성수성수(내선)
14:00,14:02,16:08,16:09
성수성수(외선),성수성수(내선),성수성수(외선),성수성수(내선)
14:05,14:08,16:13,16:14
성수성수(외선),성수성수(내선),성수성수(외선),성수성수(내선)
14:11,14:14,16:19,16:19
성수성수(외선),성수성수(내선),성수성수(외선),성수성수(내선)
14:15,14:20,16:27,16:24
성수성수(외선),성수성수(내선),성수성수(외선),성수성수(내선)
14:20,14:26,16:33,16:29
성수성수(외선),성수성수(내선),신도림성수(외선),성수성수(내선)
14:25,14:32,16:38,16:34
성수성수(외선),성수성수(내선),성수성수(외선),성수성수(내선)
14:30,14:38,16:43,16:39
성수성수(외선),성수성수(내선),성수성수(외선),성수성수(내선)
14:35,14:44,16:48,16:45
성수성수(외선),성수성수(내선),성수성수(외선),성수성수(내선)
14:40,14:50,16:53,16:50
성수성수(외선),성수성수(내선),성수성수(외선),성수성수(내선)
14:45,14:56,-,16:55
성수성수(외선),성수성수(내선),-,성수성수(내선)
14:50,-,-,16:59
성수성수(외선),-,-,성수신도림
14:55,-,17:01,17:03
성수성수(외선),-,성수성수(외선),성수성수(내선)
15:01,15:01,17:07,17:09
성수성수(외선),성수성수(내선),성수성수(외선),성수성수(내선)
15:07,15:06,17:13,17:14
성수성수(외선),성수성수(내선),성수성수(외선),성수성수(내선)
15:12,15:13,17:18,17:18
성수성수(외선),성수성수(내선),성수성수(외선),성수신도림
15:18,15:21,17:23,17:21
성수성수(외선),성수성수(내선),성수성수(외선),성수성수(내선)
15:24,15:27,17:28,17:25
성수성수(외선),성수성수(내선),성수성수(외선),성수성수(내선)
15:30,15:32,17:34,17:29
성수성수(외선),성수성수(내선),성수성수(외선),성수성수(내선)
15:35,15:38,17:38,17:34
성수성수(외선),성수성수(내선),성수성수,성수성수
15:40,15:44,17:41,17:40
성수성수(외선),성수성수(내선),성수성수(외선),성수성수(내선)
15:44,15:50,17:47,17:45
성수성수(외선),성수성수(내선),성수성수(외선),성수성수(내선)
15:50,15:56,17:52,17:50
성수성수(외선),성수성수(내선),성수성수(외선),성수성수(내선)
15:55,-,17:57,17:54
성수성수(외선),-,성수성수(외선),성수신도림
16:00,16:02,-,17:59
성수성수(외선),성수성수(내선),-,성수성수(내선)
16:04,16:08,18:03,18:04
성수성수(외선),성수성수(내선),성수성수(외선),성수성수(내선)
16:10,16:14,18:08,18:09
성수성수(외선),성수성수(내선),성수성수(외선),성수성수(내선)
16:15,16:20,18:13,18:15
성수성수(외선),성수성수(내선),성수성수(외선),성수성수(내선)
16:19,16:26,18:18,18:20
성수성수(외선),성수성수(내선),성수성수(외선),성수성수(내선)
16:25,16:31,18:24,18:26
성수성수(외선),성수성수(내선),성수성수(외선),성수성수(내선)
16:30,16:37,18:31,18:31
성수성수(외선),성수성수(내선),성수성수(외선),성수성수(내선)
16:37,16:42,18:37,18:36
성수성수(외선),성수성수(내선),성수성수(외선),성수성수(내선)
16:42,16:47,18:42,18:42
성수성수(외선),성수성수(내선),성수성수(외선),성수성수(내선)
16:48,16:51,18:48,18:47
성수성수(외선),성수성수(내선),성수성수(외선),성수성수(내선)
16:54,16:57,18:53,18:53
성수성수(외선),성수성수(내선),성수성수(외선),성수성수(내선)
16:57,-,18:59,18:58
신도림성수(외선),-,성수성수(외선),성수성수(내선)
17:00,17:02,19:05,19:04
성수성수(외선),성수성수(내선),성수성수(외선),성수성수(내선)
17:05,17:08,19:11,19:10
성수성수(외선),성수성수(내선),성수성수(외선),성수성수(내선)
17:10,17:11,19:17,19:16
성수성수(외선),성수성수(내선),성수성수(외선),성수성수(내선)
17:14,17:14,19:22,19:21
성수성수(외선),성수성수(내선),성수성수(외선),성수성수(내선)
17:17,17:20,19:28,19:26
성수성수(외선),성수성수(내선),성수성수(외선),성수성수(내선)
17:21,17:26,19:34,19:32
성수성수(외선),성수성수(내선),성수성수(외선),성수성수(내선)
17:25,17:32,19:40,19:38
성수성수(외선),성수성수(내선),신도림성수(외선),성수성수(내선)
17:30,17:37,19:43,19:43
성수성수(외선),성수성수(내선),성수성수,성수성수(내선)
17:34,17:40,19:47,19:48
성수성수(외선),성수성수(내선),성수성수(외선),성수성수(내선)
17:37,17:45,19:53,19:54
성수성수(외선),성수성수(내선),성수성수(외선),성수성수(내선)
17:41,17:50,19:59,19:59
성수성수(외선),성수성수(내선),성수성수(외선),성수성수(내선)
17:45,17:53,20:05,20:05
성수성수(외선),성수성수(내선),성수성수(외선),성수성수(내선)
17:49,17:56,20:11,20:11
성수성수(외선),성수성수(내선),성수성수(외선),성수성수(내선)
17:53,-,20:17,20:16
신도림성수(외선),-,성수성수(외선),성수성수(내선)
17:56,-,20:23,20:22
성수성수(외선),-,성수성수(외선),성수성수(내선)
18:00,18:01,20:29,20:28
성수성수(외선),성수성수(내선),성수성수(외선),성수성수(내선)
18:04,18:04,20:35,20:33
성수성수(외선),성수성수(내선),성수성수(외선),성수성수(내선)
18:08,18:07,20:41,20:38
성수성수(외선),성수성수(내선),성수성수(외선),성수신도림
18:12,18:10,20:47,20:43
성수성수(외선),성수성수(내선),성수성수(외선),성수성수(내선)
18:15,18:13,20:53,20:49
성수성수(외선),성수성수(내선),성수성수(외선),성수성수(내선)
18:18,18:17,20:59,20:55
성수성수(외선),성수성수(내선),성수성수(외선),성수성수(내선)
18:24,18:21,21:05,21:02
성수성수(외선),성수성수(내선),성수성수(외선),성수성수(내선)
18:27,18:24,21:11,21:08
성수성수(외선),성수성수(내선),성수성수(외선),성수성수(내선)
18:30,18:27,21:17,21:13
성수성수(외선),성수성수(내선),성수성수(외선),성수신도림
18:33,18:32,21:23,21:17
성수성수(외선),성수성수(내선),성수성수(외선),성수성수(내선)
18:36,18:35,21:29,21:23
성수성수(외선),성수성수(내선),성수성수(외선),성수성수(내선)
18:40,18:38,21:35,21:29
성수성수(외선),성수성수(내선),성수성수(외선),성수성수(내선)
18:44,18:40,21:41,21:35
성수성수(외선),성수성수(내선),성수성수(외선),성수성수(내선)
18:47,18:42,21:47,21:41
성수성수(외선),성수성수(내선),성수성수(외선),성수신도림
18:51,18:44,21:53,21:45
성수성수(외선),성수성수(내선),성수성수(외선),성수성수(내선)
18:55,18:47,-,21:52
성수성수(외선),성수성수(내선),-,성수성수(내선)
-,18:52,-,21:59
-,성수성수(내선),-,성수성수(내선)
-,18:56,22:00,22:06
-,성수성수,성수성수(외선),성수성수(내선)
-,18:59,22:06,22:12
-,성수성수(내선),성수성수(외선),성수신도림
19:00,19:02,22:11,22:18
성수성수(외선),성수성수(내선),성수성수,성수성수(내선)
19:04,19:05,22:15,22:25
성수성수(외선),성수성수(내선),성수성수(외선),성수신도림
19:07,19:08,22:21,22:31
성수성수(외선),성수성수(내선),성수성수(외선),성수성수
19:11,19:11,22:28,22:39막
성수성수(외선),성수성수,성수성수(외선),성수성수(내선)
19:15,19:15,22:33,22:46
성수성수(외선),성수성수(내선),성수성수,성수신도림
19:19,19:20,22:42,22:51
성수성수(외선),성수성수(내선),성수성수(외선),성수성수
19:23,19:24,22:49,22:59막
성수성수(외선),성수성수(내선),성수성수(외선),성수성수
19:26,19:26,22:57,-
성수성수,성수신도림,성수성수(외선),-
19:29,19:29,23:06,23:07
성수성수(외선),성수성수(내선),성수성수(외선),성수신도림
19:34,19:31,23:16막,23:14막
성수성수(외선),성수성수,성수성수(외선),성수을지로입구
19:38,19:34,23:22,23:22
성수성수(외선),성수성수(내선),성수성수,성수신도림
19:42,19:37,23:28,23:28막
성수성수,성수성수(내선),성수성수,성수홍대입구
19:45,19:40,23:35막,23:37막
성수성수(외선),성수성수(내선),성수성수,성수신도림
19:53,19:44,23:51막,23:49막
성수성수,성수성수,성수삼성,성수서울대입구
19:57,19:47,-,-
성수성수(외선),성수성수(내선),-,-
-,19:51,-,-
-,성수성수(내선),-,-
-,19:54,-,-
-,성수성수(내선),-,-
-,19:57,-,-
-,성수성수,-,-
20:03,20:01,-,-
성수성수(외선),성수성수(내선),-,-
20:06,20:05,-,-
성수성수(외선),성수성수(내선),-,-
20:14,20:08,-,-
성수성수(외선),성수성수,-,-
20:17,20:11,-,-
성수성수(외선),성수성수(내선),-,-
20:25,20:14,-,-
성수성수(외선),성수신도림,-,-
20:30,20:18,-,-
성수성수(외선),성수성수(내선),-,-
20:34,20:23,-,-
성수성수(외선),성수성수,-,-
20:37,20:29,-,-
성수성수(외선),성수성수(내선),-,-
20:41,20:32,-,-
성수성수(외선),성수신도림,-,-
20:48,20:35,-,-
성수성수(외선),성수성수(내선),-,-
20:54,20:39,-,-
성수성수(외선),성수성수(내선),-,-
20:59,20:45,-,-
성수성수(외선),성수성수(내선),-,-
-,20:50,-,-
-,성수성수(내선),-,-
-,20:55,-,-
-,성수성수(내선),-,-
-,20:59,-,-
-,성수신도림,-,-
21:04,21:03,-,-
성수성수(외선),성수성수(내선),-,-
21:09,21:07,-,-
성수성수(외선),성수성수(내선),-,-
21:16,21:12,-,-
성수성수(외선),성수성수(내선),-,-
21:26,21:17,-,-
성수성수(외선),성수성수(내선),-,-
21:33,21:21,-,-
성수성수(외선),성수성수,-,-
21:39,21:25,-,-
성수성수(외선),성수성수(내선),-,-
21:48,21:31,-,-
성수성수(외선),성수성수(내선),-,-
21:55,21:36,-,-
성수성수(외선),성수성수(내선),-,-
-,21:42,-,-
-,성수성수(내선),-,-
-,21:49,-,-
-,성수성수(내선),-,-
-,21:58,-,-
-,성수성수(내선),-,-
22:00,22:05,-,-
성수성수(외선),성수성수(내선),-,-
22:08,22:10,-,-
성수성수(외선),성수성수(내선),-,-
22:18,22:16,-,-
성수성수(외선),성수성수(내선),-,-
22:24,22:21,-,-
성수성수(외선),성수성수(내선),-,-
22:29,22:26,-,-
성수성수(외선),성수성수(내선),-,-
22:35,22:33,-,-
성수성수(외선),성수성수(내선),-,-
22:40,22:37,-,-
성수성수(외선),성수신도림,-,-
22:47,22:42,-,-
성수성수(외선),성수성수(내선),-,-
22:56,22:48,-,-
성수성수(외선),성수신도림,-,-
-,22:55,-,-
-,성수성수(내선),-,-
23:04,23:01,-,-
성수성수(외선),성수신도림,-,-
23:11,23:06,-,-
성수성수(외선),성수성수(내선),-,-
23:19,23:13,-,-
성수성수(외선),성수성수,-,-
23:30,23:20,-,-
성수성수(외선),성수성수(내선),-,-
23:39,23:29,-,-
성수성수(외선),성수성수,-,-
23:48,23:35,-,-
성수성수,성수신도림,-,-
23:55,23:40막,-,-
성수성수(외선),성수성수(내선),-,-
-,23:46,-,-
-,성수신도림,-,-
-,23:51,-,-
-,성수성수,-,-
-,23:57막,-,-
-,성수성수,-,-
0:06,0:04,-,-
성수성수(외선),성수신도림,-,-
00:19막,00:13막,-,-
성수성수(외선),성수을지로입구,-,-
00:34막,00:25막,-,-
성수성수,성수홍대입구,-,-
00:50막,00:37막,-,-
성수삼성,성수신도림,-,-
-,00:50막,-,-
-,성수서울대입구,-,-
