﻿동대문역사문화공원방면,상왕십리방면,동대문역사문화공원방면,상왕십리방면
평일,평일,주말,주말
05:38첫,05:37첫,05:38첫,05:37첫
성수성수(외선),을지로입구성수(내선),성수성수(외선),을지로입구성수(내선)
5:47,5:49,5:49,5:48
성수성수(외선),홍대입구성수(내선),성수성수(외선),홍대입구성수(내선)
5:57,-,5:56,-
성수성수(외선),-,성수성수(외선),-
6:06,6:00,6:02,6:00
성수성수(외선),신도림성수(내선),성수성수(외선),신도림성수(내선)
6:16,6:07,6:08,6:06
성수성수(외선),신도림성수(내선),성수성수(외선),신도림성수(내선)
6:25,6:14,6:15,6:12
성수성수(외선),서울대입구성수(내선),성수성수(외선),서울대입구성수(내선)
6:31,6:20,6:21,6:18
성수성수(외선),신도림성수(내선),성수성수(외선),신도림성수(내선)
6:35,6:27,6:27,6:24
성수성수(외선),신도림성수(내선),성수성수(외선),신도림성수(내선)
6:41,6:34,6:34,6:30
성수성수(외선),삼성성수(내선),성수성수(외선),삼성성수(내선)
6:44,6:39,6:40,6:38
성수성수(외선),신도림성수(내선),성수성수(외선),신도림성수(내선)
6:47,6:46,6:45,6:44
성수성수(외선),신도림성수(내선),성수성수(외선),신도림성수(내선)
6:52,6:51,6:51,6:49
성수성수(외선),성수성수(내선),성수성수(외선),성수성수(내선)
6:55,6:56,6:57,6:54
성수성수(외선),신도림성수(내선),성수성수(외선),신도림성수(내선)
7:00,7:01,-,6:59
성수성수(외선),성수성수(내선),-,성수성수(내선)
7:07,7:08,7:03,7:05
성수성수(외선),성수성수(내선),성수성수(외선),성수성수(내선)
7:12,7:15,7:09,7:11
성수성수(외선),성수성수(내선),성수성수(외선),신도림성수(내선)
7:19,7:19,7:15,7:16
성수성수(외선),성수성수(내선),성수성수(외선),성수성수(내선)
7:24,7:22,7:21,7:22
성수성수(외선),신도림성수(내선),성수성수(외선),성수성수(내선)
7:29,7:25,7:27,7:27
성수성수(외선),성수성수(내선),성수성수(외선),성수성수(내선)
7:34,7:31,7:33,7:32
성수성수(외선),성수성수(내선),성수성수(외선),성수성수(내선)
7:39,7:35,7:39,7:39
성수성수,신도림성수(내선),성수성수(외선),성수성수(내선)
7:44,7:38,7:45,7:44
성수성수(외선),성수성수(내선),성수성수,성수성수(내선)
7:49,7:45,7:51,7:49
성수성수(외선),성수성수(내선),성수성수(외선),성수성수(내선)
7:51,7:49,7:57,7:55
성수성수(외선),성수성수(내선),성수성수(외선),성수성수(내선)
7:54,7:52,8:03,8:00
성수성수(외선),성수성수(내선),성수성수(외선),성수성수(내선)
7:58,7:55,8:09,8:06
성수성수(외선),신도림성수(내선),성수성수,성수성수(내선)
-,7:58,8:15,8:12
-,성수성수(내선),성수성수(외선),성수성수(내선)
8:01,8:02,8:20,8:17
성수성수(외선),성수성수(내선),성수성수(외선),성수성수(내선)
8:04,8:06,8:26,8:22
성수성수(외선),성수성수(내선),성수성수(외선),성수성수(내선)
8:08,8:09,8:32,8:28
성수성수(외선),신도림성수(내선),성수성수(외선),성수성수(내선)
8:11,8:12,8:38,8:33
성수성수(외선),성수성수(내선),성수성수,성수성수(내선)
8:14,8:16,8:43,8:39
성수성수,성수성수(내선),성수성수(외선),성수성수(내선)
8:17,8:19,8:48,8:44
성수성수(외선),성수성수(내선),성수성수(외선),성수성수(내선)
8:19,8:23,8:53,8:50
성수성수(외선),성수성수(내선),성수성수(외선),성수성수(내선)
8:22,8:26,8:59,8:55
성수성수(외선),성수성수(내선),성수성수(외선),성수성수(내선)
8:25,8:30,9:04,9:01
성수성수,성수성수(내선),성수성수(외선),성수성수(내선)
8:28,8:34,9:10,9:06
성수성수(외선),성수성수(내선),성수성수(외선),성수성수(내선)
8:31,8:38,9:15,9:12
성수신도림,성수성수(내선),성수성수(외선),성수성수(내선)
8:34,8:41,9:21,9:17
성수성수(외선),성수성수(내선),성수성수(외선),성수성수(내선)
8:38,8:45,9:27,9:23
성수성수,성수성수(내선),성수신도림,성수성수(내선)
8:41,8:48,9:33,9:28
성수성수(외선),성수성수(내선),성수성수(외선),성수성수(내선)
8:44,8:52,9:39,9:34
성수신도림,성수성수(내선),성수성수(외선),성수성수(내선)
8:47,8:55,9:45,9:39
성수성수(외선),성수성수(내선),성수성수(외선),성수성수(내선)
8:49,8:58,9:51,9:45
성수성수(외선),성수성수(내선),성수성수(외선),성수성수(내선)
8:52,-,9:56,9:50
성수성수,-,성수성수(외선),성수성수(내선)
8:54,-,-,9:56
성수성수(외선),-,-,성수성수(내선)
8:56,-,10:02,10:01
성수성수(외선),-,성수성수(외선),성수성수(내선)
8:59,-,10:07,10:06
성수성수(외선),-,성수성수(외선),성수성수(내선)
9:01,9:02,10:12,10:10
성수성수,성수성수(내선),성수성수(외선),성수성수
9:04,9:05,10:18,10:12
성수성수(외선),성수성수(내선),성수성수(외선),신도림성수(내선)
9:06,9:08,10:23,10:17
성수성수(외선),성수성수(내선),성수성수(외선),성수성수(내선)
9:09,9:11,10:29,10:23
성수성수(외선),성수성수(내선),성수성수(외선),성수성수(내선)
9:13,9:14,10:34,10:28
성수성수(외선),성수성수(내선),성수성수(외선),성수성수(내선)
9:16,9:17,10:40,10:33
성수성수(외선),성수성수(내선),성수성수(외선),성수성수(내선)
9:19,9:21,10:45,10:39
성수신도림,성수성수(내선),성수성수(외선),성수성수(내선)
9:21,9:24,10:50,10:44
성수성수,성수성수,성수성수(외선),성수성수(내선)
9:24,9:27,10:57,10:49
성수성수(외선),성수성수(내선),성수성수(외선),성수성수(내선)
9:26,9:31,-,10:52
성수신도림,성수성수(내선),-,성수성수
9:29,9:35,-,10:57
성수성수(외선),성수성수(내선),-,성수성수(내선)
9:32,9:38,11:01,11:02
성수성수,성수성수,성수성수(외선),성수성수(내선)
9:35,9:41,11:07,11:08
성수신도림,성수성수(내선),성수성수(외선),성수성수(내선)
9:38,9:45,11:12,11:13
성수성수(외선),성수성수(내선),성수성수(외선),성수성수(내선)
9:42,9:48,11:18,11:19
성수성수(외선),성수성수(내선),성수성수(외선),성수성수(내선)
9:47,9:51,11:23,11:23
성수성수(외선),성수성수(내선),성수성수(외선),신도림성수(내선)
9:50,9:55,11:28,11:27
성수신도림,성수성수,성수성수(외선),성수성수(내선)
9:53,9:58,11:33,11:31
성수성수(외선),성수성수(내선),성수성수(외선),성수성수
9:59,-,11:38,11:36
성수성수(외선),-,성수성수(외선),성수성수(내선)
10:04,10:02,11:43,11:42
성수성수(외선),성수성수(내선),성수성수(외선),성수성수(내선)
10:11,10:06,11:48,11:47
성수성수(외선),성수성수(내선),성수성수(외선),성수성수(내선)
10:17,10:10,11:53,11:52
성수성수(외선),성수성수(내선),성수성수(외선),성수성수(내선)
10:20,10:13,11:58,11:56
성수성수(외선),성수성수,성수성수(외선),성수성수(내선)
10:24,10:16,12:03,12:00
성수성수(외선),성수성수(내선),성수성수(외선),성수성수(내선)
10:26,10:19,12:08,12:05
성수신도림,성수성수(내선),성수성수(외선),성수성수(내선)
10:29,10:23,12:13,12:10
성수성수(외선),성수성수,성수성수(외선),성수성수(내선)
10:34,10:26,12:18,12:14
성수성수(외선),성수성수(내선),성수성수(외선),성수성수(내선)
10:36,10:29,12:24,12:20
성수신도림,성수성수(내선),성수성수(외선),성수성수(내선)
10:39,10:32,12:31,12:28
성수성수(외선),성수성수(내선),성수성수(외선),성수성수(내선)
10:44,10:39,12:38,12:34
성수성수(외선),성수성수(내선),성수성수(외선),성수성수(내선)
10:48,10:42,12:43,12:39
성수성수(외선),성수성수(내선),성수성수(외선),성수성수(내선)
10:54,10:45,12:48,12:44
성수성수(외선),성수성수(내선),성수성수(외선),성수성수(내선)
10:59,10:51,12:53,12:49
성수성수(외선),성수성수(내선),성수성수(외선),성수성수(내선)
-,10:57,12:58,12:54
-,성수성수(내선),성수성수(외선),성수성수(내선)
11:07,11:04,-,12:59
성수성수(외선),성수성수(내선),-,성수성수(내선)
11:12,11:11,13:03,13:06
성수성수(외선),성수성수(내선),성수성수(외선),성수성수(내선)
11:17,11:17,13:08,13:12
성수성수(외선),성수성수(내선),성수성수(외선),성수성수(내선)
11:23,11:22,13:13,13:17
성수성수(외선),성수성수(내선),성수성수(외선),성수성수(내선)
11:29,11:27,13:18,13:22
성수성수(외선),성수성수(내선),성수성수(외선),성수성수(내선)
11:34,11:32,13:23,13:26
성수성수(외선),성수성수(내선),성수성수(외선),성수성수(내선)
11:40,11:36,13:28,13:31
성수성수(외선),성수성수(내선),성수성수(외선),성수성수(내선)
11:47,11:46,13:33,13:35
성수성수(외선),성수성수(내선),성수성수(외선),성수성수(내선)
11:51,11:51,13:38,13:40
성수성수(외선),성수성수(내선),성수성수(외선),성수성수(내선)
11:55,11:56,13:43,13:44
성수성수(외선),성수성수(내선),성수성수(외선),성수성수(내선)
12:00,12:03,13:48,13:51
성수성수(외선),성수성수(내선),성수성수(외선),성수성수(내선)
12:05,12:09,13:54,13:58
성수성수(외선),성수성수(내선),성수성수(외선),성수성수(내선)
12:10,12:15,14:01,14:04
성수성수(외선),성수성수(내선),성수성수(외선),성수성수(내선)
12:15,12:21,14:08,14:09
성수성수(외선),성수성수(내선),성수성수(외선),성수성수(내선)
12:20,12:27,14:13,14:14
성수성수(외선),성수성수(내선),성수성수(외선),성수성수(내선)
12:25,12:33,14:18,14:19
성수성수(외선),성수성수(내선),성수성수(외선),성수성수(내선)
12:30,12:39,14:23,14:24
성수성수(외선),성수성수(내선),성수성수(외선),성수성수(내선)
12:36,12:45,14:28,14:29
성수성수(외선),성수성수(내선),성수성수(외선),성수성수(내선)
12:42,12:51,14:33,14:37
성수성수(외선),성수성수(내선),성수성수(외선),성수성수(내선)
12:47,12:56,14:38,14:43
성수성수(외선),성수성수(내선),성수신도림,성수성수(내선)
12:53,-,14:43,14:48
성수성수(외선),-,성수성수(외선),성수성수(내선)
12:59,-,14:48,14:53
성수성수(외선),-,성수성수(외선),성수성수(내선)
13:05,13:01,14:53,14:57
성수성수(외선),성수성수(내선),성수성수(외선),성수성수(내선)
13:10,13:07,14:58,-
성수성수(외선),성수성수(내선),성수성수(외선),-
13:16,13:16,15:03,15:02
성수성수(외선),성수성수(내선),성수성수(외선),성수성수(내선)
13:21,13:22,15:08,15:05
성수성수(외선),성수성수(내선),성수성수(외선),성수성수(내선)
13:25,13:27,15:13,15:10
성수성수(외선),성수성수(내선),성수성수(외선),성수성수(내선)
13:30,13:33,15:18,15:14
성수성수(외선),성수성수(내선),성수성수(외선),성수성수(내선)
13:35,13:39,15:24,15:21
성수성수(외선),성수성수(내선),성수성수(외선),성수성수(내선)
13:40,13:45,15:32,15:28
성수성수(외선),성수성수(내선),성수성수(외선),성수성수(내선)
13:45,13:51,15:38,15:34
성수성수(외선),성수성수(내선),성수신도림,성수성수(내선)
13:50,13:57,15:43,15:39
성수성수(외선),성수성수(내선),성수성수(외선),성수성수(내선)
13:55,-,15:48,15:42
성수성수(외선),-,성수성수(외선),성수성수
14:00,14:03,15:53,15:49
성수성수(외선),성수성수(내선),성수성수(외선),성수성수(내선)
14:06,14:09,15:58,15:54
성수성수(외선),성수성수(내선),성수성수(외선),성수성수(내선)
14:12,14:15,-,15:59
성수성수(외선),성수성수(내선),-,성수성수(내선)
14:17,14:21,16:03,16:04
성수성수(외선),성수성수(내선),성수신도림,성수성수(내선)
14:23,14:26,16:08,16:09
성수성수(외선),성수성수(내선),성수성수(외선),성수성수(내선)
14:29,14:31,16:13,16:14
성수성수(외선),성수성수(내선),성수성수(외선),성수성수(내선)
14:35,14:38,16:18,16:19
성수성수(외선),성수성수(내선),성수성수(외선),성수성수(내선)
14:40,14:46,16:23,16:24
성수성수(외선),성수성수(내선),성수성수(외선),성수성수(내선)
14:46,14:52,16:28,16:29
성수성수(외선),성수성수(내선),성수성수(외선),성수성수(내선)
14:50,14:57,16:33,16:33
성수성수(외선),성수성수(내선),성수성수(외선),성수성수(내선)
14:55,-,16:38,16:39
성수성수(외선),-,성수성수(외선),성수성수(내선)
15:00,15:03,16:43,16:43
성수성수(외선),성수성수(내선),성수성수,성수성수(내선)
15:05,15:09,16:48,16:51
성수성수(외선),성수성수(내선),성수성수(외선),성수성수(내선)
15:10,15:15,16:54,16:58
성수성수(외선),성수성수(내선),성수성수(외선),성수성수(내선)
15:15,15:21,16:58,-
성수성수(외선),성수성수(내선),성수성수(외선),-
15:20,15:27,17:03,17:04
성수성수(외선),성수성수(내선),성수성수(외선),성수성수(내선)
15:25,15:33,17:08,17:09
성수성수(외선),성수성수(내선),성수성수(외선),성수성수(내선)
15:31,15:39,17:13,17:14
성수성수(외선),성수성수(내선),성수성수(외선),성수성수(내선)
15:36,15:45,17:18,17:19
성수성수(외선),성수성수(내선),성수성수(외선),성수성수(내선)
15:42,15:51,17:24,17:24
성수성수(외선),성수성수(내선),성수성수(외선),성수성수(내선)
15:47,15:56,17:30,17:29
성수성수(외선),성수성수(내선),성수성수(외선),성수성수(내선)
15:53,-,17:36,17:34
성수성수(외선),-,성수성수(외선),성수성수(내선)
15:59,-,17:42,17:40
성수성수(외선),-,성수신도림,성수성수(내선)
16:05,16:01,17:45,17:45
성수성수(외선),성수성수(내선),성수성수(외선),성수성수(내선)
16:11,16:07,17:48,17:50
성수성수(외선),성수성수(내선),성수성수(외선),성수성수(내선)
16:15,16:12,17:53,17:56
성수성수(외선),신도림성수(내선),성수성수(외선),성수성수(내선)
16:19,16:16,17:59,-
성수성수(외선),성수성수(내선),성수성수(외선),-
16:23,16:22,18:04,18:02
성수성수(외선),성수성수(내선),성수성수(외선),성수성수(내선)
16:26,16:27,18:10,18:07
성수성수(외선),성수성수(내선),성수성수(외선),성수성수(내선)
16:30,16:33,18:16,18:13
성수성수(외선),성수성수(내선),성수성수(외선),성수성수(내선)
16:35,16:39,18:22,18:19
성수성수(외선),성수성수(내선),성수성수(외선),성수성수(내선)
16:39,16:45,18:27,18:24
성수성수(외선),성수성수(내선),성수성수(외선),성수성수(내선)
16:43,16:51,18:33,18:27
성수성수(외선),성수성수(내선),성수성수(외선),성수성수
16:46,16:57,18:38,18:30
성수성수(외선),성수성수(내선),성수성수(외선),신도림성수(내선)
16:50,-,18:42,18:35
성수성수(외선),-,성수신도림,성수성수(내선)
16:54,-,18:49,18:40
성수성수(외선),-,성수성수,성수성수(내선)
17:01,17:03,18:54,18:45
성수성수(외선),성수성수(내선),성수성수(외선),성수성수(내선)
17:05,17:09,-,18:51
성수성수(외선),성수성수(내선),-,성수성수(내선)
17:09,17:15,-,18:57
성수성수(외선),성수성수(내선),-,성수성수(내선)
17:13,17:21,19:00,19:02
성수성수(외선),성수성수(내선),성수성수(외선),성수성수(내선)
17:17,17:26,19:06,19:08
성수성수(외선),성수성수(내선),성수성수(외선),성수성수(내선)
17:20,17:28,19:12,19:13
성수성수(외선),신도림성수(내선),성수성수(외선),성수성수(내선)
17:23,17:32,19:18,19:19
성수성수(외선),성수성수(내선),성수성수(외선),성수성수(내선)
17:29,17:37,19:23,19:24
성수성수(외선),성수성수(내선),성수성수(외선),성수성수(내선)
17:32,17:42,19:29,19:30
성수성수(외선),성수성수(내선),성수성수(외선),성수성수(내선)
17:35,17:46,19:34,19:35
성수성수(외선),성수성수(내선),성수성수(외선),성수성수(내선)
17:38,17:52,19:40,19:41
성수성수(외선),성수성수(내선),성수성수(외선),성수성수(내선)
17:41,17:57,19:46,19:46
성수성수(외선),성수성수(내선),성수성수(외선),성수성수(내선)
17:45,-,19:52,19:52
성수성수(외선),-,성수성수(외선),성수성수(내선)
17:49,-,19:58,19:57
성수성수(외선),-,성수성수(외선),성수성수(내선)
17:53,-,20:04,20:03
성수성수(외선),-,성수성수(외선),성수성수(내선)
17:56,-,20:10,20:08
성수성수(외선),-,성수성수(외선),성수성수(내선)
18:00,18:00,20:16,20:14
성수성수(외선),신도림성수(내선),성수성수(외선),성수성수(내선)
18:05,18:03,20:22,20:20
성수성수(외선),성수성수(내선),성수성수(외선),성수성수(내선)
18:09,18:06,20:28,20:26
성수성수(외선),성수성수(내선),성수성수(외선),성수성수(내선)
18:13,18:09,20:34,20:32
성수성수(외선),성수성수(내선),성수성수(외선),성수성수(내선)
18:16,18:12,20:40,20:37
성수성수(외선),신도림성수(내선),성수성수(외선),성수성수(내선)
18:20,18:15,20:46,20:42
성수성수(외선),성수성수(내선),성수성수(외선),성수성수(내선)
18:24,18:21,20:52,20:47
성수성수(외선),성수성수(내선),성수성수(외선),성수성수(내선)
18:28,18:24,20:58,20:53
성수성수(외선),신도림성수(내선),성수성수(외선),성수성수(내선)
18:31,18:27,-,20:59
성수성수,성수성수(내선),-,성수성수(내선)
18:35,18:29,21:04,21:05
성수성수(외선),신도림성수(내선),성수성수(외선),성수성수(내선)
18:39,18:32,21:10,21:11
성수성수(외선),성수성수(내선),성수성수(외선),성수성수(내선)
18:43,18:35,21:16,21:17
성수성수(외선),성수성수(내선),성수성수,성수성수(내선)
18:47,18:40,21:22,21:23
성수성수,성수성수(내선),성수성수(외선),성수성수(내선)
18:50,18:45,21:28,21:29
성수성수(외선),성수성수(내선),성수성수(외선),성수성수(내선)
18:54,18:48,21:34,21:36
성수신도림,성수성수(내선),성수성수(외선),성수성수(내선)
18:59,18:51,21:40,21:43
성수성수,성수성수(내선),성수성수,성수성수(내선)
-,18:53,21:46,21:50
-,신도림성수(내선),성수성수(외선),성수성수(내선)
-,18:56,21:52,21:56
-,성수성수(내선),성수성수(외선),성수성수(내선)
-,18:58,21:58,-
-,성수성수(내선),성수신도림,-
19:02,19:02,22:04,22:03
성수성수(외선),성수성수(내선),성수성수(외선),성수성수(내선)
19:05,19:05,22:10,22:11
성수신도림,성수성수(내선),성수성수(외선),성수성수(내선)
19:08,19:08,22:16,22:17
성수성수(외선),성수성수(내선),성수신도림,성수성수(내선)
19:11,19:12,22:23막,22:24
성수성수(외선),성수성수(내선),성수성수(외선),성수성수(내선)
19:15,19:16,22:29,22:31
성수신도림,성수성수(내선),성수성수,성수성수(내선)
19:19,19:19,22:36,22:39
성수성수(외선),성수성수(내선),성수성수,성수성수(내선)
19:23,19:22,22:42막,22:47
성수성수(외선),성수성수(내선),성수성수,성수성수(내선)
19:26,19:26,22:49,22:53
성수신도림,성수성수(내선),성수신도림,성수성수(내선)
19:30,19:30,22:56막,-
성수성수(외선),성수성수(내선),성수삼성,-
19:35,19:33,23:04,23:01
성수성수(외선),성수성수(내선),성수신도림,성수성수(내선)
19:39,19:35,23:18막,23:12
성수성수(외선),성수성수(내선),성수서울대입구,성수성수(내선)
19:43,19:37,23:26,23:23
성수성수(외선),성수성수(내선),성수신도림,성수성수
19:46,19:39,23:32막,23:33막
성수성수(외선),성수성수(내선),성수신도림,성수성수(내선)
19:50,19:42,23:41막,23:44
성수신도림,성수성수(내선),성수홍대입구,성수성수
19:54,19:47,23:52막,23:52막
성수성수(외선),성수성수(내선),성수을지로입구,성수성수
19:59,19:51,-,-
성수성수(외선),성수성수,-,-
-,19:54,-,-
-,성수성수(내선),-,-
-,19:57,-,-
-,성수성수(내선),-,-
20:04,20:00,-,-
성수성수(외선),성수성수(내선),-,-
20:09,20:03,-,-
성수성수(외선),성수성수(내선),-,-
20:14,20:06,-,-
성수성수(외선),성수성수,-,-
20:21,20:10,-,-
성수성수(외선),성수성수(내선),-,-
20:32,20:15,-,-
성수성수(외선),성수성수(내선),-,-
20:38,20:19,-,-
성수성수(외선),성수성수(내선),-,-
20:44,20:23,-,-
성수성수(외선),성수성수(내선),-,-
20:49,20:26,-,-
성수신도림,성수성수,-,-
20:53,20:28,-,-
성수성수(외선),성수성수(내선),-,-
-,20:32,-,-
-,성수성수(내선),-,-
-,20:35,-,-
-,성수성수(내선),-,-
-,20:39,-,-
-,성수성수,-,-
-,20:42,-,-
-,성수성수(내선),-,-
-,20:46,-,-
-,성수성수(내선),-,-
-,20:49,-,-
-,성수성수(내선),-,-
-,20:52,-,-
-,성수성수,-,-
-,20:56,-,-
-,성수성수(내선),-,-
21:00,21:00,-,-
성수성수(외선),성수성수(내선),-,-
21:05,21:03,-,-
성수성수(외선),성수성수,-,-
21:09,21:06,-,-
성수신도림,성수성수(내선),-,-
21:13,21:13,-,-
성수성수(외선),성수성수(내선),-,-
21:18,21:18,-,-
성수신도림,성수성수,-,-
21:23,21:23,-,-
성수성수(외선),성수성수(내선),-,-
21:29,21:30,-,-
성수성수(외선),성수성수(내선),-,-
21:34,21:34,-,-
성수성수(외선),성수성수(내선),-,-
21:40,21:40,-,-
성수성수(외선),성수성수(내선),-,-
21:45,21:45,-,-
성수성수(외선),성수성수(내선),-,-
21:52,21:50,-,-
성수성수(외선),성수성수(내선),-,-
-,21:57,-,-
-,성수성수(내선),-,-
22:02,22:02,-,-
성수성수(외선),성수성수(내선),-,-
22:09,22:07,-,-
성수성수(외선),성수성수(내선),-,-
22:16,22:12,-,-
성수성수(외선),성수성수(내선),-,-
22:24,22:16,-,-
성수성수(외선),성수성수,-,-
22:30,22:20,-,-
성수신도림,성수성수(내선),-,-
22:35,22:25,-,-
성수성수(외선),성수성수(내선),-,-
22:44,22:31,-,-
성수성수(외선),성수성수(내선),-,-
22:53,22:37,-,-
성수성수,성수성수(내선),-,-
-,22:44,-,-
-,성수성수(내선),-,-
-,22:53,-,-
-,성수성수(내선),-,-
23:00,23:00,-,-
성수성수(외선),성수성수(내선),-,-
23:05,23:05,-,-
성수신도림,성수성수(내선),-,-
23:11,23:11,-,-
성수성수(외선),성수성수(내선),-,-
23:16,23:16,-,-
성수신도림,성수성수(내선),-,-
23:24막,23:21,-,-
성수성수(외선),성수성수(내선),-,-
23:32,23:28,-,-
성수신도림,성수성수(내선),-,-
23:39막,23:37,-,-
성수성수,성수성수(내선),-,-
23:46,23:50,-,-
성수신도림,성수성수(내선),-,-
23:56막,-,-,-
성수삼성,-,-,-
0:05,0:01,-,-
성수신도림,성수성수(내선),-,-
00:16막,0:08,-,-
성수서울대입구,성수성수,-,-
00:30막,0:15,-,-
성수신도림,성수성수(내선),-,-
00:41막,0:24,-,-
성수홍대입구,성수성수,-,-
00:53막,00:35막,-,-
성수을지로입구,성수성수(내선),-,-
-,0:44,-,-
-,성수성수,-,-
-,00:52막,-,-
-,성수성수,-,-
