﻿잠실나루방면,잠실새내방면,잠실나루방면,잠실새내방면
평일,평일,주말,주말
05:36첫,05:40첫,05:36첫,05:40첫
삼성성수(외선),성수성수(내선),삼성성수(외선),성수성수(내선)
5:56,5:50,5:55,5:50
서울대입구성수(외선),성수성수(내선),서울대입구성수(외선),성수성수(내선)
-,5:57,-,5:58
-,성수성수(내선),-,성수성수(내선)
6:09,6:04,6:08,6:08
신도림성수(외선),성수성수(내선),신도림성수(외선),성수성수(내선)
6:15,6:08,6:14,6:13
신도림성수(외선),성수성수(내선),신도림성수(외선),성수성수(내선)
6:22,6:14,6:20,6:19
홍대입구성수(외선),성수성수(내선),홍대입구성수(외선),성수성수(내선)
6:27,6:20,6:26,6:25
신도림성수(외선),성수성수(내선),신도림성수(외선),성수성수(내선)
6:33,6:27,6:32,6:31
을지로입구성수(외선),성수성수(내선),을지로입구성수(외선),성수성수(내선)
6:39,6:33,6:38,6:37
신도림성수(외선),성수성수(내선),신도림성수(외선),성수성수(내선)
6:48,6:37,6:44,6:43
성수성수(외선),성수성수(내선),신도림성수(외선),성수성수(내선)
6:52,6:40,6:50,6:49
신도림성수(외선),성수성수(내선),성수성수(외선),성수성수(내선)
6:58,6:47,6:55,6:53
성수성수(외선),성수성수(내선),신도림성수(외선),성수성수(내선)
-,6:50,-,6:57
-,성수성수(내선),-,성수성수(내선)
-,6:54,7:01,7:03
-,성수성수(내선),성수성수(외선),성수성수(내선)
7:03,7:00,7:08,7:09
신도림성수(외선),성수성수(내선),성수성수(외선),성수성수(내선)
7:08,7:04,7:14,7:14
성수성수(외선),성수성수(내선),성수성수(외선),성수성수(내선)
7:13,7:07,7:20,7:19
신도림성수(외선),성수성수(내선),성수성수(외선),성수성수(내선)
7:18,7:11,7:26,7:25
성수성수(외선),성수성수(내선),성수성수(외선),성수성수(내선)
7:23,7:14,7:32,7:30
신도림성수(외선),성수성수(내선),성수성수(외선),성수성수(내선)
7:28,7:18,7:38,7:36
성수성수(외선),성수성수(내선),성수성수(외선),성수성수(내선)
7:33,7:22,7:44,7:41
신도림성수(외선),성수성수(내선),성수성수(외선),성수성수(내선)
7:37,7:26,7:50,7:47
성수성수(외선),성수성수(내선),성수성수(외선),성수성수(내선)
7:43,7:29,7:55,7:52
성수성수(외선),성수성수(내선),성수성수(외선),성수성수(내선)
7:47,7:33,-,7:58
성수성수(외선),성수성수(내선),-,성수성수(내선)
7:50,7:36,8:01,8:03
신도림성수(외선),성수성수(내선),성수성수(외선),성수성수(내선)
7:53,7:40,8:07,8:09
성수성수(외선),성수성수(내선),성수성수(외선),성수성수(내선)
7:56,7:43,8:13,8:14
성수성수(외선),성수성수(내선),성수성수(외선),성수성수(내선)
7:59,7:46,8:18,8:20
성수성수(외선),성수성수(내선),성수성수(외선),성수성수(내선)
-,7:50,8:24,8:25
-,성수성수(내선),성수성수(외선),성수성수(내선)
-,7:53,8:29,8:31
-,성수성수(내선),신도림성수(외선),성수성수(내선)
-,7:56,8:33,8:36
-,성수성수(내선),성수성수(외선),성수성수(내선)
-,7:59,8:39,8:42
-,성수성수(내선),성수성수(외선),성수성수(내선)
8:02,8:02,8:45,8:47
신도림성수(외선),성수성수(내선),성수성수(외선),성수성수(내선)
8:05,8:06,8:50,8:53
성수성수(외선),성수성수(내선),성수성수(외선),성수성수(내선)
8:08,8:10,8:53,8:58
성수성수(외선),성수성수(내선),성수성수,성수성수(내선)
8:11,8:13,9:02,9:03
성수성수(외선),성수성수,성수성수(외선),성수성수
8:14,8:16,9:08,9:09
신도림성수(외선),성수성수(내선),성수성수(외선),성수성수(내선)
8:18,8:19,9:14,9:15
성수성수(외선),성수성수(내선),성수성수(외선),성수성수(내선)
8:21,8:23,9:19,9:21
신도림성수(외선),성수성수(내선),신도림성수(외선),성수성수(내선)
8:24,8:27,9:21,9:26
성수성수(외선),성수성수,성수성수,성수성수(내선)
8:26,8:30,9:25,9:29
신도림성수(외선),성수성수(내선),성수성수(외선),성수성수(내선)
8:29,8:33,9:31,9:32
신도림성수(외선),성수성수(내선),성수성수(외선),성수성수(내선)
8:31,8:37,9:37,9:37
성수성수(외선),성수성수(내선),성수성수(외선),성수성수(내선)
8:34,8:40,9:43,9:43
신도림성수(외선),성수성수(내선),성수성수(외선),성수성수
8:36,8:44,9:47,9:48
성수성수(외선),성수성수,신도림성수(외선),성수성수(내선)
8:39,8:47,9:49,9:53
신도림성수(외선),성수성수(내선),성수성수,성수성수(내선)
8:41,8:51,9:53,9:59
성수성수(외선),성수성수(내선),성수성수(외선),성수성수(내선)
8:44,8:55,9:58,-
신도림성수(외선),성수성수(내선),성수성수(외선),-
8:46,8:59,10:04,10:04
성수성수(외선),성수성수(내선),성수성수(외선),성수성수(내선)
8:49,-,10:09,10:10
신도림성수(외선),-,성수성수(외선),성수성수(내선)
8:51,-,10:14,10:15
성수성수,-,성수성수(외선),성수성수(내선)
8:54,-,10:20,10:21
신도림성수(외선),-,성수성수(외선),성수성수
8:57,-,10:26,10:26
성수성수(외선),-,성수성수(외선),성수성수(내선)
8:59,-,10:31,10:32
신도림성수(외선),-,성수성수(외선),성수성수(내선)
9:01,9:02,10:36,10:37
성수성수(외선),성수성수,신도림성수(외선),성수성수(내선)
9:04,9:05,10:42,10:42
성수성수(외선),성수성수(내선),성수성수(외선),성수성수(내선)
9:06,9:09,10:47,10:45
성수성수(외선),성수성수(내선),성수성수(외선),성수성수(내선)
9:10,9:12,10:53,10:48
성수성수(외선),성수성수,성수성수(외선),성수성수(내선)
9:12,9:15,10:58,10:53
성수성수(외선),성수성수(내선),성수성수(외선),성수성수(내선)
9:15,9:18,-,10:59
성수성수(외선),성수성수(내선),-,성수성수(내선)
9:19,9:22,11:04,11:04
성수성수(외선),성수성수(내선),신도림성수(외선),성수성수(내선)
9:23,09:25첫,11:08,11:09
성수성수(외선),성수신도림,성수성수(외선),성수성수(내선)
9:25,9:28,11:14,11:17
성수성수,성수성수(내선),성수성수(외선),성수성수(내선)
9:28,9:31,11:19,11:22
성수성수(외선),성수성수(내선),성수성수(외선),성수성수(내선)
9:30,9:34,11:24,11:28
성수성수(외선),성수성수(내선),성수성수(외선),성수성수(내선)
9:33,9:37,11:29,11:33
성수성수(외선),성수신도림,성수성수(외선),성수성수(내선)
9:37,9:40,11:34,11:38
성수성수,성수성수(내선),성수성수(외선),성수성수(내선)
9:39,9:47,11:39,11:43
성수성수(외선),성수성수(내선),성수성수(외선),성수성수(내선)
9:45,9:50,11:44,11:48
성수성수(외선),성수신도림,성수성수(외선),성수성수(내선)
9:49,9:54,11:49,11:55
성수성수,성수성수(내선),성수성수(외선),성수성수(내선)
9:52,-,11:54,-
성수성수(외선),-,성수성수(외선),-
9:58,-,11:59,-
성수성수(외선),-,성수성수(외선),-
10:00,10:00,12:05,12:01
성수성수(외선),성수성수(내선),성수성수(외선),성수성수(내선)
10:02,10:04,12:12,12:06
성수성수,성수신도림,성수성수(외선),성수성수(내선)
10:04,10:07,12:19,12:11
성수성수(외선),성수성수(내선),성수성수(외선),성수성수(내선)
10:07,10:11,12:24,12:16
성수성수(외선),성수성수(내선),성수성수(외선),성수성수(내선)
10:09,10:17,12:29,12:20
성수성수(외선),성수성수(내선),성수성수(외선),성수성수(내선)
10:12,10:21,12:34,12:25
성수성수,성수성수(내선),성수성수(외선),성수성수(내선)
10:14,10:26,12:39,12:29
성수성수(외선),성수성수(내선),성수성수(외선),성수성수(내선)
10:17,10:30,12:44,12:34
성수성수(외선),성수신도림,성수성수(외선),성수성수(내선)
10:19,10:36,12:49,12:40
성수성수(외선),성수성수(내선),성수성수(외선),성수성수(내선)
10:24,10:40,12:54,12:47
성수성수(외선),성수성수(내선),성수성수(외선),성수성수(내선)
10:28,10:46,12:59,12:53
성수성수(외선),성수성수(내선),성수성수(외선),성수성수(내선)
10:32,10:49,-,12:58
성수성수,성수신도림,-,성수성수(내선)
10:34,10:52,13:04,13:03
성수성수(외선),성수성수(내선),성수성수(외선),성수성수(내선)
10:40,10:58,13:09,13:08
성수성수(외선),성수성수(내선),성수성수(외선),성수성수(내선)
10:43,-,13:14,13:13
성수성수,-,성수성수(외선),성수성수(내선)
10:48,-,13:19,13:19
성수성수(외선),-,성수성수(외선),성수성수(내선)
10:53,-,13:24,13:26
성수성수(외선),-,성수성수(외선),성수성수(내선)
10:58,-,13:29,13:32
성수성수(외선),-,성수성수(외선),성수성수(내선)
11:04,11:01,13:35,13:37
성수성수(외선),성수신도림,성수성수(외선),성수성수(내선)
11:10,11:04,13:42,13:42
성수성수(외선),성수성수(내선),성수성수(외선),성수성수(내선)
11:15,11:10,13:49,13:46
성수성수(외선),성수성수(내선),성수성수(외선),성수성수(내선)
11:21,11:17,13:54,13:51
성수성수(외선),성수성수(내선),성수성수(외선),성수성수(내선)
11:28,11:23,13:59,13:55
성수성수(외선),성수성수(내선),성수성수(외선),성수성수(내선)
11:31,11:30,-,13:59
성수성수(외선),성수성수(내선),-,성수성수(내선)
11:35,11:36,14:04,14:04
성수성수(외선),성수성수(내선),성수성수(외선),성수성수(내선)
11:40,11:41,14:09,14:10
성수성수(외선),성수성수(내선),성수성수(외선),성수성수(내선)
11:45,11:46,14:14,14:17
성수성수(외선),성수성수(내선),성수성수(외선),성수성수(내선)
11:50,11:51,14:19,14:23
성수성수(외선),성수성수(내선),성수성수(외선),성수성수(내선)
11:55,11:57,14:24,14:28
성수성수(외선),성수성수(내선),성수성수(외선),성수성수(내선)
12:00,12:06,14:29,14:33
성수성수(외선),성수성수(내선),성수성수(외선),성수성수
12:05,12:11,14:34,14:38
성수성수(외선),성수성수(내선),성수성수(외선),성수성수(내선)
12:11,12:16,14:39,14:43
성수성수(외선),성수성수(내선),성수성수(외선),성수성수(내선)
12:17,12:22,14:44,14:49
성수성수(외선),성수성수(내선),성수성수(외선),성수성수(내선)
12:23,12:28,14:49,14:53
성수성수(외선),성수성수(내선),성수성수(외선),성수성수(내선)
12:28,12:34,14:54,14:58
성수성수(외선),성수성수(내선),성수성수(외선),성수성수(내선)
12:34,12:40,14:59,-
성수성수(외선),성수성수(내선),성수성수(외선),-
12:40,12:46,15:05,15:03
성수성수(외선),성수성수(내선),성수성수(외선),성수성수(내선)
12:45,12:52,15:12,15:08
성수성수(외선),성수성수(내선),성수성수(외선),성수성수(내선)
12:51,12:59,15:19,15:13
성수성수(외선),성수성수(내선),성수성수(외선),성수성수(내선)
12:57,-,15:24,15:17
성수성수(외선),-,성수성수(외선),성수성수(내선)
13:02,13:04,15:29,15:22
성수성수(외선),성수성수(내선),성수성수(외선),성수성수(내선)
13:06,13:10,15:34,15:25첫
성수성수(외선),성수성수(내선),성수성수(외선),성수신도림
13:11,13:15,15:39,15:29
성수성수(외선),성수성수(내선),성수성수(외선),성수성수(내선)
13:16,13:20,15:44,15:34
성수성수(외선),성수성수(내선),성수성수(외선),성수성수(내선)
13:20,13:27,15:49,15:41
성수성수(외선),성수성수(내선),신도림성수(외선),성수성수(내선)
13:26,13:35,15:54,15:47
성수성수(외선),성수성수(내선),성수성수(외선),성수성수(내선)
13:31,13:41,15:59,15:53
성수성수(외선),성수성수(내선),성수성수(외선),성수성수(내선)
13:36,13:46,-,15:58
성수성수(외선),성수성수(내선),-,성수성수(내선)
13:41,13:52,16:04,16:03
성수성수(외선),성수성수(내선),성수성수(외선),성수성수(내선)
13:47,13:58,16:09,16:08
성수성수(외선),성수성수(내선),성수성수(외선),성수성수(내선)
13:53,-,16:14,16:13
성수성수(외선),-,성수성수(외선),성수성수(내선)
13:58,-,16:19,16:18
성수성수(외선),-,성수성수(외선),성수성수(내선)
14:04,14:04,16:24,16:23
성수성수(외선),성수성수(내선),성수성수(외선),성수성수(내선)
14:10,14:10,16:29,16:29
성수성수(외선),성수성수(내선),성수성수(외선),성수성수(내선)
14:16,14:16,16:35,16:34
성수성수(외선),성수성수(내선),성수성수(외선),성수성수(내선)
14:21,14:22,16:43,16:39
성수성수(외선),성수성수(내선),성수성수(외선),성수성수(내선)
14:27,14:28,16:49,16:43
성수성수(외선),성수성수(내선),신도림성수(외선),성수신도림
14:31,14:34,16:54,16:48
성수성수(외선),성수성수(내선),성수성수(외선),성수성수(내선)
14:36,14:40,16:59,16:53
성수성수(외선),성수성수(내선),성수성수(외선),성수성수(내선)
14:41,14:45,-,16:58
성수성수(외선),성수성수(내선),-,성수성수(내선)
14:46,14:50,17:04,17:02
성수성수(외선),성수성수(내선),성수성수(외선),성수신도림
14:51,14:57,17:10,17:06
성수성수(외선),성수성수(내선),성수성수(외선),성수성수(내선)
14:56,-,17:16,17:10
성수성수(외선),-,성수성수(외선),성수성수(내선)
15:01,15:05,17:22,17:13
성수성수(외선),성수성수(내선),성수성수(외선),성수성수(내선)
15:06,15:11,17:29,17:18
성수성수(외선),성수성수(내선),성수성수(외선),성수성수
15:11,15:16,17:34,17:24
성수성수(외선),성수성수(내선),성수성수(외선),성수성수(내선)
15:17,15:22,17:39,17:29
성수성수(외선),성수성수(내선),성수성수(외선),성수성수(내선)
15:23,15:28,17:45,17:34
성수성수(외선),성수성수(내선),성수성수(외선),성수성수(내선)
15:28,15:34,17:51,17:38
성수성수(외선),성수성수(내선),성수성수(외선),성수신도림
15:34,15:40,17:54,17:43
성수성수(외선),성수성수(내선),성수성수,성수성수(내선)
15:40,15:46,17:57,17:48
성수성수(외선),성수성수(내선),성수성수(외선),성수성수(내선)
15:46,15:52,-,17:54
성수성수(외선),성수성수(내선),-,성수성수(내선)
15:51,15:58,-,17:59
성수성수(외선),성수성수(내선),-,성수성수(내선)
15:56,-,18:03,18:05
성수성수(외선),-,성수성수(외선),성수성수(내선)
16:00,16:04,18:08,18:10
성수성수(외선),성수성수(내선),성수성수(외선),성수성수(내선)
16:06,16:10,18:13,18:16
성수성수(외선),성수성수(내선),성수성수(외선),성수성수(내선)
16:11,16:15,18:19,18:21
성수성수(외선),성수성수(내선),성수성수(외선),성수성수(내선)
16:16,16:21,18:24,18:27
성수성수(외선),성수성수(내선),성수성수(외선),성수성수(내선)
16:20,16:26,18:29,18:32
성수성수(외선),성수성수(내선),성수성수(외선),성수성수(내선)
16:26,16:31,18:35,18:38
성수성수(외선),성수성수(내선),성수성수(외선),성수성수(내선)
16:31,16:35,18:40,18:43
성수성수(외선),성수성수(내선),성수성수(외선),성수성수(내선)
16:35,16:41,18:47,18:49
성수성수(외선),성수성수(내선),성수성수(외선),성수성수(내선)
16:42,16:46,18:53,18:54
성수성수(외선),성수성수(내선),성수성수(외선),성수성수(내선)
16:46,16:52,18:58,-
성수성수(외선),성수성수(내선),성수성수(외선),-
16:53,16:55,19:04,19:00
성수성수(외선),성수성수(내선),성수성수(외선),성수성수(내선)
16:58,16:58,19:09,19:05
성수성수(외선),성수성수(내선),성수성수(외선),성수성수(내선)
17:04,17:04,19:15,19:11
성수성수(외선),성수성수(내선),성수성수(외선),성수성수(내선)
17:10,17:10,19:21,19:16
성수성수(외선),성수성수(내선),성수성수(외선),성수성수(내선)
17:13,17:16,19:27,19:22
신도림성수(외선),성수성수(내선),성수성수(외선),성수성수(내선)
17:16,17:21,19:33,19:27
성수성수(외선),성수성수(내선),성수성수(외선),성수성수(내선)
17:22,17:24,19:39,19:33
성수성수(외선),성수성수(내선),성수성수(외선),성수성수(내선)
17:26,17:29,19:45,19:38
성수성수(외선),성수성수(내선),성수성수(외선),성수성수(내선)
17:30,17:34,19:50,19:44
성수성수(외선),성수성수(내선),성수성수(외선),성수성수(내선)
17:33,17:37,19:56,19:49
성수성수(외선),성수성수(내선),신도림성수(외선),성수성수(내선)
17:37,17:40,19:59,19:55
성수성수(외선),성수성수(내선),성수성수,성수성수(내선)
17:41,17:45,20:03,20:00
성수성수(외선),성수성수(내선),성수성수(외선),성수성수(내선)
17:46,17:48,20:09,20:06
성수성수(외선),성수성수(내선),성수성수(외선),성수성수(내선)
17:50,17:51,20:15,20:12
성수성수(외선),성수성수(내선),성수성수(외선),성수성수(내선)
17:53,17:54,20:21,20:17
성수성수(외선),성수성수(내선),성수성수(외선),성수성수(내선)
17:57,17:57,20:27,20:22
성수성수(외선),성수성수(내선),성수성수(외선),성수신도림
18:01,18:01,20:33,20:28
성수성수(외선),성수성수(내선),성수성수(외선),성수성수(내선)
18:05,18:05,20:39,20:33
성수성수(외선),성수성수(내선),성수성수(외선),성수성수(내선)
18:09,18:08,20:45,20:39
신도림성수(외선),성수성수(내선),성수성수(외선),성수성수(내선)
18:12,18:11,20:51,20:46
성수성수(외선),성수성수(내선),성수성수(외선),성수성수(내선)
18:16,18:16,20:57,20:52
성수성수(외선),성수성수(내선),성수성수(외선),성수성수(내선)
18:20,18:19,-,20:57
성수성수(외선),성수성수(내선),-,성수신도림
18:24,18:22,21:03,21:02
성수성수(외선),성수성수(내선),성수성수(외선),성수성수(내선)
18:28,18:24,21:09,21:07
성수성수(외선),성수성수(내선),성수성수(외선),성수성수(내선)
18:31,18:26,21:15,21:13
성수성수(외선),성수성수(내선),성수성수(외선),성수성수(내선)
18:34,18:28,21:21,21:19
성수성수(외선),성수성수(내선),성수성수(외선),성수성수(내선)
18:40,18:31,21:27,21:25
성수성수(외선),성수성수(내선),성수성수(외선),성수신도림
18:43,18:35,21:33,21:30
성수성수(외선),성수성수(내선),성수성수(외선),성수성수(내선)
18:46,18:40,21:39,21:37
성수성수(외선),성수성수,성수성수(외선),성수성수(내선)
18:49,18:43,21:45,21:43
성수성수(외선),성수성수(내선),성수성수(외선),성수성수(내선)
18:52,18:46,21:51,21:50
성수성수(외선),성수성수(내선),성수성수(외선),성수성수(내선)
18:56,18:49,21:57,21:56
성수성수(외선),성수성수(내선),성수성수(외선),성수신도림
-,18:52,22:03,22:02
-,성수성수(내선),성수성수(외선),성수성수(내선)
-,18:55,22:10,22:09
-,성수성수,성수성수(외선),성수신도림
-,18:59,22:16,22:16
-,성수성수(내선),성수성수(외선),성수성수
19:00,19:04,22:23,22:23막
성수성수(외선),성수성수(내선),성수성수(외선),성수성수(내선)
19:03,19:08,22:27,22:30
성수성수(외선),성수성수(내선),성수성수,성수신도림
19:07,19:10,22:30,22:36
성수성수(외선),성수신도림,성수성수(외선),성수성수
19:11,19:13,22:37,22:43막
성수성수(외선),성수성수(내선),성수성수(외선),성수성수
19:16,19:15,22:44,22:51
성수성수(외선),성수성수,성수성수(외선),성수신도림
19:20,19:18,22:49,22:58막
성수성수(외선),성수성수(내선),성수성수,성수을지로입구
19:23,19:21,22:58,-
성수성수(외선),성수성수(내선),성수성수(외선),-
19:27,19:24,23:07,23:06
성수성수(외선),성수성수(내선),성수성수(외선),성수신도림
19:31,19:28,23:13,23:13막
성수성수(외선),성수성수,성수성수(외선),성수홍대입구
19:35,19:31,23:22,23:21막
성수성수(외선),성수성수(내선),성수성수(외선),성수신도림
19:39,19:35,23:31막,23:33막
성수성수(외선),성수성수(내선),성수성수(외선),성수서울대입구
19:42,19:38,23:37,23:54막
성수성수,성수성수(내선),성수성수,성수삼성
19:45,19:41,23:43,-
성수성수(외선),성수성수,성수성수,-
19:50,19:45,23:50막,-
성수성수(외선),성수성수(내선),성수성수,-
19:54,19:49,-,-
성수성수(외선),성수성수(내선),-,-
19:58,19:52,-,-
성수성수,성수성수,-,-
-,19:55,-,-
-,성수성수(내선),-,-
-,19:58,-,-
-,성수신도림,-,-
20:01,20:02,-,-
성수성수(외선),성수성수(내선),-,-
20:09,20:07,-,-
성수성수,성수성수,-,-
20:13,20:13,-,-
성수성수(외선),성수성수(내선),-,-
20:19,20:16,-,-
성수성수(외선),성수신도림,-,-
20:23,20:19,-,-
성수성수(외선),성수성수(내선),-,-
20:30,20:23,-,-
성수성수(외선),성수성수(내선),-,-
20:33,20:29,-,-
성수성수(외선),성수성수(내선),-,-
20:41,20:34,-,-
성수성수(외선),성수성수(내선),-,-
20:46,20:39,-,-
성수성수(외선),성수성수(내선),-,-
20:50,20:43,-,-
성수성수(외선),성수신도림,-,-
20:53,20:47,-,-
성수성수(외선),성수성수(내선),-,-
20:58,20:51,-,-
성수성수(외선),성수성수(내선),-,-
-,20:56,-,-
-,성수성수(내선),-,-
21:04,21:01,-,-
성수성수(외선),성수성수(내선),-,-
21:10,21:05,-,-
성수성수(외선),성수성수,-,-
21:15,21:09,-,-
성수성수(외선),성수성수(내선),-,-
21:20,21:15,-,-
성수성수(외선),성수성수(내선),-,-
21:25,21:20,-,-
성수성수(외선),성수성수(내선),-,-
21:32,21:26,-,-
성수성수(외선),성수성수(내선),-,-
21:42,21:33,-,-
성수성수(외선),성수성수(내선),-,-
21:50,21:42,-,-
성수성수(외선),성수성수(내선),-,-
21:56,21:49,-,-
성수성수(외선),성수성수(내선),-,-
-,21:54,-,-
-,성수성수(내선),-,-
22:04,22:00,-,-
성수성수(외선),성수성수(내선),-,-
22:11,22:05,-,-
성수성수(외선),성수성수(내선),-,-
22:16,22:10,-,-
성수성수(외선),성수성수(내선),-,-
22:25,22:16,-,-
성수성수(외선),성수성수(내선),-,-
22:34,22:21,-,-
성수성수(외선),성수신도림,-,-
22:40,22:26,-,-
성수성수(외선),성수성수(내선),-,-
22:45,22:32,-,-
성수성수(외선),성수신도림,-,-
22:51,22:39,-,-
성수성수(외선),성수성수(내선),-,-
22:56,22:45,-,-
성수성수(외선),성수신도림,-,-
-,22:50,-,-
-,성수성수(내선),-,-
-,22:57,-,-
-,성수성수,-,-
23:04,23:04,-,-
성수성수(외선),성수성수(내선),-,-
23:12,23:13,-,-
성수성수(외선),성수성수,-,-
23:20,23:19,-,-
성수성수(외선),성수신도림,-,-
23:27,23:24막,-,-
성수성수(외선),성수성수(내선),-,-
23:35,23:30,-,-
성수성수(외선),성수신도림,-,-
23:46,23:35,-,-
성수성수(외선),성수성수,-,-
23:56,23:41막,-,-
성수성수(외선),성수성수,-,-
-,23:48,-,-
-,성수신도림,-,-
-,23:57막,-,-
-,성수을지로입구,-,-
0:04,00:09막,-,-
성수성수,성수홍대입구,-,-
0:11,00:21막,-,-
성수성수(외선),성수신도림,-,-
0:22,00:34막,-,-
성수성수(외선),성수서울대입구,-,-
00:35막,00:54막,-,-
성수성수(외선),성수삼성,-,-
00:50막,-,-,-
성수성수,-,-,-
