﻿왕십리방면,뚝섬방면,왕십리방면,뚝섬방면
평일,평일,주말,주말
05:33첫,05:42첫,05:33첫,05:43첫
성수성수(외선),을지로입구성수(내선),성수성수(외선),을지로입구성수(내선)
5:42,5:54,5:43,5:53
성수성수(외선),홍대입구성수(내선),성수성수(외선),홍대입구성수(내선)
5:52,-,5:50,-
성수성수(외선),-,성수성수(외선),-
6:01,6:05,5:57,-
성수성수(외선),신도림성수(내선),성수성수(외선),-
6:11,6:12,6:03,6:05
성수성수(외선),신도림성수(내선),성수성수(외선),신도림성수(내선)
6:20,6:19,6:10,6:11
성수성수(외선),서울대입구성수(내선),성수성수(외선),신도림성수(내선)
6:25,6:25,6:16,6:17
성수성수(외선),신도림성수(내선),성수성수(외선),서울대입구성수(내선)
6:30,6:32,6:22,6:23
성수성수(외선),신도림성수(내선),성수성수(외선),신도림성수(내선)
6:36,6:39,6:29,6:29
성수성수(외선),삼성성수(내선),성수성수(외선),신도림성수(내선)
6:39,6:45,6:35,6:35
성수성수(외선),신도림성수(내선),성수성수(외선),삼성성수(내선)
6:42,6:52,6:40,6:43
성수성수(외선),신도림성수(내선),성수성수(외선),신도림성수(내선)
6:47,6:56,6:46,6:49
성수성수(외선),성수성수(내선),성수성수(외선),신도림성수(내선)
6:50,-,6:52,6:54
성수성수(외선),-,성수성수(외선),성수성수(내선)
6:55,-,6:58,6:59
성수성수(외선),-,성수성수(외선),신도림성수(내선)
7:02,7:02,7:04,7:04
성수성수(외선),신도림성수(내선),성수성수(외선),성수성수(내선)
7:07,7:07,7:10,7:10
성수성수(외선),성수성수(내선),성수성수(외선),성수성수(내선)
7:13,7:14,7:16,7:16
성수성수(외선),성수성수(내선),성수성수(외선),신도림성수(내선)
7:18,7:21,7:22,7:21
성수성수(외선),성수성수(내선),성수성수(외선),성수성수(내선)
7:23,7:25,7:28,7:27
성수성수(외선),성수성수(내선),성수성수(외선),성수성수(내선)
7:28,7:28,7:34,7:32
성수성수(외선),신도림성수(내선),성수성수(외선),성수성수(내선)
7:33,7:31,7:40,7:37
성수성수,성수성수(내선),성수성수,성수성수(내선)
7:39,7:37,7:46,7:44
성수성수(외선),성수성수(내선),성수성수(외선),성수성수(내선)
7:43,7:40,7:52,7:49
성수성수(외선),신도림성수(내선),성수성수(외선),성수성수(내선)
7:46,7:44,7:58,7:54
성수성수(외선),성수성수(내선),성수성수(외선),성수성수(내선)
7:48,7:50,8:04,8:00
성수성수(외선),성수성수(내선),성수성수,성수성수(내선)
7:52,7:54,8:10,8:05
성수성수(외선),성수성수(내선),성수성수(외선),성수성수(내선)
7:55,7:57,8:15,8:11
성수성수(외선),성수성수(내선),성수성수(외선),성수성수(내선)
7:58,-,8:21,8:17
성수성수(외선),-,성수성수(외선),성수성수(내선)
8:02,8:00,8:27,8:22
성수성수(외선),신도림성수(내선),성수성수(외선),성수성수(내선)
8:05,8:04,8:33,8:27
성수성수(외선),성수성수(내선),성수성수,성수성수(내선)
8:08,8:08,8:38,8:33
성수성수,성수성수(내선),성수성수(외선),성수성수(내선)
8:11,8:11,8:43,8:38
성수성수(외선),성수성수(내선),성수성수(외선),성수성수(내선)
8:14,8:14,8:48,8:44
성수성수(외선),신도림성수(내선),성수성수(외선),성수성수(내선)
8:17,8:18,8:54,8:49
성수성수(외선),성수성수(내선),성수성수(외선),성수성수(내선)
8:20,8:22,8:59,8:55
성수성수,성수성수(내선),성수성수(외선),성수성수(내선)
8:23,8:25,9:05,9:00
성수성수(외선),성수성수(내선),성수성수(외선),성수성수(내선)
8:26,8:29,9:10,9:06
성수신도림,성수성수(내선),성수성수(외선),성수성수(내선)
8:28,8:32,9:16,9:11
성수성수(외선),성수성수(내선),성수성수(외선),성수성수(내선)
8:32,8:36,9:22,9:17
성수성수,성수성수(내선),성수신도림,성수성수(내선)
8:35,8:40,9:28,9:22
성수성수(외선),성수성수(내선),성수성수(외선),성수성수(내선)
8:39,8:44,9:34,9:28
성수신도림,성수성수(내선),성수성수(외선),성수성수(내선)
8:41,8:47,9:40,9:33
성수성수(외선),성수성수(내선),성수성수(외선),성수성수(내선)
8:44,8:51,9:46,9:39
성수성수(외선),성수성수(내선),성수성수(외선),성수성수(내선)
8:46,8:54,9:51,9:44
성수성수,성수성수(내선),성수성수(외선),성수성수(내선)
8:49,8:58,9:57,9:50
성수성수(외선),성수성수(내선),성수성수(외선),성수성수(내선)
8:51,-,-,9:55
성수성수(외선),-,-,성수성수(내선)
8:54,-,10:02,10:01
성수성수(외선),-,성수성수(외선),성수성수(내선)
8:56,-,10:07,10:06
성수성수,-,성수성수(외선),성수성수(내선)
8:59,-,10:13,10:11
성수성수(외선),-,성수성수(외선),성수성수(내선)
9:01,9:01,10:18,10:15
성수성수(외선),성수성수(내선),성수성수(외선),성수성수
9:04,9:04,10:24,10:17
성수성수(외선),성수성수(내선),성수성수(외선),신도림성수(내선)
9:08,9:07,10:29,10:22
성수성수(외선),성수성수(내선),성수성수(외선),성수성수(내선)
9:11,9:11,10:35,10:28
성수성수(외선),성수성수(내선),성수성수(외선),성수성수(내선)
9:14,9:14,10:40,10:33
성수신도림,성수성수(내선),성수성수(외선),성수성수(내선)
9:16,9:17,10:45,10:38
성수성수,성수성수(내선),성수성수(외선),성수성수(내선)
9:19,9:20,10:52,10:44
성수성수(외선),성수성수(내선),성수성수(외선),성수성수(내선)
9:21,9:22,10:56,10:49
성수신도림,성수성수(내선),성수성수(외선),성수성수(내선)
9:24,9:26,-,10:54
성수성수(외선),성수성수(내선),-,성수성수(내선)
9:27,9:29,-,10:57
성수성수,성수성수,-,성수성수
9:30,9:32,11:02,11:02
성수신도림,성수성수(내선),성수성수(외선),성수성수(내선)
9:33,9:36,11:07,11:07
성수성수(외선),성수성수(내선),성수성수(외선),성수성수(내선)
9:37,9:40,11:13,11:13
성수성수(외선),성수성수(내선),성수성수(외선),성수성수(내선)
9:42,9:43,11:18,11:18
성수성수(외선),성수성수,성수성수(외선),성수성수(내선)
9:45,9:46,11:23,11:24
성수신도림,성수성수(내선),성수성수(외선),성수성수(내선)
9:48,9:50,11:28,11:28
성수성수(외선),성수성수(내선),성수성수(외선),신도림성수(내선)
9:54,9:53,11:33,11:32
성수성수(외선),성수성수(내선),성수성수(외선),성수성수(내선)
9:59,9:56,11:38,11:36
성수성수(외선),성수성수(내선),성수성수(외선),성수성수
10:06,10:00,11:43,11:41
성수성수(외선),성수성수,성수성수(외선),성수성수(내선)
10:12,10:03,11:48,11:47
성수성수(외선),성수성수(내선),성수성수(외선),성수성수(내선)
10:15,10:07,11:53,11:52
성수성수(외선),성수성수(내선),성수성수(외선),성수성수(내선)
10:19,10:11,11:58,11:57
성수성수(외선),성수성수(내선),성수성수(외선),성수성수(내선)
10:21,10:15,12:03,12:01
성수신도림,성수성수(내선),성수성수(외선),성수성수(내선)
10:24,10:18,12:08,12:06
성수성수(외선),성수성수,성수성수(외선),성수성수(내선)
10:29,10:21,12:13,12:10
성수성수(외선),성수성수(내선),성수성수(외선),성수성수(내선)
10:31,10:25,12:19,12:15
성수신도림,성수성수(내선),성수성수(외선),성수성수(내선)
10:34,10:28,12:26,12:19
성수성수(외선),성수성수,성수성수(외선),성수성수(내선)
10:39,10:31,12:33,12:25
성수성수(외선),성수성수(내선),성수성수(외선),성수성수(내선)
10:43,10:34,12:38,12:33
성수성수(외선),성수성수(내선),성수성수(외선),성수성수(내선)
10:49,10:37,12:43,12:39
성수성수(외선),성수성수(내선),성수성수(외선),성수성수(내선)
10:54,10:44,12:48,12:44
성수성수(외선),성수성수(내선),성수성수(외선),성수성수(내선)
-,10:47,12:53,12:49
-,성수성수(내선),성수성수(외선),성수성수(내선)
-,10:50,12:58,12:54
-,성수성수(내선),성수성수(외선),성수성수(내선)
-,10:56,-,12:59
-,성수성수(내선),-,성수성수(내선)
11:02,11:02,13:03,13:04
성수성수(외선),성수성수(내선),성수성수(외선),성수성수(내선)
11:07,11:09,13:08,13:11
성수성수(외선),성수성수(내선),성수성수(외선),성수성수(내선)
11:12,11:16,13:13,13:17
성수성수(외선),성수성수(내선),성수성수(외선),성수성수(내선)
11:18,11:22,13:18,13:22
성수성수(외선),성수성수(내선),성수성수(외선),성수성수(내선)
11:24,11:27,13:23,13:27
성수성수(외선),성수성수(내선),성수성수(외선),성수성수(내선)
11:29,11:32,13:28,13:31
성수성수(외선),성수성수(내선),성수성수(외선),성수성수(내선)
11:35,11:37,13:33,13:36
성수성수(외선),성수성수(내선),성수성수(외선),성수성수(내선)
11:42,11:42,13:38,13:40
성수성수(외선),성수성수(내선),성수성수(외선),성수성수(내선)
11:46,11:52,13:43,13:45
성수성수(외선),성수성수(내선),성수성수(외선),성수성수(내선)
11:50,11:57,13:49,13:49
성수성수(외선),성수성수(내선),성수성수(외선),성수성수(내선)
11:55,-,13:56,13:56
성수성수(외선),-,성수성수(외선),성수성수(내선)
12:00,12:02,14:03,14:03
성수성수(외선),성수성수(내선),성수성수(외선),성수성수(내선)
12:05,12:08,14:08,14:09
성수성수(외선),성수성수(내선),성수성수(외선),성수성수(내선)
12:10,12:14,14:13,14:14
성수성수(외선),성수성수(내선),성수성수(외선),성수성수(내선)
12:15,12:20,14:18,14:19
성수성수(외선),성수성수(내선),성수성수(외선),성수성수(내선)
12:20,12:26,14:23,14:24
성수성수(외선),성수성수(내선),성수성수(외선),성수성수(내선)
12:25,12:32,14:28,14:29
성수성수(외선),성수성수(내선),성수성수(외선),성수성수(내선)
12:31,12:38,14:33,14:34
성수성수(외선),성수성수(내선),성수신도림,성수성수(내선)
12:37,12:44,14:38,14:42
성수성수(외선),성수성수(내선),성수성수(외선),성수성수(내선)
12:42,12:50,14:43,14:48
성수성수(외선),성수성수(내선),성수성수(외선),성수성수(내선)
12:48,12:56,14:48,14:53
성수성수(외선),성수성수(내선),성수성수(외선),성수성수(내선)
12:54,-,14:53,14:58
성수성수(외선),-,성수성수(외선),성수성수(내선)
13:00,13:01,14:58,-
성수성수(외선),성수성수(내선),성수성수(외선),-
13:05,13:06,15:03,15:02
성수성수(외선),성수성수(내선),성수성수(외선),성수성수(내선)
13:11,13:12,15:08,15:07
성수성수(외선),성수성수(내선),성수성수(외선),성수성수(내선)
13:16,13:21,15:13,15:10
성수성수(외선),성수성수(내선),성수성수(외선),성수성수(내선)
13:20,13:27,15:19,15:15
성수성수(외선),성수성수(내선),성수성수(외선),성수성수(내선)
13:25,13:32,15:27,15:19
성수성수(외선),성수성수(내선),성수성수(외선),성수성수(내선)
13:30,13:38,15:33,15:26
성수성수(외선),성수성수(내선),성수신도림,성수성수(내선)
13:35,13:44,15:38,15:33
성수성수(외선),성수성수(내선),성수성수(외선),성수성수(내선)
13:40,13:50,15:43,15:39
성수성수(외선),성수성수(내선),성수성수(외선),성수성수(내선)
13:45,13:56,15:48,15:44
성수성수(외선),성수성수(내선),성수성수(외선),성수성수(내선)
13:50,-,15:53,15:47
성수성수(외선),-,성수성수(외선),성수성수
13:55,-,15:58,15:54
성수성수(외선),-,성수신도림,성수성수(내선)
14:01,14:02,-,15:59
성수성수(외선),성수성수(내선),-,성수성수(내선)
14:07,14:08,16:03,16:04
성수성수(외선),성수성수(내선),성수성수(외선),성수성수(내선)
14:12,14:14,16:08,16:09
성수성수(외선),성수성수(내선),성수성수(외선),성수성수(내선)
14:18,14:20,16:13,16:14
성수성수(외선),성수성수(내선),성수성수(외선),성수성수(내선)
14:24,14:26,16:18,16:19
성수성수(외선),성수성수(내선),성수성수(외선),성수성수(내선)
14:30,14:31,16:23,16:24
성수성수(외선),성수성수(내선),성수성수(외선),성수성수(내선)
14:35,14:36,16:28,16:29
성수성수(외선),성수성수(내선),성수성수(외선),성수성수(내선)
14:41,14:43,16:33,16:34
성수성수(외선),성수성수(내선),성수성수(외선),성수성수(내선)
14:45,14:51,16:38,16:39
성수성수(외선),성수성수(내선),성수성수,성수성수(내선)
14:50,14:57,16:43,16:44
성수성수(외선),성수성수(내선),성수성수(외선),성수성수(내선)
14:55,-,16:49,16:48
성수성수(외선),-,성수성수(외선),성수성수(내선)
15:00,15:02,16:53,16:56
성수성수(외선),성수성수(내선),성수성수(외선),성수성수(내선)
15:05,15:08,16:58,-
성수성수(외선),성수성수(내선),성수성수(외선),-
15:10,15:14,17:03,17:03
성수성수(외선),성수성수(내선),성수성수(외선),성수성수(내선)
15:15,15:20,17:08,17:09
성수성수(외선),성수성수(내선),성수성수(외선),성수성수(내선)
15:20,15:26,17:13,17:14
성수성수(외선),성수성수(내선),성수성수(외선),성수성수(내선)
15:25,15:32,17:19,17:19
성수성수(외선),성수성수(내선),성수성수(외선),성수성수(내선)
15:31,15:38,17:25,17:24
성수성수(외선),성수성수(내선),성수성수(외선),성수성수(내선)
15:37,15:44,17:31,17:29
성수성수(외선),성수성수(내선),성수성수(외선),성수성수(내선)
15:42,15:50,17:37,17:34
성수성수(외선),성수성수(내선),성수신도림,성수성수(내선)
15:48,15:56,17:40,17:39
성수성수(외선),성수성수(내선),성수성수(외선),성수성수(내선)
15:54,-,17:43,17:45
성수성수(외선),-,성수성수(외선),성수성수(내선)
16:00,16:01,17:48,17:50
성수성수(외선),성수성수(내선),성수성수(외선),성수성수(내선)
16:05,16:06,17:54,17:56
성수성수(외선),성수성수(내선),성수성수(외선),성수성수(내선)
16:10,16:12,17:59,-
성수성수(외선),성수성수(내선),성수성수(외선),-
16:14,16:17,18:05,18:01
성수성수(외선),신도림성수(내선),성수성수(외선),성수성수(내선)
16:18,16:21,18:11,18:07
성수성수(외선),성수성수(내선),성수성수(외선),성수성수(내선)
16:21,16:27,18:17,18:12
성수성수(외선),성수성수(내선),성수성수(외선),성수성수(내선)
16:25,16:32,18:22,18:18
성수성수(외선),성수성수(내선),성수성수(외선),성수성수(내선)
16:30,16:38,18:28,18:24
성수성수(외선),성수성수(내선),성수성수(외선),성수성수(내선)
16:34,16:44,18:33,18:29
성수성수(외선),성수성수(내선),성수성수(외선),성수성수(내선)
16:38,16:50,18:37,18:32
성수성수(외선),성수성수(내선),성수신도림,성수성수
16:41,16:56,18:44,18:35
성수성수(외선),성수성수(내선),성수성수,신도림성수(내선)
16:45,-,18:49,18:40
성수성수(외선),-,성수성수(외선),성수성수(내선)
16:49,-,18:55,18:45
성수성수(외선),-,성수성수(외선),성수성수(내선)
16:56,-,-,18:51
성수성수(외선),-,-,성수성수(내선)
17:00,17:02,-,18:56
성수성수(외선),성수성수(내선),-,성수성수(내선)
17:04,17:09,19:01,19:02
성수성수(외선),성수성수(내선),성수성수(외선),성수성수(내선)
17:08,17:14,19:07,19:07
성수성수(외선),성수성수(내선),성수성수(외선),성수성수(내선)
17:12,17:20,19:13,19:13
성수성수(외선),성수성수(내선),성수성수(외선),성수성수(내선)
17:15,17:26,19:18,19:18
성수성수(외선),성수성수(내선),성수성수(외선),성수성수(내선)
17:18,17:31,19:24,19:24
성수성수(외선),성수성수(내선),성수성수(외선),성수성수(내선)
17:24,17:33,19:29,19:29
성수성수(외선),신도림성수(내선),성수성수(외선),성수성수(내선)
17:27,17:37,19:35,19:35
성수성수(외선),성수성수(내선),성수성수(외선),성수성수(내선)
17:30,17:42,19:41,19:40
성수성수(외선),성수성수(내선),성수성수(외선),성수성수(내선)
17:33,17:47,19:47,19:46
성수성수(외선),성수성수(내선),성수성수(외선),성수성수(내선)
17:36,17:51,19:53,19:51
성수성수(외선),성수성수(내선),성수성수(외선),성수성수(내선)
17:40,17:57,19:59,19:57
성수성수(외선),성수성수(내선),성수성수(외선),성수성수(내선)
17:44,-,20:05,20:02
성수성수(외선),-,성수성수(외선),성수성수(내선)
17:48,-,20:11,20:08
성수성수(외선),-,성수성수(외선),성수성수(내선)
17:51,-,20:17,20:13
성수성수(외선),-,성수성수(외선),성수성수(내선)
17:55,-,20:23,20:19
성수성수(외선),-,성수성수(외선),성수성수(내선)
18:00,18:02,20:29,20:25
성수성수(외선),성수성수(내선),성수성수(외선),성수성수(내선)
18:04,18:05,20:35,20:31
성수성수(외선),신도림성수(내선),성수성수(외선),성수성수(내선)
18:08,18:08,20:41,20:37
성수성수(외선),성수성수(내선),성수성수(외선),성수성수(내선)
18:11,18:11,20:47,20:42
성수성수(외선),성수성수(내선),성수성수(외선),성수성수(내선)
18:15,18:14,20:53,20:47
성수성수(외선),성수성수(내선),성수성수(외선),성수성수(내선)
18:19,18:17,20:59,20:52
성수성수(외선),신도림성수(내선),성수성수(외선),성수성수(내선)
18:23,18:20,-,20:58
성수성수(외선),성수성수(내선),-,성수성수(내선)
18:26,18:26,21:05,21:04
성수성수,성수성수(내선),성수성수(외선),성수성수(내선)
18:30,18:29,21:11,21:10
성수성수(외선),신도림성수(내선),성수성수,성수성수(내선)
18:34,18:32,21:17,21:16
성수성수(외선),성수성수(내선),성수성수(외선),성수성수(내선)
18:38,18:35,21:23,21:22
성수성수(외선),신도림성수(내선),성수성수(외선),성수성수(내선)
18:42,18:38,21:29,21:28
성수성수,성수성수(내선),성수성수(외선),성수성수(내선)
18:45,18:41,21:35,21:34
성수성수(외선),성수성수(내선),성수성수,성수성수(내선)
18:49,18:45,21:41,21:41
성수신도림,성수성수(내선),성수성수(외선),성수성수(내선)
18:54,18:50,21:47,21:48
성수성수,성수성수(내선),성수성수(외선),성수성수(내선)
18:57,18:53,21:53,21:55
성수성수(외선),성수성수(내선),성수신도림,성수성수(내선)
-,18:56,21:59,-
-,성수성수(내선),성수성수(외선),-
-,18:58,22:05,22:01
-,신도림성수(내선),성수성수(외선),성수성수(내선)
19:00,19:01,22:11,22:08
성수신도림,성수성수(내선),성수신도림,성수성수(내선)
19:03,19:03,22:18막,22:16
성수성수(외선),성수성수(내선),성수성수(외선),성수성수(내선)
19:06,19:07,22:24,22:22
성수성수(외선),성수성수(내선),성수성수,성수성수(내선)
19:10,19:10,22:31,22:29
성수신도림,성수성수(내선),성수성수,성수성수(내선)
19:14,19:13,22:37막,22:36
성수성수(외선),성수성수(내선),성수성수,성수성수(내선)
19:18,19:17,22:44,22:44
성수성수(외선),성수성수(내선),성수신도림,성수성수(내선)
19:21,19:21,22:51막,22:52
성수신도림,성수성수(내선),성수삼성,성수성수(내선)
19:25,19:24,22:58,22:58
성수성수(외선),성수성수(내선),성수신도림,성수성수(내선)
19:30,19:27,23:13막,23:06
성수성수(외선),성수성수(내선),성수서울대입구,성수성수(내선)
19:34,19:31,23:21,23:17
성수성수(외선),성수성수(내선),성수신도림,성수성수(내선)
19:38,19:35,23:27막,23:28
성수성수(외선),성수성수(내선),성수신도림,성수성수
19:41,19:38,23:36막,23:38막
성수성수(외선),성수성수(내선),성수홍대입구,성수성수(내선)
19:45,19:40,23:45막,23:49
성수신도림,성수성수(내선),성수을지로입구,성수성수
19:49,19:42,-,23:57막
성수성수(외선),성수성수(내선),-,성수성수
19:54,19:44,-,-
성수성수(외선),성수성수(내선),-,-
19:59,19:47,-,-
성수성수(외선),성수성수(내선),-,-
-,19:52,-,-
-,성수성수(내선),-,-
-,19:56,-,-
-,성수성수,-,-
-,19:59,-,-
-,성수성수(내선),-,-
20:04,20:02,-,-
성수성수(외선),성수성수(내선),-,-
20:09,20:05,-,-
성수성수(외선),성수성수(내선),-,-
20:16,20:08,-,-
성수성수(외선),성수성수(내선),-,-
20:27,20:11,-,-
성수성수(외선),성수성수,-,-
20:33,20:15,-,-
성수성수(외선),성수성수(내선),-,-
20:38,20:20,-,-
성수성수(외선),성수성수(내선),-,-
20:44,20:24,-,-
성수신도림,성수성수(내선),-,-
20:48,20:28,-,-
성수성수(외선),성수성수(내선),-,-
20:55,20:31,-,-
성수성수(외선),성수성수,-,-
-,20:33,-,-
-,성수성수(내선),-,-
-,20:37,-,-
-,성수성수(내선),-,-
-,20:41,-,-
-,성수성수(내선),-,-
-,20:44,-,-
-,성수성수,-,-
-,20:47,-,-
-,성수성수(내선),-,-
-,20:51,-,-
-,성수성수(내선),-,-
-,20:54,-,-
-,성수성수(내선),-,-
-,20:57,-,-
-,성수성수,-,-
21:00,21:01,-,-
성수성수(외선),성수성수(내선),-,-
21:04,21:05,-,-
성수신도림,성수성수(내선),-,-
21:08,21:08,-,-
성수성수(외선),성수성수,-,-
21:13,21:12,-,-
성수신도림,성수성수(내선),-,-
21:18,21:18,-,-
성수성수(외선),성수성수(내선),-,-
21:24,21:23,-,-
성수성수(외선),성수성수,-,-
21:29,21:28,-,-
성수성수(외선),성수성수(내선),-,-
21:35,21:35,-,-
성수성수(외선),성수성수(내선),-,-
21:40,21:39,-,-
성수성수(외선),성수성수(내선),-,-
21:47,21:46,-,-
성수성수(외선),성수성수(내선),-,-
21:57,21:50,-,-
성수성수(외선),성수성수(내선),-,-
-,21:56,-,-
-,성수성수(내선),-,-
22:04,22:02,-,-
성수성수(외선),성수성수(내선),-,-
22:11,22:07,-,-
성수성수(외선),성수성수(내선),-,-
22:19,22:12,-,-
성수성수(외선),성수성수(내선),-,-
22:25,22:17,-,-
성수신도림,성수성수(내선),-,-
22:30,22:21,-,-
성수성수(외선),성수성수,-,-
22:39,22:25,-,-
성수성수(외선),성수성수(내선),-,-
22:48,22:30,-,-
성수성수,성수성수(내선),-,-
22:55,22:36,-,-
성수성수(외선),성수성수(내선),-,-
-,22:42,-,-
-,성수성수(내선),-,-
-,22:49,-,-
-,성수성수(내선),-,-
-,22:58,-,-
-,성수성수(내선),-,-
23:00,23:05,-,-
성수신도림,성수성수(내선),-,-
23:06,23:10,-,-
성수성수(외선),성수성수(내선),-,-
23:11,23:16,-,-
성수신도림,성수성수(내선),-,-
23:19막,23:21,-,-
성수성수(외선),성수성수(내선),-,-
23:27,23:26,-,-
성수신도림,성수성수(내선),-,-
23:34막,23:33,-,-
성수성수,성수성수(내선),-,-
23:41,23:42,-,-
성수신도림,성수성수(내선),-,-
23:50막,23:55,-,-
성수삼성,성수성수(내선),-,-
0:00,0:06,-,-
성수신도림,성수성수(내선),-,-
00:11막,0:13,-,-
성수서울대입구,성수성수,-,-
00:25막,0:20,-,-
성수신도림,성수성수(내선),-,-
00:36막,0:29,-,-
성수홍대입구,성수성수,-,-
00:49막,00:40막,-,-
성수을지로입구,성수성수(내선),-,-
-,0:49,-,-
-,성수성수,-,-
-,00:57막,-,-
-,성수성수,-,-
